simulation,executedApplication,recordId,runner,runnerVersion,repeat,originalFilename,expectedFilename,predictedFilename,validFilename,exactMatch,semanticScore0To3,latencyMs,failure,note
true,false,fixture-0001,sim-reference-workflow,1.0.0,1,document_0001.txt,2026-01-01_Acme-Labs_invoice_REF-0001.txt,2026-01-01_Acme-Labs_invoice_REF-0001.txt,1,1,3,476,0,Seeded modeled result; no desktop or web application executed.
true,false,fixture-0001,sim-reference-workflow,1.0.0,2,document_0001.txt,2026-01-01_Acme-Labs_invoice_REF-0001.txt,2026-01-01_Acme-Labs_invoice_REF-0001.txt,1,1,3,582,0,Seeded modeled result; no desktop or web application executed.
true,false,fixture-0001,sim-reference-workflow,1.0.0,3,document_0001.txt,2026-01-01_Acme-Labs_invoice_REF-0001.txt,2026-01-01_Acme-Labs_invoice_REF-0001.txt,1,1,3,625,0,Seeded modeled result; no desktop or web application executed.
true,false,fixture-0001,sim-cloud-baseline,1.0.0,1,document_0001.txt,2026-01-01_Acme-Labs_invoice_REF-0001.txt,2026-01-01_invoice_REF-0001.txt,1,0,2,587,0,Seeded modeled result; no desktop or web application executed.
true,false,fixture-0001,sim-cloud-baseline,1.0.0,2,document_0001.txt,2026-01-01_Acme-Labs_invoice_REF-0001.txt,2026-01-01_Acme-Labs_invoice_REF-0001.txt,1,1,3,727,0,Seeded modeled result; no desktop or web application executed.
true,false,fixture-0001,sim-cloud-baseline,1.0.0,3,document_0001.txt,2026-01-01_Acme-Labs_invoice_REF-0001.txt,2026-01-01_Acme-Labs_invoice_REF-0001.txt,1,1,3,854,0,Seeded modeled result; no desktop or web application executed.
true,false,fixture-0001,sim-local-baseline,1.0.0,1,document_0001.txt,2026-01-01_Acme-Labs_invoice_REF-0001.txt,2026-01-01_Acme-Labs_invoice_REF-0001.txt,1,1,3,776,0,Seeded modeled result; no desktop or web application executed.
true,false,fixture-0001,sim-local-baseline,1.0.0,2,document_0001.txt,2026-01-01_Acme-Labs_invoice_REF-0001.txt,2026-01-01_Acme-Labs_invoice_REF-0001.txt,1,1,3,1188,0,Seeded modeled result; no desktop or web application executed.
true,false,fixture-0001,sim-local-baseline,1.0.0,3,document_0001.txt,2026-01-01_Acme-Labs_invoice_REF-0001.txt,2026-01-01_Acme-Labs_invoice_REF-0001.txt,1,1,3,919,0,Seeded modeled result; no desktop or web application executed.
true,false,fixture-0001,sim-rule-baseline,1.0.0,1,document_0001.txt,2026-01-01_Acme-Labs_invoice_REF-0001.txt,2026-01-01_invoice_REF-0001.txt,1,0,3,89,0,Seeded modeled result; no desktop or web application executed.
true,false,fixture-0001,sim-rule-baseline,1.0.0,2,document_0001.txt,2026-01-01_Acme-Labs_invoice_REF-0001.txt,2026-01-01_invoice_REF-0001.txt,1,0,1,99,0,Seeded modeled result; no desktop or web application executed.
true,false,fixture-0001,sim-rule-baseline,1.0.0,3,document_0001.txt,2026-01-01_Acme-Labs_invoice_REF-0001.txt,2026-01-01_invoice_REF-0001.txt,1,0,1,109,0,Seeded modeled result; no desktop or web application executed.
true,false,fixture-0002,sim-reference-workflow,1.0.0,1,document_0002.md,2026-02-02_Riverstone-Co_meeting-notes_REF-0002.md,2026-02-02_Riverstone-Co_meeting-notes_REF-0002.md,1,1,3,529,0,Seeded modeled result; no desktop or web application executed.
true,false,fixture-0002,sim-reference-workflow,1.0.0,2,document_0002.md,2026-02-02_Riverstone-Co_meeting-notes_REF-0002.md,2026-02-02_Riverstone-Co_meeting-notes_REF-0002.md,1,1,3,638,0,Seeded modeled result; no desktop or web application executed.
true,false,fixture-0002,sim-reference-workflow,1.0.0,3,document_0002.md,2026-02-02_Riverstone-Co_meeting-notes_REF-0002.md,2026-02-02_Riverstone-Co_meeting-notes_REF-0002.md,1,1,3,442,0,Seeded modeled result; no desktop or web application executed.
true,false,fixture-0002,sim-cloud-baseline,1.0.0,1,document_0002.md,2026-02-02_Riverstone-Co_meeting-notes_REF-0002.md,2026-02-02_Riverstone-Co_meeting-notes_REF-0002.md,1,1,3,587,0,Seeded modeled result; no desktop or web application executed.
true,false,fixture-0002,sim-cloud-baseline,1.0.0,2,document_0002.md,2026-02-02_Riverstone-Co_meeting-notes_REF-0002.md,2026-02-02_Riverstone-Co_meeting-notes_REF-0002.md,1,1,3,641,0,Seeded modeled result; no desktop or web application executed.
true,false,fixture-0002,sim-cloud-baseline,1.0.0,3,document_0002.md,2026-02-02_Riverstone-Co_meeting-notes_REF-0002.md,2026-02-02_Riverstone-Co_meeting-notes_REF-0002.md,1,1,3,823,0,Seeded modeled result; no desktop or web application executed.
true,false,fixture-0002,sim-local-baseline,1.0.0,1,document_0002.md,2026-02-02_Riverstone-Co_meeting-notes_REF-0002.md,2026-02-02_Riverstone-Co_meeting-notes_REF-0002.md,1,1,3,843,0,Seeded modeled result; no desktop or web application executed.
true,false,fixture-0002,sim-local-baseline,1.0.0,2,document_0002.md,2026-02-02_Riverstone-Co_meeting-notes_REF-0002.md,2026-02-02_meeting-notes_REF-0002.md,1,0,2,967,0,Seeded modeled result; no desktop or web application executed.
true,false,fixture-0002,sim-local-baseline,1.0.0,3,document_0002.md,2026-02-02_Riverstone-Co_meeting-notes_REF-0002.md,2026-02-02_Riverstone-Co_meeting-notes_REF-0002.md,1,1,3,1056,0,Seeded modeled result; no desktop or web application executed.
true,false,fixture-0002,sim-rule-baseline,1.0.0,1,document_0002.md,2026-02-02_Riverstone-Co_meeting-notes_REF-0002.md,2026-02-02_meeting-notes_REF-0002.md,1,0,1,104,0,Seeded modeled result; no desktop or web application executed.
true,false,fixture-0002,sim-rule-baseline,1.0.0,2,document_0002.md,2026-02-02_Riverstone-Co_meeting-notes_REF-0002.md,2026-02-02_meeting-notes_REF-0002.md,1,0,2,83,0,Seeded modeled result; no desktop or web application executed.
true,false,fixture-0002,sim-rule-baseline,1.0.0,3,document_0002.md,2026-02-02_Riverstone-Co_meeting-notes_REF-0002.md,2026-02-02_Riverstone-Co_meeting-notes_REF-0002.md,1,1,3,91,0,Seeded modeled result; no desktop or web application executed.
true,false,fixture-0003,sim-reference-workflow,1.0.0,1,document_0003.csv,2026-03-03_Bluebird-Health_invoice_REF-0003.csv,2026-03-03_Bluebird-Health_invoice_REF-0003.csv,1,1,3,417,0,Seeded modeled result; no desktop or web application executed.
true,false,fixture-0003,sim-reference-workflow,1.0.0,2,document_0003.csv,2026-03-03_Bluebird-Health_invoice_REF-0003.csv,2026-03-03_invoice_REF-0003.csv,1,0,3,636,0,Seeded modeled result; no desktop or web application executed.
true,false,fixture-0003,sim-reference-workflow,1.0.0,3,document_0003.csv,2026-03-03_Bluebird-Health_invoice_REF-0003.csv,2026-03-03_Bluebird-Health_invoice_REF-0003.csv,1,1,3,585,0,Seeded modeled result; no desktop or web application executed.
true,false,fixture-0003,sim-cloud-baseline,1.0.0,1,document_0003.csv,2026-03-03_Bluebird-Health_invoice_REF-0003.csv,2026-03-03_Bluebird-Health_invoice_REF-0003.csv,1,1,3,866,0,Seeded modeled result; no desktop or web application executed.
true,false,fixture-0003,sim-cloud-baseline,1.0.0,2,document_0003.csv,2026-03-03_Bluebird-Health_invoice_REF-0003.csv,2026-03-03_Bluebird-Health_invoice_REF-0003.csv,1,1,3,788,0,Seeded modeled result; no desktop or web application executed.
true,false,fixture-0003,sim-cloud-baseline,1.0.0,3,document_0003.csv,2026-03-03_Bluebird-Health_invoice_REF-0003.csv,2026-03-03_Bluebird-Health_invoice_REF-0003.csv,1,1,3,828,0,Seeded modeled result; no desktop or web application executed.
true,false,fixture-0003,sim-local-baseline,1.0.0,1,document_0003.csv,2026-03-03_Bluebird-Health_invoice_REF-0003.csv,2026-03-03_Bluebird-Health_invoice_REF-0003.csv,1,1,3,1146,0,Seeded modeled result; no desktop or web application executed.
true,false,fixture-0003,sim-local-baseline,1.0.0,2,document_0003.csv,2026-03-03_Bluebird-Health_invoice_REF-0003.csv,2026-03-03_Bluebird-Health_invoice_REF-0003.csv,1,1,3,945,0,Seeded modeled result; no desktop or web application executed.
true,false,fixture-0003,sim-local-baseline,1.0.0,3,document_0003.csv,2026-03-03_Bluebird-Health_invoice_REF-0003.csv,2026-03-03_Bluebird-Health_invoice_REF-0003.csv,1,1,3,816,0,Seeded modeled result; no desktop or web application executed.
true,false,fixture-0003,sim-rule-baseline,1.0.0,1,document_0003.csv,2026-03-03_Bluebird-Health_invoice_REF-0003.csv,2026-03-03_Bluebird-Health_invoice_REF-0003.csv,1,1,3,92,0,Seeded modeled result; no desktop or web application executed.
true,false,fixture-0003,sim-rule-baseline,1.0.0,2,document_0003.csv,2026-03-03_Bluebird-Health_invoice_REF-0003.csv,2026-03-03_Bluebird-Health_invoice_REF-0003.csv,1,1,3,91,0,Seeded modeled result; no desktop or web application executed.
true,false,fixture-0003,sim-rule-baseline,1.0.0,3,document_0003.csv,2026-03-03_Bluebird-Health_invoice_REF-0003.csv,2026-03-03_invoice_REF-0003.csv,1,0,0,71,0,Seeded modeled result; no desktop or web application executed.
true,false,fixture-0004,sim-reference-workflow,1.0.0,1,document_0004.json,2026-04-04_Northstar-Studio_meeting-notes_REF-0004.json,2026-04-04_Northstar-Studio_meeting-notes_REF-0004.json,1,1,3,481,0,Seeded modeled result; no desktop or web application executed.
true,false,fixture-0004,sim-reference-workflow,1.0.0,2,document_0004.json,2026-04-04_Northstar-Studio_meeting-notes_REF-0004.json,2026-04-04_meeting-notes_REF-0004.json,1,0,3,564,0,Seeded modeled result; no desktop or web application executed.
true,false,fixture-0004,sim-reference-workflow,1.0.0,3,document_0004.json,2026-04-04_Northstar-Studio_meeting-notes_REF-0004.json,2026-04-04_Northstar-Studio_meeting-notes_REF-0004.json,1,1,3,607,0,Seeded modeled result; no desktop or web application executed.
true,false,fixture-0004,sim-cloud-baseline,1.0.0,1,document_0004.json,2026-04-04_Northstar-Studio_meeting-notes_REF-0004.json,2026-04-04_Northstar-Studio_meeting-notes_REF-0004.json,1,1,3,803,0,Seeded modeled result; no desktop or web application executed.
true,false,fixture-0004,sim-cloud-baseline,1.0.0,2,document_0004.json,2026-04-04_Northstar-Studio_meeting-notes_REF-0004.json,2026-04-04_meeting-notes_REF-0004.json,1,0,3,747,0,Seeded modeled result; no desktop or web application executed.
true,false,fixture-0004,sim-cloud-baseline,1.0.0,3,document_0004.json,2026-04-04_Northstar-Studio_meeting-notes_REF-0004.json,2026-04-04_Northstar-Studio_meeting-notes_REF-0004.json,1,1,3,598,0,Seeded modeled result; no desktop or web application executed.
true,false,fixture-0004,sim-local-baseline,1.0.0,1,document_0004.json,2026-04-04_Northstar-Studio_meeting-notes_REF-0004.json,2026-04-04_meeting-notes_REF-0004.json,1,0,3,910,0,Seeded modeled result; no desktop or web application executed.
true,false,fixture-0004,sim-local-baseline,1.0.0,2,document_0004.json,2026-04-04_Northstar-Studio_meeting-notes_REF-0004.json,2026-04-04_meeting-notes_REF-0004.json,1,0,3,817,0,Seeded modeled result; no desktop or web application executed.
true,false,fixture-0004,sim-local-baseline,1.0.0,3,document_0004.json,2026-04-04_Northstar-Studio_meeting-notes_REF-0004.json,2026-04-04_Northstar-Studio_meeting-notes_REF-0004.json,1,1,3,976,0,Seeded modeled result; no desktop or web application executed.
true,false,fixture-0004,sim-rule-baseline,1.0.0,1,document_0004.json,2026-04-04_Northstar-Studio_meeting-notes_REF-0004.json,2026-04-04_meeting-notes_REF-0004.json,1,0,1,110,0,Seeded modeled result; no desktop or web application executed.
true,false,fixture-0004,sim-rule-baseline,1.0.0,2,document_0004.json,2026-04-04_Northstar-Studio_meeting-notes_REF-0004.json,2026-04-04_meeting-notes_REF-0004.json,1,0,2,78,0,Seeded modeled result; no desktop or web application executed.
true,false,fixture-0004,sim-rule-baseline,1.0.0,3,document_0004.json,2026-04-04_Northstar-Studio_meeting-notes_REF-0004.json,2026-04-04_meeting-notes_REF-0004.json,1,0,2,99,0,Seeded modeled result; no desktop or web application executed.
true,false,fixture-0005,sim-reference-workflow,1.0.0,1,document_0005.xml,2026-05-05_Pinecone-Works_invoice_REF-0005.xml,2026-05-05_invoice_REF-0005.xml,1,0,3,466,0,Seeded modeled result; no desktop or web application executed.
true,false,fixture-0005,sim-reference-workflow,1.0.0,2,document_0005.xml,2026-05-05_Pinecone-Works_invoice_REF-0005.xml,2026-05-05_invoice_REF-0005.xml,1,0,3,484,0,Seeded modeled result; no desktop or web application executed.
true,false,fixture-0005,sim-reference-workflow,1.0.0,3,document_0005.xml,2026-05-05_Pinecone-Works_invoice_REF-0005.xml,2026-05-05_Pinecone-Works_invoice_REF-0005.xml,1,1,3,402,0,Seeded modeled result; no desktop or web application executed.
true,false,fixture-0005,sim-cloud-baseline,1.0.0,1,document_0005.xml,2026-05-05_Pinecone-Works_invoice_REF-0005.xml,2026-05-05_Pinecone-Works_invoice_REF-0005.xml,1,1,3,807,0,Seeded modeled result; no desktop or web application executed.
true,false,fixture-0005,sim-cloud-baseline,1.0.0,2,document_0005.xml,2026-05-05_Pinecone-Works_invoice_REF-0005.xml,2026-05-05_Pinecone-Works_invoice_REF-0005.xml,1,1,3,923,0,Seeded modeled result; no desktop or web application executed.
true,false,fixture-0005,sim-cloud-baseline,1.0.0,3,document_0005.xml,2026-05-05_Pinecone-Works_invoice_REF-0005.xml,2026-05-05_Pinecone-Works_invoice_REF-0005.xml,1,1,3,626,0,Seeded modeled result; no desktop or web application executed.
true,false,fixture-0005,sim-local-baseline,1.0.0,1,document_0005.xml,2026-05-05_Pinecone-Works_invoice_REF-0005.xml,2026-05-05_invoice_REF-0005.xml,1,0,0,1095,0,Seeded modeled result; no desktop or web application executed.
true,false,fixture-0005,sim-local-baseline,1.0.0,2,document_0005.xml,2026-05-05_Pinecone-Works_invoice_REF-0005.xml,2026-05-05_invoice_REF-0005.xml,1,0,2,1098,0,Seeded modeled result; no desktop or web application executed.
true,false,fixture-0005,sim-local-baseline,1.0.0,3,document_0005.xml,2026-05-05_Pinecone-Works_invoice_REF-0005.xml,2026-05-05_invoice_REF-0005.xml,1,0,1,1104,0,Seeded modeled result; no desktop or web application executed.
true,false,fixture-0005,sim-rule-baseline,1.0.0,1,document_0005.xml,2026-05-05_Pinecone-Works_invoice_REF-0005.xml,2026-05-05_invoice_REF-0005.xml,1,0,3,100,0,Seeded modeled result; no desktop or web application executed.
true,false,fixture-0005,sim-rule-baseline,1.0.0,2,document_0005.xml,2026-05-05_Pinecone-Works_invoice_REF-0005.xml,2026-05-05_invoice_REF-0005.xml,1,0,2,72,0,Seeded modeled result; no desktop or web application executed.
true,false,fixture-0005,sim-rule-baseline,1.0.0,3,document_0005.xml,2026-05-05_Pinecone-Works_invoice_REF-0005.xml,2026-05-05_invoice_REF-0005.xml,1,0,0,78,0,Seeded modeled result; no desktop or web application executed.
true,false,fixture-0006,sim-reference-workflow,1.0.0,1,document_0006.yaml,2026-06-06_Acme-Labs_meeting-notes_REF-0006.yaml,2026-06-06_Acme-Labs_meeting-notes_REF-0006.yaml,1,1,3,569,0,Seeded modeled result; no desktop or web application executed.
true,false,fixture-0006,sim-reference-workflow,1.0.0,2,document_0006.yaml,2026-06-06_Acme-Labs_meeting-notes_REF-0006.yaml,2026-06-06_Acme-Labs_meeting-notes_REF-0006.yaml,1,1,3,440,0,Seeded modeled result; no desktop or web application executed.
true,false,fixture-0006,sim-reference-workflow,1.0.0,3,document_0006.yaml,2026-06-06_Acme-Labs_meeting-notes_REF-0006.yaml,2026-06-06_meeting-notes_REF-0006.yaml,1,0,3,470,0,Seeded modeled result; no desktop or web application executed.
true,false,fixture-0006,sim-cloud-baseline,1.0.0,1,document_0006.yaml,2026-06-06_Acme-Labs_meeting-notes_REF-0006.yaml,2026-06-06_Acme-Labs_meeting-notes_REF-0006.yaml,1,1,3,616,0,Seeded modeled result; no desktop or web application executed.
true,false,fixture-0006,sim-cloud-baseline,1.0.0,2,document_0006.yaml,2026-06-06_Acme-Labs_meeting-notes_REF-0006.yaml,2026-06-06_Acme-Labs_meeting-notes_REF-0006.yaml,1,1,3,659,0,Seeded modeled result; no desktop or web application executed.
true,false,fixture-0006,sim-cloud-baseline,1.0.0,3,document_0006.yaml,2026-06-06_Acme-Labs_meeting-notes_REF-0006.yaml,2026-06-06_meeting-notes_REF-0006.yaml,1,0,2,583,0,Seeded modeled result; no desktop or web application executed.
true,false,fixture-0006,sim-local-baseline,1.0.0,1,document_0006.yaml,2026-06-06_Acme-Labs_meeting-notes_REF-0006.yaml,2026-06-06_Acme-Labs_meeting-notes_REF-0006.yaml,1,1,3,854,0,Seeded modeled result; no desktop or web application executed.
true,false,fixture-0006,sim-local-baseline,1.0.0,2,document_0006.yaml,2026-06-06_Acme-Labs_meeting-notes_REF-0006.yaml,2026-06-06_meeting-notes_REF-0006.yaml,1,0,3,1134,0,Seeded modeled result; no desktop or web application executed.
true,false,fixture-0006,sim-local-baseline,1.0.0,3,document_0006.yaml,2026-06-06_Acme-Labs_meeting-notes_REF-0006.yaml,2026-06-06_Acme-Labs_meeting-notes_REF-0006.yaml,1,1,3,838,0,Seeded modeled result; no desktop or web application executed.
true,false,fixture-0006,sim-rule-baseline,1.0.0,1,document_0006.yaml,2026-06-06_Acme-Labs_meeting-notes_REF-0006.yaml,2026-06-06_meeting-notes_REF-0006.yaml,1,0,1,111,0,Seeded modeled result; no desktop or web application executed.
true,false,fixture-0006,sim-rule-baseline,1.0.0,2,document_0006.yaml,2026-06-06_Acme-Labs_meeting-notes_REF-0006.yaml,2026-06-06_meeting-notes_REF-0006.yaml,1,0,0,79,0,Seeded modeled result; no desktop or web application executed.
true,false,fixture-0006,sim-rule-baseline,1.0.0,3,document_0006.yaml,2026-06-06_Acme-Labs_meeting-notes_REF-0006.yaml,2026-06-06_meeting-notes_REF-0006.yaml,1,0,2,88,0,Seeded modeled result; no desktop or web application executed.
true,false,fixture-0007,sim-reference-workflow,1.0.0,1,document_0007.html,2026-07-07_Riverstone-Co_invoice_REF-0007.html,2026-07-07_Riverstone-Co_invoice_REF-0007.html,1,1,3,476,0,Seeded modeled result; no desktop or web application executed.
true,false,fixture-0007,sim-reference-workflow,1.0.0,2,document_0007.html,2026-07-07_Riverstone-Co_invoice_REF-0007.html,2026-07-07_Riverstone-Co_invoice_REF-0007.html,1,1,3,433,0,Seeded modeled result; no desktop or web application executed.
true,false,fixture-0007,sim-reference-workflow,1.0.0,3,document_0007.html,2026-07-07_Riverstone-Co_invoice_REF-0007.html,2026-07-07_Riverstone-Co_invoice_REF-0007.html,1,1,3,561,0,Seeded modeled result; no desktop or web application executed.
true,false,fixture-0007,sim-cloud-baseline,1.0.0,1,document_0007.html,2026-07-07_Riverstone-Co_invoice_REF-0007.html,2026-07-07_Riverstone-Co_invoice_REF-0007.html,1,1,3,620,0,Seeded modeled result; no desktop or web application executed.
true,false,fixture-0007,sim-cloud-baseline,1.0.0,2,document_0007.html,2026-07-07_Riverstone-Co_invoice_REF-0007.html,2026-07-07_Riverstone-Co_invoice_REF-0007.html,1,1,3,858,0,Seeded modeled result; no desktop or web application executed.
true,false,fixture-0007,sim-cloud-baseline,1.0.0,3,document_0007.html,2026-07-07_Riverstone-Co_invoice_REF-0007.html,2026-07-07_Riverstone-Co_invoice_REF-0007.html,1,1,3,558,0,Seeded modeled result; no desktop or web application executed.
true,false,fixture-0007,sim-local-baseline,1.0.0,1,document_0007.html,2026-07-07_Riverstone-Co_invoice_REF-0007.html,2026-07-07_Riverstone-Co_invoice_REF-0007.html,1,1,3,1058,0,Seeded modeled result; no desktop or web application executed.
true,false,fixture-0007,sim-local-baseline,1.0.0,2,document_0007.html,2026-07-07_Riverstone-Co_invoice_REF-0007.html,2026-07-07_Riverstone-Co_invoice_REF-0007.html,0,1,3,1198,1,Seeded modeled result; no desktop or web application executed.
true,false,fixture-0007,sim-local-baseline,1.0.0,3,document_0007.html,2026-07-07_Riverstone-Co_invoice_REF-0007.html,2026-07-07_Riverstone-Co_invoice_REF-0007.html,1,1,3,1215,0,Seeded modeled result; no desktop or web application executed.
true,false,fixture-0007,sim-rule-baseline,1.0.0,1,document_0007.html,2026-07-07_Riverstone-Co_invoice_REF-0007.html,2026-07-07_invoice_REF-0007.html,1,0,0,88,0,Seeded modeled result; no desktop or web application executed.
true,false,fixture-0007,sim-rule-baseline,1.0.0,2,document_0007.html,2026-07-07_Riverstone-Co_invoice_REF-0007.html,2026-07-07_invoice_REF-0007.html,1,0,2,92,0,Seeded modeled result; no desktop or web application executed.
true,false,fixture-0007,sim-rule-baseline,1.0.0,3,document_0007.html,2026-07-07_Riverstone-Co_invoice_REF-0007.html,2026-07-07_invoice_REF-0007.html,1,0,2,86,0,Seeded modeled result; no desktop or web application executed.
true,false,fixture-0008,sim-reference-workflow,1.0.0,1,document_0008.eml,2026-08-08_Bluebird-Health_meeting-notes_REF-0008.eml,2026-08-08_meeting-notes_REF-0008.eml,1,0,3,449,0,Seeded modeled result; no desktop or web application executed.
true,false,fixture-0008,sim-reference-workflow,1.0.0,2,document_0008.eml,2026-08-08_Bluebird-Health_meeting-notes_REF-0008.eml,2026-08-08_Bluebird-Health_meeting-notes_REF-0008.eml,1,1,3,556,0,Seeded modeled result; no desktop or web application executed.
true,false,fixture-0008,sim-reference-workflow,1.0.0,3,document_0008.eml,2026-08-08_Bluebird-Health_meeting-notes_REF-0008.eml,2026-08-08_meeting-notes_REF-0008.eml,1,0,3,547,0,Seeded modeled result; no desktop or web application executed.
true,false,fixture-0008,sim-cloud-baseline,1.0.0,1,document_0008.eml,2026-08-08_Bluebird-Health_meeting-notes_REF-0008.eml,2026-08-08_Bluebird-Health_meeting-notes_REF-0008.eml,1,1,3,796,0,Seeded modeled result; no desktop or web application executed.
true,false,fixture-0008,sim-cloud-baseline,1.0.0,2,document_0008.eml,2026-08-08_Bluebird-Health_meeting-notes_REF-0008.eml,2026-08-08_Bluebird-Health_meeting-notes_REF-0008.eml,1,1,3,562,0,Seeded modeled result; no desktop or web application executed.
true,false,fixture-0008,sim-cloud-baseline,1.0.0,3,document_0008.eml,2026-08-08_Bluebird-Health_meeting-notes_REF-0008.eml,2026-08-08_Bluebird-Health_meeting-notes_REF-0008.eml,1,1,3,753,0,Seeded modeled result; no desktop or web application executed.
true,false,fixture-0008,sim-local-baseline,1.0.0,1,document_0008.eml,2026-08-08_Bluebird-Health_meeting-notes_REF-0008.eml,2026-08-08_meeting-notes_REF-0008.eml,1,0,1,848,0,Seeded modeled result; no desktop or web application executed.
true,false,fixture-0008,sim-local-baseline,1.0.0,2,document_0008.eml,2026-08-08_Bluebird-Health_meeting-notes_REF-0008.eml,2026-08-08_meeting-notes_REF-0008.eml,1,0,0,1108,0,Seeded modeled result; no desktop or web application executed.
true,false,fixture-0008,sim-local-baseline,1.0.0,3,document_0008.eml,2026-08-08_Bluebird-Health_meeting-notes_REF-0008.eml,2026-08-08_meeting-notes_REF-0008.eml,1,0,2,1054,0,Seeded modeled result; no desktop or web application executed.
true,false,fixture-0008,sim-rule-baseline,1.0.0,1,document_0008.eml,2026-08-08_Bluebird-Health_meeting-notes_REF-0008.eml,2026-08-08_meeting-notes_REF-0008.eml,1,0,2,102,0,Seeded modeled result; no desktop or web application executed.
true,false,fixture-0008,sim-rule-baseline,1.0.0,2,document_0008.eml,2026-08-08_Bluebird-Health_meeting-notes_REF-0008.eml,2026-08-08_meeting-notes_REF-0008.eml,1,0,0,96,0,Seeded modeled result; no desktop or web application executed.
true,false,fixture-0008,sim-rule-baseline,1.0.0,3,document_0008.eml,2026-08-08_Bluebird-Health_meeting-notes_REF-0008.eml,2026-08-08_Bluebird-Health_meeting-notes_REF-0008.eml,1,1,3,97,0,Seeded modeled result; no desktop or web application executed.
true,false,fixture-0009,sim-reference-workflow,1.0.0,1,document_0009.srt,2026-09-09_Northstar-Studio_invoice_REF-0009.srt,2026-09-09_Northstar-Studio_invoice_REF-0009.srt,1,1,3,631,0,Seeded modeled result; no desktop or web application executed.
true,false,fixture-0009,sim-reference-workflow,1.0.0,2,document_0009.srt,2026-09-09_Northstar-Studio_invoice_REF-0009.srt,2026-09-09_Northstar-Studio_invoice_REF-0009.srt,1,1,3,396,0,Seeded modeled result; no desktop or web application executed.
true,false,fixture-0009,sim-reference-workflow,1.0.0,3,document_0009.srt,2026-09-09_Northstar-Studio_invoice_REF-0009.srt,2026-09-09_Northstar-Studio_invoice_REF-0009.srt,1,1,3,412,0,Seeded modeled result; no desktop or web application executed.
true,false,fixture-0009,sim-cloud-baseline,1.0.0,1,document_0009.srt,2026-09-09_Northstar-Studio_invoice_REF-0009.srt,2026-09-09_Northstar-Studio_invoice_REF-0009.srt,1,1,3,891,0,Seeded modeled result; no desktop or web application executed.
true,false,fixture-0009,sim-cloud-baseline,1.0.0,2,document_0009.srt,2026-09-09_Northstar-Studio_invoice_REF-0009.srt,2026-09-09_invoice_REF-0009.srt,1,0,2,715,0,Seeded modeled result; no desktop or web application executed.
true,false,fixture-0009,sim-cloud-baseline,1.0.0,3,document_0009.srt,2026-09-09_Northstar-Studio_invoice_REF-0009.srt,2026-09-09_Northstar-Studio_invoice_REF-0009.srt,1,1,3,788,0,Seeded modeled result; no desktop or web application executed.
true,false,fixture-0009,sim-local-baseline,1.0.0,1,document_0009.srt,2026-09-09_Northstar-Studio_invoice_REF-0009.srt,2026-09-09_Northstar-Studio_invoice_REF-0009.srt,1,1,3,861,0,Seeded modeled result; no desktop or web application executed.
true,false,fixture-0009,sim-local-baseline,1.0.0,2,document_0009.srt,2026-09-09_Northstar-Studio_invoice_REF-0009.srt,2026-09-09_Northstar-Studio_invoice_REF-0009.srt,1,1,3,1166,0,Seeded modeled result; no desktop or web application executed.
true,false,fixture-0009,sim-local-baseline,1.0.0,3,document_0009.srt,2026-09-09_Northstar-Studio_invoice_REF-0009.srt,2026-09-09_Northstar-Studio_invoice_REF-0009.srt,1,1,3,870,0,Seeded modeled result; no desktop or web application executed.
true,false,fixture-0009,sim-rule-baseline,1.0.0,1,document_0009.srt,2026-09-09_Northstar-Studio_invoice_REF-0009.srt,2026-09-09_invoice_REF-0009.srt,1,0,2,90,0,Seeded modeled result; no desktop or web application executed.
true,false,fixture-0009,sim-rule-baseline,1.0.0,2,document_0009.srt,2026-09-09_Northstar-Studio_invoice_REF-0009.srt,2026-09-09_invoice_REF-0009.srt,1,0,0,105,0,Seeded modeled result; no desktop or web application executed.
true,false,fixture-0009,sim-rule-baseline,1.0.0,3,document_0009.srt,2026-09-09_Northstar-Studio_invoice_REF-0009.srt,2026-09-09_Northstar-Studio_invoice_REF-0009.srt,1,1,3,86,0,Seeded modeled result; no desktop or web application executed.
true,false,fixture-0010,sim-reference-workflow,1.0.0,1,document_0010.vtt,2026-10-10_Pinecone-Works_meeting-notes_REF-0010.vtt,2026-10-10_Pinecone-Works_meeting-notes_REF-0010.vtt,1,1,3,490,0,Seeded modeled result; no desktop or web application executed.
true,false,fixture-0010,sim-reference-workflow,1.0.0,2,document_0010.vtt,2026-10-10_Pinecone-Works_meeting-notes_REF-0010.vtt,2026-10-10_Pinecone-Works_meeting-notes_REF-0010.vtt,1,1,3,635,0,Seeded modeled result; no desktop or web application executed.
true,false,fixture-0010,sim-reference-workflow,1.0.0,3,document_0010.vtt,2026-10-10_Pinecone-Works_meeting-notes_REF-0010.vtt,2026-10-10_Pinecone-Works_meeting-notes_REF-0010.vtt,1,1,3,410,0,Seeded modeled result; no desktop or web application executed.
true,false,fixture-0010,sim-cloud-baseline,1.0.0,1,document_0010.vtt,2026-10-10_Pinecone-Works_meeting-notes_REF-0010.vtt,2026-10-10_meeting-notes_REF-0010.vtt,1,0,3,565,0,Seeded modeled result; no desktop or web application executed.
true,false,fixture-0010,sim-cloud-baseline,1.0.0,2,document_0010.vtt,2026-10-10_Pinecone-Works_meeting-notes_REF-0010.vtt,2026-10-10_meeting-notes_REF-0010.vtt,1,0,3,721,0,Seeded modeled result; no desktop or web application executed.
true,false,fixture-0010,sim-cloud-baseline,1.0.0,3,document_0010.vtt,2026-10-10_Pinecone-Works_meeting-notes_REF-0010.vtt,2026-10-10_Pinecone-Works_meeting-notes_REF-0010.vtt,1,1,3,710,0,Seeded modeled result; no desktop or web application executed.
true,false,fixture-0010,sim-local-baseline,1.0.0,1,document_0010.vtt,2026-10-10_Pinecone-Works_meeting-notes_REF-0010.vtt,2026-10-10_meeting-notes_REF-0010.vtt,1,0,3,876,0,Seeded modeled result; no desktop or web application executed.
true,false,fixture-0010,sim-local-baseline,1.0.0,2,document_0010.vtt,2026-10-10_Pinecone-Works_meeting-notes_REF-0010.vtt,2026-10-10_Pinecone-Works_meeting-notes_REF-0010.vtt,1,1,3,886,0,Seeded modeled result; no desktop or web application executed.
true,false,fixture-0010,sim-local-baseline,1.0.0,3,document_0010.vtt,2026-10-10_Pinecone-Works_meeting-notes_REF-0010.vtt,2026-10-10_Pinecone-Works_meeting-notes_REF-0010.vtt,1,1,3,1104,0,Seeded modeled result; no desktop or web application executed.
true,false,fixture-0010,sim-rule-baseline,1.0.0,1,document_0010.vtt,2026-10-10_Pinecone-Works_meeting-notes_REF-0010.vtt,2026-10-10_meeting-notes_REF-0010.vtt,1,0,1,112,0,Seeded modeled result; no desktop or web application executed.
true,false,fixture-0010,sim-rule-baseline,1.0.0,2,document_0010.vtt,2026-10-10_Pinecone-Works_meeting-notes_REF-0010.vtt,2026-10-10_Pinecone-Works_meeting-notes_REF-0010.vtt,1,1,3,84,0,Seeded modeled result; no desktop or web application executed.
true,false,fixture-0010,sim-rule-baseline,1.0.0,3,document_0010.vtt,2026-10-10_Pinecone-Works_meeting-notes_REF-0010.vtt,2026-10-10_meeting-notes_REF-0010.vtt,1,0,1,95,0,Seeded modeled result; no desktop or web application executed.
true,false,fixture-0011,sim-reference-workflow,1.0.0,1,document_0011.svg,2026-11-11_Acme-Labs_invoice_REF-0011.svg,2026-11-11_Acme-Labs_invoice_REF-0011.svg,1,1,3,483,0,Seeded modeled result; no desktop or web application executed.
true,false,fixture-0011,sim-reference-workflow,1.0.0,2,document_0011.svg,2026-11-11_Acme-Labs_invoice_REF-0011.svg,2026-11-11_Acme-Labs_invoice_REF-0011.svg,1,1,3,632,0,Seeded modeled result; no desktop or web application executed.
true,false,fixture-0011,sim-reference-workflow,1.0.0,3,document_0011.svg,2026-11-11_Acme-Labs_invoice_REF-0011.svg,2026-11-11_Acme-Labs_invoice_REF-0011.svg,1,1,3,649,0,Seeded modeled result; no desktop or web application executed.
true,false,fixture-0011,sim-cloud-baseline,1.0.0,1,document_0011.svg,2026-11-11_Acme-Labs_invoice_REF-0011.svg,2026-11-11_Acme-Labs_invoice_REF-0011.svg,1,1,3,923,0,Seeded modeled result; no desktop or web application executed.
true,false,fixture-0011,sim-cloud-baseline,1.0.0,2,document_0011.svg,2026-11-11_Acme-Labs_invoice_REF-0011.svg,2026-11-11_invoice_REF-0011.svg,1,0,3,735,0,Seeded modeled result; no desktop or web application executed.
true,false,fixture-0011,sim-cloud-baseline,1.0.0,3,document_0011.svg,2026-11-11_Acme-Labs_invoice_REF-0011.svg,2026-11-11_Acme-Labs_invoice_REF-0011.svg,1,1,3,665,0,Seeded modeled result; no desktop or web application executed.
true,false,fixture-0011,sim-local-baseline,1.0.0,1,document_0011.svg,2026-11-11_Acme-Labs_invoice_REF-0011.svg,2026-11-11_invoice_REF-0011.svg,1,0,2,1225,0,Seeded modeled result; no desktop or web application executed.
true,false,fixture-0011,sim-local-baseline,1.0.0,2,document_0011.svg,2026-11-11_Acme-Labs_invoice_REF-0011.svg,2026-11-11_Acme-Labs_invoice_REF-0011.svg,1,1,3,885,0,Seeded modeled result; no desktop or web application executed.
true,false,fixture-0011,sim-local-baseline,1.0.0,3,document_0011.svg,2026-11-11_Acme-Labs_invoice_REF-0011.svg,2026-11-11_invoice_REF-0011.svg,1,0,1,1206,0,Seeded modeled result; no desktop or web application executed.
true,false,fixture-0011,sim-rule-baseline,1.0.0,1,document_0011.svg,2026-11-11_Acme-Labs_invoice_REF-0011.svg,2026-11-11_invoice_REF-0011.svg,1,0,0,81,0,Seeded modeled result; no desktop or web application executed.
true,false,fixture-0011,sim-rule-baseline,1.0.0,2,document_0011.svg,2026-11-11_Acme-Labs_invoice_REF-0011.svg,2026-11-11_invoice_REF-0011.svg,1,0,1,108,0,Seeded modeled result; no desktop or web application executed.
true,false,fixture-0011,sim-rule-baseline,1.0.0,3,document_0011.svg,2026-11-11_Acme-Labs_invoice_REF-0011.svg,2026-11-11_invoice_REF-0011.svg,1,0,1,100,0,Seeded modeled result; no desktop or web application executed.
true,false,fixture-0012,sim-reference-workflow,1.0.0,1,document_0012.txt,2026-12-12_Riverstone-Co_meeting-notes_REF-0012.txt,2026-12-12_Riverstone-Co_meeting-notes_REF-0012.txt,1,1,3,616,0,Seeded modeled result; no desktop or web application executed.
true,false,fixture-0012,sim-reference-workflow,1.0.0,2,document_0012.txt,2026-12-12_Riverstone-Co_meeting-notes_REF-0012.txt,2026-12-12_Riverstone-Co_meeting-notes_REF-0012.txt,1,1,3,472,0,Seeded modeled result; no desktop or web application executed.
true,false,fixture-0012,sim-reference-workflow,1.0.0,3,document_0012.txt,2026-12-12_Riverstone-Co_meeting-notes_REF-0012.txt,2026-12-12_meeting-notes_REF-0012.txt,1,0,3,435,0,Seeded modeled result; no desktop or web application executed.
true,false,fixture-0012,sim-cloud-baseline,1.0.0,1,document_0012.txt,2026-12-12_Riverstone-Co_meeting-notes_REF-0012.txt,2026-12-12_Riverstone-Co_meeting-notes_REF-0012.txt,1,1,3,730,0,Seeded modeled result; no desktop or web application executed.
true,false,fixture-0012,sim-cloud-baseline,1.0.0,2,document_0012.txt,2026-12-12_Riverstone-Co_meeting-notes_REF-0012.txt,2026-12-12_Riverstone-Co_meeting-notes_REF-0012.txt,1,1,3,650,0,Seeded modeled result; no desktop or web application executed.
true,false,fixture-0012,sim-cloud-baseline,1.0.0,3,document_0012.txt,2026-12-12_Riverstone-Co_meeting-notes_REF-0012.txt,2026-12-12_Riverstone-Co_meeting-notes_REF-0012.txt,1,1,3,666,0,Seeded modeled result; no desktop or web application executed.
true,false,fixture-0012,sim-local-baseline,1.0.0,1,document_0012.txt,2026-12-12_Riverstone-Co_meeting-notes_REF-0012.txt,2026-12-12_Riverstone-Co_meeting-notes_REF-0012.txt,1,1,3,936,0,Seeded modeled result; no desktop or web application executed.
true,false,fixture-0012,sim-local-baseline,1.0.0,2,document_0012.txt,2026-12-12_Riverstone-Co_meeting-notes_REF-0012.txt,2026-12-12_Riverstone-Co_meeting-notes_REF-0012.txt,1,1,3,798,0,Seeded modeled result; no desktop or web application executed.
true,false,fixture-0012,sim-local-baseline,1.0.0,3,document_0012.txt,2026-12-12_Riverstone-Co_meeting-notes_REF-0012.txt,2026-12-12_Riverstone-Co_meeting-notes_REF-0012.txt,1,1,3,1193,0,Seeded modeled result; no desktop or web application executed.
true,false,fixture-0012,sim-rule-baseline,1.0.0,1,document_0012.txt,2026-12-12_Riverstone-Co_meeting-notes_REF-0012.txt,2026-12-12_meeting-notes_REF-0012.txt,1,0,1,92,0,Seeded modeled result; no desktop or web application executed.
true,false,fixture-0012,sim-rule-baseline,1.0.0,2,document_0012.txt,2026-12-12_Riverstone-Co_meeting-notes_REF-0012.txt,2026-12-12/meeting-notes:REF-0012.txt,0,0,0,112,0,Seeded modeled result; no desktop or web application executed.
true,false,fixture-0012,sim-rule-baseline,1.0.0,3,document_0012.txt,2026-12-12_Riverstone-Co_meeting-notes_REF-0012.txt,2026-12-12_meeting-notes_REF-0012.txt,1,0,3,86,0,Seeded modeled result; no desktop or web application executed.
true,false,fixture-0013,sim-reference-workflow,1.0.0,1,document_0013.md,2026-01-13_Bluebird-Health_invoice_REF-0013.md,2026-01-13_Bluebird-Health_invoice_REF-0013.md,1,1,3,527,0,Seeded modeled result; no desktop or web application executed.
true,false,fixture-0013,sim-reference-workflow,1.0.0,2,document_0013.md,2026-01-13_Bluebird-Health_invoice_REF-0013.md,2026-01-13_Bluebird-Health_invoice_REF-0013.md,1,1,3,567,0,Seeded modeled result; no desktop or web application executed.
true,false,fixture-0013,sim-reference-workflow,1.0.0,3,document_0013.md,2026-01-13_Bluebird-Health_invoice_REF-0013.md,2026-01-13_Bluebird-Health_invoice_REF-0013.md,1,1,3,428,0,Seeded modeled result; no desktop or web application executed.
true,false,fixture-0013,sim-cloud-baseline,1.0.0,1,document_0013.md,2026-01-13_Bluebird-Health_invoice_REF-0013.md,2026-01-13_Bluebird-Health_invoice_REF-0013.md,1,1,3,588,0,Seeded modeled result; no desktop or web application executed.
true,false,fixture-0013,sim-cloud-baseline,1.0.0,2,document_0013.md,2026-01-13_Bluebird-Health_invoice_REF-0013.md,2026-01-13_Bluebird-Health_invoice_REF-0013.md,1,1,3,921,0,Seeded modeled result; no desktop or web application executed.
true,false,fixture-0013,sim-cloud-baseline,1.0.0,3,document_0013.md,2026-01-13_Bluebird-Health_invoice_REF-0013.md,2026-01-13_Bluebird-Health_invoice_REF-0013.md,1,1,3,678,0,Seeded modeled result; no desktop or web application executed.
true,false,fixture-0013,sim-local-baseline,1.0.0,1,document_0013.md,2026-01-13_Bluebird-Health_invoice_REF-0013.md,2026-01-13_Bluebird-Health_invoice_REF-0013.md,1,1,3,1172,0,Seeded modeled result; no desktop or web application executed.
true,false,fixture-0013,sim-local-baseline,1.0.0,2,document_0013.md,2026-01-13_Bluebird-Health_invoice_REF-0013.md,2026-01-13_invoice_REF-0013.md,1,0,3,1163,0,Seeded modeled result; no desktop or web application executed.
true,false,fixture-0013,sim-local-baseline,1.0.0,3,document_0013.md,2026-01-13_Bluebird-Health_invoice_REF-0013.md,2026-01-13_Bluebird-Health_invoice_REF-0013.md,1,1,3,1156,0,Seeded modeled result; no desktop or web application executed.
true,false,fixture-0013,sim-rule-baseline,1.0.0,1,document_0013.md,2026-01-13_Bluebird-Health_invoice_REF-0013.md,2026-01-13_invoice_REF-0013.md,1,0,1,74,0,Seeded modeled result; no desktop or web application executed.
true,false,fixture-0013,sim-rule-baseline,1.0.0,2,document_0013.md,2026-01-13_Bluebird-Health_invoice_REF-0013.md,2026-01-13_invoice_REF-0013.md,1,0,2,70,0,Seeded modeled result; no desktop or web application executed.
true,false,fixture-0013,sim-rule-baseline,1.0.0,3,document_0013.md,2026-01-13_Bluebird-Health_invoice_REF-0013.md,2026-01-13_Bluebird-Health_invoice_REF-0013.md,1,1,3,89,0,Seeded modeled result; no desktop or web application executed.
true,false,fixture-0014,sim-reference-workflow,1.0.0,1,document_0014.csv,2026-02-14_Northstar-Studio_meeting-notes_REF-0014.csv,2026-02-14_Northstar-Studio_meeting-notes_REF-0014.csv,1,1,3,549,0,Seeded modeled result; no desktop or web application executed.
true,false,fixture-0014,sim-reference-workflow,1.0.0,2,document_0014.csv,2026-02-14_Northstar-Studio_meeting-notes_REF-0014.csv,2026-02-14_Northstar-Studio_meeting-notes_REF-0014.csv,1,1,3,466,0,Seeded modeled result; no desktop or web application executed.
true,false,fixture-0014,sim-reference-workflow,1.0.0,3,document_0014.csv,2026-02-14_Northstar-Studio_meeting-notes_REF-0014.csv,2026-02-14_Northstar-Studio_meeting-notes_REF-0014.csv,1,1,3,408,0,Seeded modeled result; no desktop or web application executed.
true,false,fixture-0014,sim-cloud-baseline,1.0.0,1,document_0014.csv,2026-02-14_Northstar-Studio_meeting-notes_REF-0014.csv,2026-02-14_meeting-notes_REF-0014.csv,1,0,2,728,0,Seeded modeled result; no desktop or web application executed.
true,false,fixture-0014,sim-cloud-baseline,1.0.0,2,document_0014.csv,2026-02-14_Northstar-Studio_meeting-notes_REF-0014.csv,2026-02-14_meeting-notes_REF-0014.csv,1,0,1,660,0,Seeded modeled result; no desktop or web application executed.
true,false,fixture-0014,sim-cloud-baseline,1.0.0,3,document_0014.csv,2026-02-14_Northstar-Studio_meeting-notes_REF-0014.csv,2026-02-14_Northstar-Studio_meeting-notes_REF-0014.csv,1,1,3,686,0,Seeded modeled result; no desktop or web application executed.
true,false,fixture-0014,sim-local-baseline,1.0.0,1,document_0014.csv,2026-02-14_Northstar-Studio_meeting-notes_REF-0014.csv,2026-02-14_Northstar-Studio_meeting-notes_REF-0014.csv,1,1,3,962,0,Seeded modeled result; no desktop or web application executed.
true,false,fixture-0014,sim-local-baseline,1.0.0,2,document_0014.csv,2026-02-14_Northstar-Studio_meeting-notes_REF-0014.csv,2026-02-14_meeting-notes_REF-0014.csv,1,0,3,1197,0,Seeded modeled result; no desktop or web application executed.
true,false,fixture-0014,sim-local-baseline,1.0.0,3,document_0014.csv,2026-02-14_Northstar-Studio_meeting-notes_REF-0014.csv,2026-02-14_meeting-notes_REF-0014.csv,1,0,3,892,0,Seeded modeled result; no desktop or web application executed.
true,false,fixture-0014,sim-rule-baseline,1.0.0,1,document_0014.csv,2026-02-14_Northstar-Studio_meeting-notes_REF-0014.csv,2026-02-14_meeting-notes_REF-0014.csv,1,0,3,108,0,Seeded modeled result; no desktop or web application executed.
true,false,fixture-0014,sim-rule-baseline,1.0.0,2,document_0014.csv,2026-02-14_Northstar-Studio_meeting-notes_REF-0014.csv,2026-02-14_Northstar-Studio_meeting-notes_REF-0014.csv,1,1,3,110,0,Seeded modeled result; no desktop or web application executed.
true,false,fixture-0014,sim-rule-baseline,1.0.0,3,document_0014.csv,2026-02-14_Northstar-Studio_meeting-notes_REF-0014.csv,2026-02-14_Northstar-Studio_meeting-notes_REF-0014.csv,1,1,3,75,0,Seeded modeled result; no desktop or web application executed.
true,false,fixture-0015,sim-reference-workflow,1.0.0,1,document_0015.json,2026-03-15_Pinecone-Works_invoice_REF-0015.json,2026-03-15_Pinecone-Works_invoice_REF-0015.json,1,1,3,571,0,Seeded modeled result; no desktop or web application executed.
true,false,fixture-0015,sim-reference-workflow,1.0.0,2,document_0015.json,2026-03-15_Pinecone-Works_invoice_REF-0015.json,2026-03-15_Pinecone-Works_invoice_REF-0015.json,1,1,3,534,0,Seeded modeled result; no desktop or web application executed.
true,false,fixture-0015,sim-reference-workflow,1.0.0,3,document_0015.json,2026-03-15_Pinecone-Works_invoice_REF-0015.json,2026-03-15_Pinecone-Works_invoice_REF-0015.json,1,1,3,609,0,Seeded modeled result; no desktop or web application executed.
true,false,fixture-0015,sim-cloud-baseline,1.0.0,1,document_0015.json,2026-03-15_Pinecone-Works_invoice_REF-0015.json,2026-03-15_Pinecone-Works_invoice_REF-0015.json,1,1,3,776,0,Seeded modeled result; no desktop or web application executed.
true,false,fixture-0015,sim-cloud-baseline,1.0.0,2,document_0015.json,2026-03-15_Pinecone-Works_invoice_REF-0015.json,2026-03-15_Pinecone-Works_invoice_REF-0015.json,1,1,3,600,0,Seeded modeled result; no desktop or web application executed.
true,false,fixture-0015,sim-cloud-baseline,1.0.0,3,document_0015.json,2026-03-15_Pinecone-Works_invoice_REF-0015.json,2026-03-15_Pinecone-Works_invoice_REF-0015.json,1,1,3,606,0,Seeded modeled result; no desktop or web application executed.
true,false,fixture-0015,sim-local-baseline,1.0.0,1,document_0015.json,2026-03-15_Pinecone-Works_invoice_REF-0015.json,2026-03-15_Pinecone-Works_invoice_REF-0015.json,1,1,3,1204,0,Seeded modeled result; no desktop or web application executed.
true,false,fixture-0015,sim-local-baseline,1.0.0,2,document_0015.json,2026-03-15_Pinecone-Works_invoice_REF-0015.json,2026-03-15_Pinecone-Works_invoice_REF-0015.json,1,1,3,770,0,Seeded modeled result; no desktop or web application executed.
true,false,fixture-0015,sim-local-baseline,1.0.0,3,document_0015.json,2026-03-15_Pinecone-Works_invoice_REF-0015.json,2026-03-15_invoice_REF-0015.json,1,0,3,840,0,Seeded modeled result; no desktop or web application executed.
true,false,fixture-0015,sim-rule-baseline,1.0.0,1,document_0015.json,2026-03-15_Pinecone-Works_invoice_REF-0015.json,2026-03-15_Pinecone-Works_invoice_REF-0015.json,1,1,3,104,0,Seeded modeled result; no desktop or web application executed.
true,false,fixture-0015,sim-rule-baseline,1.0.0,2,document_0015.json,2026-03-15_Pinecone-Works_invoice_REF-0015.json,2026-03-15_invoice_REF-0015.json,1,0,2,92,0,Seeded modeled result; no desktop or web application executed.
true,false,fixture-0015,sim-rule-baseline,1.0.0,3,document_0015.json,2026-03-15_Pinecone-Works_invoice_REF-0015.json,2026-03-15_invoice_REF-0015.json,1,0,3,72,0,Seeded modeled result; no desktop or web application executed.
true,false,fixture-0016,sim-reference-workflow,1.0.0,1,document_0016.xml,2026-04-16_Acme-Labs_meeting-notes_REF-0016.xml,2026-04-16_Acme-Labs_meeting-notes_REF-0016.xml,1,1,3,554,0,Seeded modeled result; no desktop or web application executed.
true,false,fixture-0016,sim-reference-workflow,1.0.0,2,document_0016.xml,2026-04-16_Acme-Labs_meeting-notes_REF-0016.xml,2026-04-16_Acme-Labs_meeting-notes_REF-0016.xml,1,1,3,556,0,Seeded modeled result; no desktop or web application executed.
true,false,fixture-0016,sim-reference-workflow,1.0.0,3,document_0016.xml,2026-04-16_Acme-Labs_meeting-notes_REF-0016.xml,2026-04-16_Acme-Labs_meeting-notes_REF-0016.xml,1,1,3,437,0,Seeded modeled result; no desktop or web application executed.
true,false,fixture-0016,sim-cloud-baseline,1.0.0,1,document_0016.xml,2026-04-16_Acme-Labs_meeting-notes_REF-0016.xml,2026-04-16_Acme-Labs_meeting-notes_REF-0016.xml,1,1,3,798,0,Seeded modeled result; no desktop or web application executed.
true,false,fixture-0016,sim-cloud-baseline,1.0.0,2,document_0016.xml,2026-04-16_Acme-Labs_meeting-notes_REF-0016.xml,2026-04-16_meeting-notes_REF-0016.xml,1,0,2,778,0,Seeded modeled result; no desktop or web application executed.
true,false,fixture-0016,sim-cloud-baseline,1.0.0,3,document_0016.xml,2026-04-16_Acme-Labs_meeting-notes_REF-0016.xml,2026-04-16_Acme-Labs_meeting-notes_REF-0016.xml,1,1,3,732,0,Seeded modeled result; no desktop or web application executed.
true,false,fixture-0016,sim-local-baseline,1.0.0,1,document_0016.xml,2026-04-16_Acme-Labs_meeting-notes_REF-0016.xml,2026-04-16_Acme-Labs_meeting-notes_REF-0016.xml,1,1,3,984,0,Seeded modeled result; no desktop or web application executed.
true,false,fixture-0016,sim-local-baseline,1.0.0,2,document_0016.xml,2026-04-16_Acme-Labs_meeting-notes_REF-0016.xml,2026-04-16_meeting-notes_REF-0016.xml,1,0,1,907,0,Seeded modeled result; no desktop or web application executed.
true,false,fixture-0016,sim-local-baseline,1.0.0,3,document_0016.xml,2026-04-16_Acme-Labs_meeting-notes_REF-0016.xml,2026-04-16_Acme-Labs_meeting-notes_REF-0016.xml,1,1,3,1115,0,Seeded modeled result; no desktop or web application executed.
true,false,fixture-0016,sim-rule-baseline,1.0.0,1,document_0016.xml,2026-04-16_Acme-Labs_meeting-notes_REF-0016.xml,2026-04-16_meeting-notes_REF-0016.xml,1,0,2,100,0,Seeded modeled result; no desktop or web application executed.
true,false,fixture-0016,sim-rule-baseline,1.0.0,2,document_0016.xml,2026-04-16_Acme-Labs_meeting-notes_REF-0016.xml,2026-04-16_meeting-notes_REF-0016.xml,1,0,1,109,0,Seeded modeled result; no desktop or web application executed.
true,false,fixture-0016,sim-rule-baseline,1.0.0,3,document_0016.xml,2026-04-16_Acme-Labs_meeting-notes_REF-0016.xml,2026-04-16_Acme-Labs_meeting-notes_REF-0016.xml,1,1,3,92,0,Seeded modeled result; no desktop or web application executed.
true,false,fixture-0017,sim-reference-workflow,1.0.0,1,document_0017.yaml,2026-05-17_Riverstone-Co_invoice_REF-0017.yaml,2026-05-17_Riverstone-Co_invoice_REF-0017.yaml,1,1,3,507,0,Seeded modeled result; no desktop or web application executed.
true,false,fixture-0017,sim-reference-workflow,1.0.0,2,document_0017.yaml,2026-05-17_Riverstone-Co_invoice_REF-0017.yaml,2026-05-17_Riverstone-Co_invoice_REF-0017.yaml,1,1,3,561,0,Seeded modeled result; no desktop or web application executed.
true,false,fixture-0017,sim-reference-workflow,1.0.0,3,document_0017.yaml,2026-05-17_Riverstone-Co_invoice_REF-0017.yaml,2026-05-17_Riverstone-Co_invoice_REF-0017.yaml,1,1,3,458,0,Seeded modeled result; no desktop or web application executed.
true,false,fixture-0017,sim-cloud-baseline,1.0.0,1,document_0017.yaml,2026-05-17_Riverstone-Co_invoice_REF-0017.yaml,2026-05-17_Riverstone-Co_invoice_REF-0017.yaml,1,1,3,578,0,Seeded modeled result; no desktop or web application executed.
true,false,fixture-0017,sim-cloud-baseline,1.0.0,2,document_0017.yaml,2026-05-17_Riverstone-Co_invoice_REF-0017.yaml,2026-05-17_Riverstone-Co_invoice_REF-0017.yaml,1,1,3,886,0,Seeded modeled result; no desktop or web application executed.
true,false,fixture-0017,sim-cloud-baseline,1.0.0,3,document_0017.yaml,2026-05-17_Riverstone-Co_invoice_REF-0017.yaml,2026-05-17_Riverstone-Co_invoice_REF-0017.yaml,1,1,3,805,0,Seeded modeled result; no desktop or web application executed.
true,false,fixture-0017,sim-local-baseline,1.0.0,1,document_0017.yaml,2026-05-17_Riverstone-Co_invoice_REF-0017.yaml,2026-05-17_Riverstone-Co_invoice_REF-0017.yaml,1,1,3,994,0,Seeded modeled result; no desktop or web application executed.
true,false,fixture-0017,sim-local-baseline,1.0.0,2,document_0017.yaml,2026-05-17_Riverstone-Co_invoice_REF-0017.yaml,2026-05-17_Riverstone-Co_invoice_REF-0017.yaml,1,1,3,1064,0,Seeded modeled result; no desktop or web application executed.
true,false,fixture-0017,sim-local-baseline,1.0.0,3,document_0017.yaml,2026-05-17_Riverstone-Co_invoice_REF-0017.yaml,2026-05-17_Riverstone-Co_invoice_REF-0017.yaml,1,1,3,1027,0,Seeded modeled result; no desktop or web application executed.
true,false,fixture-0017,sim-rule-baseline,1.0.0,1,document_0017.yaml,2026-05-17_Riverstone-Co_invoice_REF-0017.yaml,2026-05-17_invoice_REF-0017.yaml,1,0,2,104,0,Seeded modeled result; no desktop or web application executed.
true,false,fixture-0017,sim-rule-baseline,1.0.0,2,document_0017.yaml,2026-05-17_Riverstone-Co_invoice_REF-0017.yaml,2026-05-17_invoice_REF-0017.yaml,1,0,0,94,0,Seeded modeled result; no desktop or web application executed.
true,false,fixture-0017,sim-rule-baseline,1.0.0,3,document_0017.yaml,2026-05-17_Riverstone-Co_invoice_REF-0017.yaml,2026-05-17_invoice_REF-0017.yaml,1,0,0,77,0,Seeded modeled result; no desktop or web application executed.
true,false,fixture-0018,sim-reference-workflow,1.0.0,1,document_0018.html,2026-06-18_Bluebird-Health_meeting-notes_REF-0018.html,2026-06-18_Bluebird-Health_meeting-notes_REF-0018.html,1,1,3,492,0,Seeded modeled result; no desktop or web application executed.
true,false,fixture-0018,sim-reference-workflow,1.0.0,2,document_0018.html,2026-06-18_Bluebird-Health_meeting-notes_REF-0018.html,2026-06-18_Bluebird-Health_meeting-notes_REF-0018.html,1,1,3,485,0,Seeded modeled result; no desktop or web application executed.
true,false,fixture-0018,sim-reference-workflow,1.0.0,3,document_0018.html,2026-06-18_Bluebird-Health_meeting-notes_REF-0018.html,2026-06-18_Bluebird-Health_meeting-notes_REF-0018.html,1,1,3,544,0,Seeded modeled result; no desktop or web application executed.
true,false,fixture-0018,sim-cloud-baseline,1.0.0,1,document_0018.html,2026-06-18_Bluebird-Health_meeting-notes_REF-0018.html,2026-06-18_Bluebird-Health_meeting-notes_REF-0018.html,1,1,3,822,0,Seeded modeled result; no desktop or web application executed.
true,false,fixture-0018,sim-cloud-baseline,1.0.0,2,document_0018.html,2026-06-18_Bluebird-Health_meeting-notes_REF-0018.html,2026-06-18_Bluebird-Health_meeting-notes_REF-0018.html,1,1,3,852,0,Seeded modeled result; no desktop or web application executed.
true,false,fixture-0018,sim-cloud-baseline,1.0.0,3,document_0018.html,2026-06-18_Bluebird-Health_meeting-notes_REF-0018.html,2026-06-18_Bluebird-Health_meeting-notes_REF-0018.html,1,1,3,629,0,Seeded modeled result; no desktop or web application executed.
true,false,fixture-0018,sim-local-baseline,1.0.0,1,document_0018.html,2026-06-18_Bluebird-Health_meeting-notes_REF-0018.html,2026-06-18_Bluebird-Health_meeting-notes_REF-0018.html,1,1,3,875,0,Seeded modeled result; no desktop or web application executed.
true,false,fixture-0018,sim-local-baseline,1.0.0,2,document_0018.html,2026-06-18_Bluebird-Health_meeting-notes_REF-0018.html,2026-06-18_meeting-notes_REF-0018.html,1,0,2,1001,0,Seeded modeled result; no desktop or web application executed.
true,false,fixture-0018,sim-local-baseline,1.0.0,3,document_0018.html,2026-06-18_Bluebird-Health_meeting-notes_REF-0018.html,2026-06-18_Bluebird-Health_meeting-notes_REF-0018.html,1,1,3,1200,0,Seeded modeled result; no desktop or web application executed.
true,false,fixture-0018,sim-rule-baseline,1.0.0,1,document_0018.html,2026-06-18_Bluebird-Health_meeting-notes_REF-0018.html,2026-06-18_meeting-notes_REF-0018.html,1,0,1,92,0,Seeded modeled result; no desktop or web application executed.
true,false,fixture-0018,sim-rule-baseline,1.0.0,2,document_0018.html,2026-06-18_Bluebird-Health_meeting-notes_REF-0018.html,2026-06-18_meeting-notes_REF-0018.html,1,0,1,102,0,Seeded modeled result; no desktop or web application executed.
true,false,fixture-0018,sim-rule-baseline,1.0.0,3,document_0018.html,2026-06-18_Bluebird-Health_meeting-notes_REF-0018.html,2026-06-18_meeting-notes_REF-0018.html,1,0,0,92,0,Seeded modeled result; no desktop or web application executed.
true,false,fixture-0019,sim-reference-workflow,1.0.0,1,document_0019.eml,2026-07-19_Northstar-Studio_invoice_REF-0019.eml,2026-07-19_Northstar-Studio_invoice_REF-0019.eml,1,1,3,548,0,Seeded modeled result; no desktop or web application executed.
true,false,fixture-0019,sim-reference-workflow,1.0.0,2,document_0019.eml,2026-07-19_Northstar-Studio_invoice_REF-0019.eml,2026-07-19_Northstar-Studio_invoice_REF-0019.eml,1,1,3,421,0,Seeded modeled result; no desktop or web application executed.
true,false,fixture-0019,sim-reference-workflow,1.0.0,3,document_0019.eml,2026-07-19_Northstar-Studio_invoice_REF-0019.eml,2026-07-19_Northstar-Studio_invoice_REF-0019.eml,1,1,3,552,0,Seeded modeled result; no desktop or web application executed.
true,false,fixture-0019,sim-cloud-baseline,1.0.0,1,document_0019.eml,2026-07-19_Northstar-Studio_invoice_REF-0019.eml,2026-07-19_Northstar-Studio_invoice_REF-0019.eml,1,1,3,843,0,Seeded modeled result; no desktop or web application executed.
true,false,fixture-0019,sim-cloud-baseline,1.0.0,2,document_0019.eml,2026-07-19_Northstar-Studio_invoice_REF-0019.eml,2026-07-19_Northstar-Studio_invoice_REF-0019.eml,1,1,3,803,0,Seeded modeled result; no desktop or web application executed.
true,false,fixture-0019,sim-cloud-baseline,1.0.0,3,document_0019.eml,2026-07-19_Northstar-Studio_invoice_REF-0019.eml,2026-07-19_Northstar-Studio_invoice_REF-0019.eml,1,1,3,849,0,Seeded modeled result; no desktop or web application executed.
true,false,fixture-0019,sim-local-baseline,1.0.0,1,document_0019.eml,2026-07-19_Northstar-Studio_invoice_REF-0019.eml,2026-07-19_invoice_REF-0019.eml,1,0,0,1220,0,Seeded modeled result; no desktop or web application executed.
true,false,fixture-0019,sim-local-baseline,1.0.0,2,document_0019.eml,2026-07-19_Northstar-Studio_invoice_REF-0019.eml,2026-07-19_Northstar-Studio_invoice_REF-0019.eml,1,1,3,780,0,Seeded modeled result; no desktop or web application executed.
true,false,fixture-0019,sim-local-baseline,1.0.0,3,document_0019.eml,2026-07-19_Northstar-Studio_invoice_REF-0019.eml,2026-07-19_invoice_REF-0019.eml,1,0,2,947,0,Seeded modeled result; no desktop or web application executed.
true,false,fixture-0019,sim-rule-baseline,1.0.0,1,document_0019.eml,2026-07-19_Northstar-Studio_invoice_REF-0019.eml,2026-07-19_invoice_REF-0019.eml,1,0,2,91,0,Seeded modeled result; no desktop or web application executed.
true,false,fixture-0019,sim-rule-baseline,1.0.0,2,document_0019.eml,2026-07-19_Northstar-Studio_invoice_REF-0019.eml,2026-07-19_invoice_REF-0019.eml,1,0,1,103,0,Seeded modeled result; no desktop or web application executed.
true,false,fixture-0019,sim-rule-baseline,1.0.0,3,document_0019.eml,2026-07-19_Northstar-Studio_invoice_REF-0019.eml,2026-07-19_invoice_REF-0019.eml,1,0,2,103,0,Seeded modeled result; no desktop or web application executed.
true,false,fixture-0020,sim-reference-workflow,1.0.0,1,document_0020.srt,2026-08-20_Pinecone-Works_meeting-notes_REF-0020.srt,2026-08-20_Pinecone-Works_meeting-notes_REF-0020.srt,1,1,3,540,0,Seeded modeled result; no desktop or web application executed.
true,false,fixture-0020,sim-reference-workflow,1.0.0,2,document_0020.srt,2026-08-20_Pinecone-Works_meeting-notes_REF-0020.srt,2026-08-20_meeting-notes_REF-0020.srt,1,0,3,464,0,Seeded modeled result; no desktop or web application executed.
true,false,fixture-0020,sim-reference-workflow,1.0.0,3,document_0020.srt,2026-08-20_Pinecone-Works_meeting-notes_REF-0020.srt,2026-08-20_Pinecone-Works_meeting-notes_REF-0020.srt,1,1,3,455,0,Seeded modeled result; no desktop or web application executed.
true,false,fixture-0020,sim-cloud-baseline,1.0.0,1,document_0020.srt,2026-08-20_Pinecone-Works_meeting-notes_REF-0020.srt,2026-08-20_Pinecone-Works_meeting-notes_REF-0020.srt,1,1,3,841,0,Seeded modeled result; no desktop or web application executed.
true,false,fixture-0020,sim-cloud-baseline,1.0.0,2,document_0020.srt,2026-08-20_Pinecone-Works_meeting-notes_REF-0020.srt,2026-08-20_Pinecone-Works_meeting-notes_REF-0020.srt,1,1,3,867,0,Seeded modeled result; no desktop or web application executed.
true,false,fixture-0020,sim-cloud-baseline,1.0.0,3,document_0020.srt,2026-08-20_Pinecone-Works_meeting-notes_REF-0020.srt,2026-08-20_Pinecone-Works_meeting-notes_REF-0020.srt,1,1,3,898,0,Seeded modeled result; no desktop or web application executed.
true,false,fixture-0020,sim-local-baseline,1.0.0,1,document_0020.srt,2026-08-20_Pinecone-Works_meeting-notes_REF-0020.srt,2026-08-20_Pinecone-Works_meeting-notes_REF-0020.srt,1,1,3,1048,0,Seeded modeled result; no desktop or web application executed.
true,false,fixture-0020,sim-local-baseline,1.0.0,2,document_0020.srt,2026-08-20_Pinecone-Works_meeting-notes_REF-0020.srt,2026-08-20_meeting-notes_REF-0020.srt,1,0,2,862,0,Seeded modeled result; no desktop or web application executed.
true,false,fixture-0020,sim-local-baseline,1.0.0,3,document_0020.srt,2026-08-20_Pinecone-Works_meeting-notes_REF-0020.srt,2026-08-20_Pinecone-Works_meeting-notes_REF-0020.srt,1,1,3,875,0,Seeded modeled result; no desktop or web application executed.
true,false,fixture-0020,sim-rule-baseline,1.0.0,1,document_0020.srt,2026-08-20_Pinecone-Works_meeting-notes_REF-0020.srt,2026-08-20_meeting-notes_REF-0020.srt,1,0,0,89,0,Seeded modeled result; no desktop or web application executed.
true,false,fixture-0020,sim-rule-baseline,1.0.0,2,document_0020.srt,2026-08-20_Pinecone-Works_meeting-notes_REF-0020.srt,2026-08-20_Pinecone-Works_meeting-notes_REF-0020.srt,1,1,3,94,0,Seeded modeled result; no desktop or web application executed.
true,false,fixture-0020,sim-rule-baseline,1.0.0,3,document_0020.srt,2026-08-20_Pinecone-Works_meeting-notes_REF-0020.srt,2026-08-20_meeting-notes_REF-0020.srt,1,0,1,96,0,Seeded modeled result; no desktop or web application executed.
true,false,fixture-0021,sim-reference-workflow,1.0.0,1,document_0021.vtt,2026-09-21_Acme-Labs_invoice_REF-0021.vtt,2026-09-21_Acme-Labs_invoice_REF-0021.vtt,1,1,3,504,0,Seeded modeled result; no desktop or web application executed.
true,false,fixture-0021,sim-reference-workflow,1.0.0,2,document_0021.vtt,2026-09-21_Acme-Labs_invoice_REF-0021.vtt,2026-09-21_Acme-Labs_invoice_REF-0021.vtt,1,1,3,466,0,Seeded modeled result; no desktop or web application executed.
true,false,fixture-0021,sim-reference-workflow,1.0.0,3,document_0021.vtt,2026-09-21_Acme-Labs_invoice_REF-0021.vtt,2026-09-21_Acme-Labs_invoice_REF-0021.vtt,1,1,3,478,0,Seeded modeled result; no desktop or web application executed.
true,false,fixture-0021,sim-cloud-baseline,1.0.0,1,document_0021.vtt,2026-09-21_Acme-Labs_invoice_REF-0021.vtt,2026-09-21_Acme-Labs_invoice_REF-0021.vtt,1,1,3,852,0,Seeded modeled result; no desktop or web application executed.
true,false,fixture-0021,sim-cloud-baseline,1.0.0,2,document_0021.vtt,2026-09-21_Acme-Labs_invoice_REF-0021.vtt,2026-09-21_Acme-Labs_invoice_REF-0021.vtt,1,1,3,600,0,Seeded modeled result; no desktop or web application executed.
true,false,fixture-0021,sim-cloud-baseline,1.0.0,3,document_0021.vtt,2026-09-21_Acme-Labs_invoice_REF-0021.vtt,2026-09-21_Acme-Labs_invoice_REF-0021.vtt,1,1,3,640,0,Seeded modeled result; no desktop or web application executed.
true,false,fixture-0021,sim-local-baseline,1.0.0,1,document_0021.vtt,2026-09-21_Acme-Labs_invoice_REF-0021.vtt,2026-09-21_Acme-Labs_invoice_REF-0021.vtt,1,1,3,1056,0,Seeded modeled result; no desktop or web application executed.
true,false,fixture-0021,sim-local-baseline,1.0.0,2,document_0021.vtt,2026-09-21_Acme-Labs_invoice_REF-0021.vtt,2026-09-21_Acme-Labs_invoice_REF-0021.vtt,1,1,3,891,0,Seeded modeled result; no desktop or web application executed.
true,false,fixture-0021,sim-local-baseline,1.0.0,3,document_0021.vtt,2026-09-21_Acme-Labs_invoice_REF-0021.vtt,2026-09-21_Acme-Labs_invoice_REF-0021.vtt,1,1,3,1157,0,Seeded modeled result; no desktop or web application executed.
true,false,fixture-0021,sim-rule-baseline,1.0.0,1,document_0021.vtt,2026-09-21_Acme-Labs_invoice_REF-0021.vtt,2026-09-21_invoice_REF-0021.vtt,1,0,1,96,0,Seeded modeled result; no desktop or web application executed.
true,false,fixture-0021,sim-rule-baseline,1.0.0,2,document_0021.vtt,2026-09-21_Acme-Labs_invoice_REF-0021.vtt,2026-09-21_invoice_REF-0021.vtt,1,0,1,73,0,Seeded modeled result; no desktop or web application executed.
true,false,fixture-0021,sim-rule-baseline,1.0.0,3,document_0021.vtt,2026-09-21_Acme-Labs_invoice_REF-0021.vtt,2026-09-21_Acme-Labs_invoice_REF-0021.vtt,1,1,3,112,0,Seeded modeled result; no desktop or web application executed.
true,false,fixture-0022,sim-reference-workflow,1.0.0,1,document_0022.svg,2026-10-22_Riverstone-Co_meeting-notes_REF-0022.svg,2026-10-22_Riverstone-Co_meeting-notes_REF-0022.svg,1,1,3,555,0,Seeded modeled result; no desktop or web application executed.
true,false,fixture-0022,sim-reference-workflow,1.0.0,2,document_0022.svg,2026-10-22_Riverstone-Co_meeting-notes_REF-0022.svg,2026-10-22_Riverstone-Co_meeting-notes_REF-0022.svg,1,1,3,603,0,Seeded modeled result; no desktop or web application executed.
true,false,fixture-0022,sim-reference-workflow,1.0.0,3,document_0022.svg,2026-10-22_Riverstone-Co_meeting-notes_REF-0022.svg,2026-10-22_Riverstone-Co_meeting-notes_REF-0022.svg,1,1,3,472,0,Seeded modeled result; no desktop or web application executed.
true,false,fixture-0022,sim-cloud-baseline,1.0.0,1,document_0022.svg,2026-10-22_Riverstone-Co_meeting-notes_REF-0022.svg,2026-10-22_meeting-notes_REF-0022.svg,1,0,1,569,0,Seeded modeled result; no desktop or web application executed.
true,false,fixture-0022,sim-cloud-baseline,1.0.0,2,document_0022.svg,2026-10-22_Riverstone-Co_meeting-notes_REF-0022.svg,2026-10-22_Riverstone-Co_meeting-notes_REF-0022.svg,1,1,3,627,0,Seeded modeled result; no desktop or web application executed.
true,false,fixture-0022,sim-cloud-baseline,1.0.0,3,document_0022.svg,2026-10-22_Riverstone-Co_meeting-notes_REF-0022.svg,2026-10-22_Riverstone-Co_meeting-notes_REF-0022.svg,1,1,3,676,0,Seeded modeled result; no desktop or web application executed.
true,false,fixture-0022,sim-local-baseline,1.0.0,1,document_0022.svg,2026-10-22_Riverstone-Co_meeting-notes_REF-0022.svg,2026-10-22_Riverstone-Co_meeting-notes_REF-0022.svg,1,1,3,1211,0,Seeded modeled result; no desktop or web application executed.
true,false,fixture-0022,sim-local-baseline,1.0.0,2,document_0022.svg,2026-10-22_Riverstone-Co_meeting-notes_REF-0022.svg,2026-10-22_Riverstone-Co_meeting-notes_REF-0022.svg,1,1,3,896,0,Seeded modeled result; no desktop or web application executed.
true,false,fixture-0022,sim-local-baseline,1.0.0,3,document_0022.svg,2026-10-22_Riverstone-Co_meeting-notes_REF-0022.svg,2026-10-22_meeting-notes_REF-0022.svg,1,0,3,937,0,Seeded modeled result; no desktop or web application executed.
true,false,fixture-0022,sim-rule-baseline,1.0.0,1,document_0022.svg,2026-10-22_Riverstone-Co_meeting-notes_REF-0022.svg,2026-10-22_meeting-notes_REF-0022.svg,1,0,1,105,0,Seeded modeled result; no desktop or web application executed.
true,false,fixture-0022,sim-rule-baseline,1.0.0,2,document_0022.svg,2026-10-22_Riverstone-Co_meeting-notes_REF-0022.svg,2026-10-22_meeting-notes_REF-0022.svg,1,0,2,87,0,Seeded modeled result; no desktop or web application executed.
true,false,fixture-0022,sim-rule-baseline,1.0.0,3,document_0022.svg,2026-10-22_Riverstone-Co_meeting-notes_REF-0022.svg,2026-10-22_Riverstone-Co_meeting-notes_REF-0022.svg,1,1,3,107,0,Seeded modeled result; no desktop or web application executed.
true,false,fixture-0023,sim-reference-workflow,1.0.0,1,document_0023.txt,2026-11-23_Bluebird-Health_invoice_REF-0023.txt,2026-11-23_Bluebird-Health_invoice_REF-0023.txt,1,1,3,449,0,Seeded modeled result; no desktop or web application executed.
true,false,fixture-0023,sim-reference-workflow,1.0.0,2,document_0023.txt,2026-11-23_Bluebird-Health_invoice_REF-0023.txt,2026-11-23_Bluebird-Health_invoice_REF-0023.txt,1,1,3,435,0,Seeded modeled result; no desktop or web application executed.
true,false,fixture-0023,sim-reference-workflow,1.0.0,3,document_0023.txt,2026-11-23_Bluebird-Health_invoice_REF-0023.txt,2026-11-23_Bluebird-Health_invoice_REF-0023.txt,1,1,3,611,0,Seeded modeled result; no desktop or web application executed.
true,false,fixture-0023,sim-cloud-baseline,1.0.0,1,document_0023.txt,2026-11-23_Bluebird-Health_invoice_REF-0023.txt,2026-11-23_invoice_REF-0023.txt,1,0,3,620,0,Seeded modeled result; no desktop or web application executed.
true,false,fixture-0023,sim-cloud-baseline,1.0.0,2,document_0023.txt,2026-11-23_Bluebird-Health_invoice_REF-0023.txt,2026-11-23_Bluebird-Health_invoice_REF-0023.txt,0,1,3,734,1,Seeded modeled result; no desktop or web application executed.
true,false,fixture-0023,sim-cloud-baseline,1.0.0,3,document_0023.txt,2026-11-23_Bluebird-Health_invoice_REF-0023.txt,2026-11-23_Bluebird-Health_invoice_REF-0023.txt,1,1,3,718,0,Seeded modeled result; no desktop or web application executed.
true,false,fixture-0023,sim-local-baseline,1.0.0,1,document_0023.txt,2026-11-23_Bluebird-Health_invoice_REF-0023.txt,2026-11-23_Bluebird-Health_invoice_REF-0023.txt,1,1,3,1200,0,Seeded modeled result; no desktop or web application executed.
true,false,fixture-0023,sim-local-baseline,1.0.0,2,document_0023.txt,2026-11-23_Bluebird-Health_invoice_REF-0023.txt,2026-11-23_invoice_REF-0023.txt,1,0,1,771,0,Seeded modeled result; no desktop or web application executed.
true,false,fixture-0023,sim-local-baseline,1.0.0,3,document_0023.txt,2026-11-23_Bluebird-Health_invoice_REF-0023.txt,2026-11-23_Bluebird-Health_invoice_REF-0023.txt,1,1,3,773,0,Seeded modeled result; no desktop or web application executed.
true,false,fixture-0023,sim-rule-baseline,1.0.0,1,document_0023.txt,2026-11-23_Bluebird-Health_invoice_REF-0023.txt,2026-11-23_invoice_REF-0023.txt,1,0,1,89,0,Seeded modeled result; no desktop or web application executed.
true,false,fixture-0023,sim-rule-baseline,1.0.0,2,document_0023.txt,2026-11-23_Bluebird-Health_invoice_REF-0023.txt,2026-11-23_invoice_REF-0023.txt,1,0,1,81,0,Seeded modeled result; no desktop or web application executed.
true,false,fixture-0023,sim-rule-baseline,1.0.0,3,document_0023.txt,2026-11-23_Bluebird-Health_invoice_REF-0023.txt,2026-11-23_invoice_REF-0023.txt,1,0,2,96,0,Seeded modeled result; no desktop or web application executed.
true,false,fixture-0024,sim-reference-workflow,1.0.0,1,document_0024.md,2026-12-24_Northstar-Studio_meeting-notes_REF-0024.md,2026-12-24_Northstar-Studio_meeting-notes_REF-0024.md,1,1,3,493,0,Seeded modeled result; no desktop or web application executed.
true,false,fixture-0024,sim-reference-workflow,1.0.0,2,document_0024.md,2026-12-24_Northstar-Studio_meeting-notes_REF-0024.md,2026-12-24_meeting-notes_REF-0024.md,1,0,3,469,0,Seeded modeled result; no desktop or web application executed.
true,false,fixture-0024,sim-reference-workflow,1.0.0,3,document_0024.md,2026-12-24_Northstar-Studio_meeting-notes_REF-0024.md,2026-12-24_Northstar-Studio_meeting-notes_REF-0024.md,1,1,3,555,0,Seeded modeled result; no desktop or web application executed.
true,false,fixture-0024,sim-cloud-baseline,1.0.0,1,document_0024.md,2026-12-24_Northstar-Studio_meeting-notes_REF-0024.md,2026-12-24_Northstar-Studio_meeting-notes_REF-0024.md,1,1,3,774,0,Seeded modeled result; no desktop or web application executed.
true,false,fixture-0024,sim-cloud-baseline,1.0.0,2,document_0024.md,2026-12-24_Northstar-Studio_meeting-notes_REF-0024.md,2026-12-24_meeting-notes_REF-0024.md,1,0,2,873,0,Seeded modeled result; no desktop or web application executed.
true,false,fixture-0024,sim-cloud-baseline,1.0.0,3,document_0024.md,2026-12-24_Northstar-Studio_meeting-notes_REF-0024.md,2026-12-24_meeting-notes_REF-0024.md,1,0,3,621,0,Seeded modeled result; no desktop or web application executed.
true,false,fixture-0024,sim-local-baseline,1.0.0,1,document_0024.md,2026-12-24_Northstar-Studio_meeting-notes_REF-0024.md,2026-12-24_Northstar-Studio_meeting-notes_REF-0024.md,1,1,3,965,0,Seeded modeled result; no desktop or web application executed.
true,false,fixture-0024,sim-local-baseline,1.0.0,2,document_0024.md,2026-12-24_Northstar-Studio_meeting-notes_REF-0024.md,2026-12-24_Northstar-Studio_meeting-notes_REF-0024.md,1,1,3,984,0,Seeded modeled result; no desktop or web application executed.
true,false,fixture-0024,sim-local-baseline,1.0.0,3,document_0024.md,2026-12-24_Northstar-Studio_meeting-notes_REF-0024.md,2026-12-24_Northstar-Studio_meeting-notes_REF-0024.md,1,1,3,941,0,Seeded modeled result; no desktop or web application executed.
true,false,fixture-0024,sim-rule-baseline,1.0.0,1,document_0024.md,2026-12-24_Northstar-Studio_meeting-notes_REF-0024.md,2026-12-24_meeting-notes_REF-0024.md,1,0,1,92,0,Seeded modeled result; no desktop or web application executed.
true,false,fixture-0024,sim-rule-baseline,1.0.0,2,document_0024.md,2026-12-24_Northstar-Studio_meeting-notes_REF-0024.md,2026-12-24_Northstar-Studio_meeting-notes_REF-0024.md,1,1,3,98,0,Seeded modeled result; no desktop or web application executed.
true,false,fixture-0024,sim-rule-baseline,1.0.0,3,document_0024.md,2026-12-24_Northstar-Studio_meeting-notes_REF-0024.md,2026-12-24_meeting-notes_REF-0024.md,1,0,1,97,0,Seeded modeled result; no desktop or web application executed.
true,false,fixture-0025,sim-reference-workflow,1.0.0,1,document_0025.csv,2026-01-25_Pinecone-Works_invoice_REF-0025.csv,2026-01-25_Pinecone-Works_invoice_REF-0025.csv,1,1,3,409,0,Seeded modeled result; no desktop or web application executed.
true,false,fixture-0025,sim-reference-workflow,1.0.0,2,document_0025.csv,2026-01-25_Pinecone-Works_invoice_REF-0025.csv,2026-01-25_Pinecone-Works_invoice_REF-0025.csv,1,1,3,393,0,Seeded modeled result; no desktop or web application executed.
true,false,fixture-0025,sim-reference-workflow,1.0.0,3,document_0025.csv,2026-01-25_Pinecone-Works_invoice_REF-0025.csv,2026-01-25_Pinecone-Works_invoice_REF-0025.csv,1,1,3,496,0,Seeded modeled result; no desktop or web application executed.
true,false,fixture-0025,sim-cloud-baseline,1.0.0,1,document_0025.csv,2026-01-25_Pinecone-Works_invoice_REF-0025.csv,2026-01-25_invoice_REF-0025.csv,1,0,2,908,0,Seeded modeled result; no desktop or web application executed.
true,false,fixture-0025,sim-cloud-baseline,1.0.0,2,document_0025.csv,2026-01-25_Pinecone-Works_invoice_REF-0025.csv,2026-01-25_invoice_REF-0025.csv,1,0,3,672,0,Seeded modeled result; no desktop or web application executed.
true,false,fixture-0025,sim-cloud-baseline,1.0.0,3,document_0025.csv,2026-01-25_Pinecone-Works_invoice_REF-0025.csv,2026-01-25_Pinecone-Works_invoice_REF-0025.csv,1,1,3,821,0,Seeded modeled result; no desktop or web application executed.
true,false,fixture-0025,sim-local-baseline,1.0.0,1,document_0025.csv,2026-01-25_Pinecone-Works_invoice_REF-0025.csv,2026-01-25_Pinecone-Works_invoice_REF-0025.csv,0,1,3,1189,1,Seeded modeled result; no desktop or web application executed.
true,false,fixture-0025,sim-local-baseline,1.0.0,2,document_0025.csv,2026-01-25_Pinecone-Works_invoice_REF-0025.csv,2026-01-25_Pinecone-Works_invoice_REF-0025.csv,1,1,3,867,0,Seeded modeled result; no desktop or web application executed.
true,false,fixture-0025,sim-local-baseline,1.0.0,3,document_0025.csv,2026-01-25_Pinecone-Works_invoice_REF-0025.csv,2026-01-25_Pinecone-Works_invoice_REF-0025.csv,1,1,3,747,0,Seeded modeled result; no desktop or web application executed.
true,false,fixture-0025,sim-rule-baseline,1.0.0,1,document_0025.csv,2026-01-25_Pinecone-Works_invoice_REF-0025.csv,2026-01-25_Pinecone-Works_invoice_REF-0025.csv,1,1,3,76,0,Seeded modeled result; no desktop or web application executed.
true,false,fixture-0025,sim-rule-baseline,1.0.0,2,document_0025.csv,2026-01-25_Pinecone-Works_invoice_REF-0025.csv,2026-01-25_invoice_REF-0025.csv,1,0,0,106,0,Seeded modeled result; no desktop or web application executed.
true,false,fixture-0025,sim-rule-baseline,1.0.0,3,document_0025.csv,2026-01-25_Pinecone-Works_invoice_REF-0025.csv,2026-01-25_invoice_REF-0025.csv,1,0,2,103,0,Seeded modeled result; no desktop or web application executed.
true,false,fixture-0026,sim-reference-workflow,1.0.0,1,document_0026.json,2026-02-26_Acme-Labs_meeting-notes_REF-0026.json,2026-02-26_meeting-notes_REF-0026.json,1,0,3,550,0,Seeded modeled result; no desktop or web application executed.
true,false,fixture-0026,sim-reference-workflow,1.0.0,2,document_0026.json,2026-02-26_Acme-Labs_meeting-notes_REF-0026.json,2026-02-26_Acme-Labs_meeting-notes_REF-0026.json,1,1,3,418,0,Seeded modeled result; no desktop or web application executed.
true,false,fixture-0026,sim-reference-workflow,1.0.0,3,document_0026.json,2026-02-26_Acme-Labs_meeting-notes_REF-0026.json,2026-02-26_Acme-Labs_meeting-notes_REF-0026.json,1,1,3,501,0,Seeded modeled result; no desktop or web application executed.
true,false,fixture-0026,sim-cloud-baseline,1.0.0,1,document_0026.json,2026-02-26_Acme-Labs_meeting-notes_REF-0026.json,2026-02-26_meeting-notes_REF-0026.json,1,0,0,616,0,Seeded modeled result; no desktop or web application executed.
true,false,fixture-0026,sim-cloud-baseline,1.0.0,2,document_0026.json,2026-02-26_Acme-Labs_meeting-notes_REF-0026.json,2026-02-26_Acme-Labs_meeting-notes_REF-0026.json,1,1,3,862,0,Seeded modeled result; no desktop or web application executed.
true,false,fixture-0026,sim-cloud-baseline,1.0.0,3,document_0026.json,2026-02-26_Acme-Labs_meeting-notes_REF-0026.json,2026-02-26_meeting-notes_REF-0026.json,1,0,3,671,0,Seeded modeled result; no desktop or web application executed.
true,false,fixture-0026,sim-local-baseline,1.0.0,1,document_0026.json,2026-02-26_Acme-Labs_meeting-notes_REF-0026.json,2026-02-26_meeting-notes_REF-0026.json,1,0,1,1073,0,Seeded modeled result; no desktop or web application executed.
true,false,fixture-0026,sim-local-baseline,1.0.0,2,document_0026.json,2026-02-26_Acme-Labs_meeting-notes_REF-0026.json,2026-02-26_Acme-Labs_meeting-notes_REF-0026.json,1,1,3,1070,0,Seeded modeled result; no desktop or web application executed.
true,false,fixture-0026,sim-local-baseline,1.0.0,3,document_0026.json,2026-02-26_Acme-Labs_meeting-notes_REF-0026.json,2026-02-26_meeting-notes_REF-0026.json,1,0,3,1033,0,Seeded modeled result; no desktop or web application executed.
true,false,fixture-0026,sim-rule-baseline,1.0.0,1,document_0026.json,2026-02-26_Acme-Labs_meeting-notes_REF-0026.json,2026-02-26_meeting-notes_REF-0026.json,1,0,2,84,0,Seeded modeled result; no desktop or web application executed.
true,false,fixture-0026,sim-rule-baseline,1.0.0,2,document_0026.json,2026-02-26_Acme-Labs_meeting-notes_REF-0026.json,2026-02-26_meeting-notes_REF-0026.json,1,0,1,95,0,Seeded modeled result; no desktop or web application executed.
true,false,fixture-0026,sim-rule-baseline,1.0.0,3,document_0026.json,2026-02-26_Acme-Labs_meeting-notes_REF-0026.json,2026-02-26_meeting-notes_REF-0026.json,1,0,2,97,0,Seeded modeled result; no desktop or web application executed.
true,false,fixture-0027,sim-reference-workflow,1.0.0,1,document_0027.xml,2026-03-27_Riverstone-Co_invoice_REF-0027.xml,2026-03-27_Riverstone-Co_invoice_REF-0027.xml,1,1,3,622,0,Seeded modeled result; no desktop or web application executed.
true,false,fixture-0027,sim-reference-workflow,1.0.0,2,document_0027.xml,2026-03-27_Riverstone-Co_invoice_REF-0027.xml,2026-03-27_Riverstone-Co_invoice_REF-0027.xml,1,1,3,491,0,Seeded modeled result; no desktop or web application executed.
true,false,fixture-0027,sim-reference-workflow,1.0.0,3,document_0027.xml,2026-03-27_Riverstone-Co_invoice_REF-0027.xml,2026-03-27_Riverstone-Co_invoice_REF-0027.xml,1,1,3,393,0,Seeded modeled result; no desktop or web application executed.
true,false,fixture-0027,sim-cloud-baseline,1.0.0,1,document_0027.xml,2026-03-27_Riverstone-Co_invoice_REF-0027.xml,2026-03-27_Riverstone-Co_invoice_REF-0027.xml,1,1,3,789,0,Seeded modeled result; no desktop or web application executed.
true,false,fixture-0027,sim-cloud-baseline,1.0.0,2,document_0027.xml,2026-03-27_Riverstone-Co_invoice_REF-0027.xml,2026-03-27_Riverstone-Co_invoice_REF-0027.xml,1,1,3,643,0,Seeded modeled result; no desktop or web application executed.
true,false,fixture-0027,sim-cloud-baseline,1.0.0,3,document_0027.xml,2026-03-27_Riverstone-Co_invoice_REF-0027.xml,2026-03-27_Riverstone-Co_invoice_REF-0027.xml,1,1,3,782,0,Seeded modeled result; no desktop or web application executed.
true,false,fixture-0027,sim-local-baseline,1.0.0,1,document_0027.xml,2026-03-27_Riverstone-Co_invoice_REF-0027.xml,2026-03-27_Riverstone-Co_invoice_REF-0027.xml,1,1,3,897,0,Seeded modeled result; no desktop or web application executed.
true,false,fixture-0027,sim-local-baseline,1.0.0,2,document_0027.xml,2026-03-27_Riverstone-Co_invoice_REF-0027.xml,2026-03-27_Riverstone-Co_invoice_REF-0027.xml,1,1,3,927,0,Seeded modeled result; no desktop or web application executed.
true,false,fixture-0027,sim-local-baseline,1.0.0,3,document_0027.xml,2026-03-27_Riverstone-Co_invoice_REF-0027.xml,2026-03-27_invoice_REF-0027.xml,1,0,1,853,0,Seeded modeled result; no desktop or web application executed.
true,false,fixture-0027,sim-rule-baseline,1.0.0,1,document_0027.xml,2026-03-27_Riverstone-Co_invoice_REF-0027.xml,2026-03-27_Riverstone-Co_invoice_REF-0027.xml,1,1,3,93,0,Seeded modeled result; no desktop or web application executed.
true,false,fixture-0027,sim-rule-baseline,1.0.0,2,document_0027.xml,2026-03-27_Riverstone-Co_invoice_REF-0027.xml,2026-03-27_invoice_REF-0027.xml,1,0,1,70,0,Seeded modeled result; no desktop or web application executed.
true,false,fixture-0027,sim-rule-baseline,1.0.0,3,document_0027.xml,2026-03-27_Riverstone-Co_invoice_REF-0027.xml,2026-03-27_invoice_REF-0027.xml,1,0,1,97,0,Seeded modeled result; no desktop or web application executed.
true,false,fixture-0028,sim-reference-workflow,1.0.0,1,document_0028.yaml,2026-04-01_Bluebird-Health_meeting-notes_REF-0028.yaml,2026-04-01_meeting-notes_REF-0028.yaml,1,0,3,650,0,Seeded modeled result; no desktop or web application executed.
true,false,fixture-0028,sim-reference-workflow,1.0.0,2,document_0028.yaml,2026-04-01_Bluebird-Health_meeting-notes_REF-0028.yaml,2026-04-01_Bluebird-Health_meeting-notes_REF-0028.yaml,1,1,3,636,0,Seeded modeled result; no desktop or web application executed.
true,false,fixture-0028,sim-reference-workflow,1.0.0,3,document_0028.yaml,2026-04-01_Bluebird-Health_meeting-notes_REF-0028.yaml,2026-04-01_Bluebird-Health_meeting-notes_REF-0028.yaml,1,1,3,576,0,Seeded modeled result; no desktop or web application executed.
true,false,fixture-0028,sim-cloud-baseline,1.0.0,1,document_0028.yaml,2026-04-01_Bluebird-Health_meeting-notes_REF-0028.yaml,2026-04-01_Bluebird-Health_meeting-notes_REF-0028.yaml,1,1,3,566,0,Seeded modeled result; no desktop or web application executed.
true,false,fixture-0028,sim-cloud-baseline,1.0.0,2,document_0028.yaml,2026-04-01_Bluebird-Health_meeting-notes_REF-0028.yaml,2026-04-01_Bluebird-Health_meeting-notes_REF-0028.yaml,1,1,3,841,0,Seeded modeled result; no desktop or web application executed.
true,false,fixture-0028,sim-cloud-baseline,1.0.0,3,document_0028.yaml,2026-04-01_Bluebird-Health_meeting-notes_REF-0028.yaml,2026-04-01_meeting-notes_REF-0028.yaml,1,0,3,906,0,Seeded modeled result; no desktop or web application executed.
true,false,fixture-0028,sim-local-baseline,1.0.0,1,document_0028.yaml,2026-04-01_Bluebird-Health_meeting-notes_REF-0028.yaml,2026-04-01_Bluebird-Health_meeting-notes_REF-0028.yaml,1,1,3,767,0,Seeded modeled result; no desktop or web application executed.
true,false,fixture-0028,sim-local-baseline,1.0.0,2,document_0028.yaml,2026-04-01_Bluebird-Health_meeting-notes_REF-0028.yaml,2026-04-01_meeting-notes_REF-0028.yaml,1,0,3,988,0,Seeded modeled result; no desktop or web application executed.
true,false,fixture-0028,sim-local-baseline,1.0.0,3,document_0028.yaml,2026-04-01_Bluebird-Health_meeting-notes_REF-0028.yaml,2026-04-01_Bluebird-Health_meeting-notes_REF-0028.yaml,1,1,3,1100,0,Seeded modeled result; no desktop or web application executed.
true,false,fixture-0028,sim-rule-baseline,1.0.0,1,document_0028.yaml,2026-04-01_Bluebird-Health_meeting-notes_REF-0028.yaml,2026-04-01_meeting-notes_REF-0028.yaml,1,0,1,93,0,Seeded modeled result; no desktop or web application executed.
true,false,fixture-0028,sim-rule-baseline,1.0.0,2,document_0028.yaml,2026-04-01_Bluebird-Health_meeting-notes_REF-0028.yaml,2026-04-01_meeting-notes_REF-0028.yaml,1,0,0,81,0,Seeded modeled result; no desktop or web application executed.
true,false,fixture-0028,sim-rule-baseline,1.0.0,3,document_0028.yaml,2026-04-01_Bluebird-Health_meeting-notes_REF-0028.yaml,2026-04-01_meeting-notes_REF-0028.yaml,1,0,2,79,0,Seeded modeled result; no desktop or web application executed.
true,false,fixture-0029,sim-reference-workflow,1.0.0,1,document_0029.html,2026-05-02_Northstar-Studio_invoice_REF-0029.html,2026-05-02_Northstar-Studio_invoice_REF-0029.html,1,1,3,575,0,Seeded modeled result; no desktop or web application executed.
true,false,fixture-0029,sim-reference-workflow,1.0.0,2,document_0029.html,2026-05-02_Northstar-Studio_invoice_REF-0029.html,2026-05-02_Northstar-Studio_invoice_REF-0029.html,1,1,3,484,0,Seeded modeled result; no desktop or web application executed.
true,false,fixture-0029,sim-reference-workflow,1.0.0,3,document_0029.html,2026-05-02_Northstar-Studio_invoice_REF-0029.html,2026-05-02_Northstar-Studio_invoice_REF-0029.html,1,1,3,623,0,Seeded modeled result; no desktop or web application executed.
true,false,fixture-0029,sim-cloud-baseline,1.0.0,1,document_0029.html,2026-05-02_Northstar-Studio_invoice_REF-0029.html,2026-05-02_invoice_REF-0029.html,1,0,3,562,0,Seeded modeled result; no desktop or web application executed.
true,false,fixture-0029,sim-cloud-baseline,1.0.0,2,document_0029.html,2026-05-02_Northstar-Studio_invoice_REF-0029.html,2026-05-02_Northstar-Studio_invoice_REF-0029.html,1,1,3,700,0,Seeded modeled result; no desktop or web application executed.
true,false,fixture-0029,sim-cloud-baseline,1.0.0,3,document_0029.html,2026-05-02_Northstar-Studio_invoice_REF-0029.html,2026-05-02_Northstar-Studio_invoice_REF-0029.html,1,1,3,883,0,Seeded modeled result; no desktop or web application executed.
true,false,fixture-0029,sim-local-baseline,1.0.0,1,document_0029.html,2026-05-02_Northstar-Studio_invoice_REF-0029.html,2026-05-02_Northstar-Studio_invoice_REF-0029.html,1,1,3,879,0,Seeded modeled result; no desktop or web application executed.
true,false,fixture-0029,sim-local-baseline,1.0.0,2,document_0029.html,2026-05-02_Northstar-Studio_invoice_REF-0029.html,2026-05-02_Northstar-Studio_invoice_REF-0029.html,1,1,3,978,0,Seeded modeled result; no desktop or web application executed.
true,false,fixture-0029,sim-local-baseline,1.0.0,3,document_0029.html,2026-05-02_Northstar-Studio_invoice_REF-0029.html,2026-05-02_Northstar-Studio_invoice_REF-0029.html,1,1,3,1188,0,Seeded modeled result; no desktop or web application executed.
true,false,fixture-0029,sim-rule-baseline,1.0.0,1,document_0029.html,2026-05-02_Northstar-Studio_invoice_REF-0029.html,2026-05-02_invoice_REF-0029.html,1,0,1,95,0,Seeded modeled result; no desktop or web application executed.
true,false,fixture-0029,sim-rule-baseline,1.0.0,2,document_0029.html,2026-05-02_Northstar-Studio_invoice_REF-0029.html,2026-05-02_invoice_REF-0029.html,1,0,2,82,0,Seeded modeled result; no desktop or web application executed.
true,false,fixture-0029,sim-rule-baseline,1.0.0,3,document_0029.html,2026-05-02_Northstar-Studio_invoice_REF-0029.html,2026-05-02_invoice_REF-0029.html,1,0,2,106,0,Seeded modeled result; no desktop or web application executed.
true,false,fixture-0030,sim-reference-workflow,1.0.0,1,document_0030.eml,2026-06-03_Pinecone-Works_meeting-notes_REF-0030.eml,2026-06-03_Pinecone-Works_meeting-notes_REF-0030.eml,1,1,3,475,0,Seeded modeled result; no desktop or web application executed.
true,false,fixture-0030,sim-reference-workflow,1.0.0,2,document_0030.eml,2026-06-03_Pinecone-Works_meeting-notes_REF-0030.eml,2026-06-03_Pinecone-Works_meeting-notes_REF-0030.eml,1,1,3,443,0,Seeded modeled result; no desktop or web application executed.
true,false,fixture-0030,sim-reference-workflow,1.0.0,3,document_0030.eml,2026-06-03_Pinecone-Works_meeting-notes_REF-0030.eml,2026-06-03_Pinecone-Works_meeting-notes_REF-0030.eml,1,1,3,484,0,Seeded modeled result; no desktop or web application executed.
true,false,fixture-0030,sim-cloud-baseline,1.0.0,1,document_0030.eml,2026-06-03_Pinecone-Works_meeting-notes_REF-0030.eml,2026-06-03_Pinecone-Works_meeting-notes_REF-0030.eml,1,1,3,706,0,Seeded modeled result; no desktop or web application executed.
true,false,fixture-0030,sim-cloud-baseline,1.0.0,2,document_0030.eml,2026-06-03_Pinecone-Works_meeting-notes_REF-0030.eml,2026-06-03_Pinecone-Works_meeting-notes_REF-0030.eml,1,1,3,861,0,Seeded modeled result; no desktop or web application executed.
true,false,fixture-0030,sim-cloud-baseline,1.0.0,3,document_0030.eml,2026-06-03_Pinecone-Works_meeting-notes_REF-0030.eml,2026-06-03_Pinecone-Works_meeting-notes_REF-0030.eml,1,1,3,634,0,Seeded modeled result; no desktop or web application executed.
true,false,fixture-0030,sim-local-baseline,1.0.0,1,document_0030.eml,2026-06-03_Pinecone-Works_meeting-notes_REF-0030.eml,2026-06-03_meeting-notes_REF-0030.eml,1,0,3,1139,0,Seeded modeled result; no desktop or web application executed.
true,false,fixture-0030,sim-local-baseline,1.0.0,2,document_0030.eml,2026-06-03_Pinecone-Works_meeting-notes_REF-0030.eml,2026-06-03/meeting-notes:REF-0030.eml,0,0,2,1149,1,Seeded modeled result; no desktop or web application executed.
true,false,fixture-0030,sim-local-baseline,1.0.0,3,document_0030.eml,2026-06-03_Pinecone-Works_meeting-notes_REF-0030.eml,2026-06-03_Pinecone-Works_meeting-notes_REF-0030.eml,1,1,3,1010,0,Seeded modeled result; no desktop or web application executed.
true,false,fixture-0030,sim-rule-baseline,1.0.0,1,document_0030.eml,2026-06-03_Pinecone-Works_meeting-notes_REF-0030.eml,2026-06-03_meeting-notes_REF-0030.eml,1,0,0,108,0,Seeded modeled result; no desktop or web application executed.
true,false,fixture-0030,sim-rule-baseline,1.0.0,2,document_0030.eml,2026-06-03_Pinecone-Works_meeting-notes_REF-0030.eml,2026-06-03_meeting-notes_REF-0030.eml,1,0,2,108,0,Seeded modeled result; no desktop or web application executed.
true,false,fixture-0030,sim-rule-baseline,1.0.0,3,document_0030.eml,2026-06-03_Pinecone-Works_meeting-notes_REF-0030.eml,2026-06-03_meeting-notes_REF-0030.eml,1,0,0,81,0,Seeded modeled result; no desktop or web application executed.
true,false,fixture-0031,sim-reference-workflow,1.0.0,1,document_0031.srt,2026-07-04_Acme-Labs_invoice_REF-0031.srt,2026-07-04_Acme-Labs_invoice_REF-0031.srt,1,1,3,639,0,Seeded modeled result; no desktop or web application executed.
true,false,fixture-0031,sim-reference-workflow,1.0.0,2,document_0031.srt,2026-07-04_Acme-Labs_invoice_REF-0031.srt,2026-07-04_Acme-Labs_invoice_REF-0031.srt,1,1,3,619,0,Seeded modeled result; no desktop or web application executed.
true,false,fixture-0031,sim-reference-workflow,1.0.0,3,document_0031.srt,2026-07-04_Acme-Labs_invoice_REF-0031.srt,2026-07-04_Acme-Labs_invoice_REF-0031.srt,1,1,3,559,0,Seeded modeled result; no desktop or web application executed.
true,false,fixture-0031,sim-cloud-baseline,1.0.0,1,document_0031.srt,2026-07-04_Acme-Labs_invoice_REF-0031.srt,2026-07-04_Acme-Labs_invoice_REF-0031.srt,1,1,3,608,0,Seeded modeled result; no desktop or web application executed.
true,false,fixture-0031,sim-cloud-baseline,1.0.0,2,document_0031.srt,2026-07-04_Acme-Labs_invoice_REF-0031.srt,2026-07-04_Acme-Labs_invoice_REF-0031.srt,1,1,3,622,0,Seeded modeled result; no desktop or web application executed.
true,false,fixture-0031,sim-cloud-baseline,1.0.0,3,document_0031.srt,2026-07-04_Acme-Labs_invoice_REF-0031.srt,2026-07-04_Acme-Labs_invoice_REF-0031.srt,1,1,3,780,0,Seeded modeled result; no desktop or web application executed.
true,false,fixture-0031,sim-local-baseline,1.0.0,1,document_0031.srt,2026-07-04_Acme-Labs_invoice_REF-0031.srt,2026-07-04_invoice_REF-0031.srt,1,0,3,1058,0,Seeded modeled result; no desktop or web application executed.
true,false,fixture-0031,sim-local-baseline,1.0.0,2,document_0031.srt,2026-07-04_Acme-Labs_invoice_REF-0031.srt,2026-07-04_invoice_REF-0031.srt,1,0,3,772,0,Seeded modeled result; no desktop or web application executed.
true,false,fixture-0031,sim-local-baseline,1.0.0,3,document_0031.srt,2026-07-04_Acme-Labs_invoice_REF-0031.srt,2026-07-04_invoice_REF-0031.srt,1,0,3,803,0,Seeded modeled result; no desktop or web application executed.
true,false,fixture-0031,sim-rule-baseline,1.0.0,1,document_0031.srt,2026-07-04_Acme-Labs_invoice_REF-0031.srt,2026-07-04_Acme-Labs_invoice_REF-0031.srt,1,1,3,85,0,Seeded modeled result; no desktop or web application executed.
true,false,fixture-0031,sim-rule-baseline,1.0.0,2,document_0031.srt,2026-07-04_Acme-Labs_invoice_REF-0031.srt,2026-07-04_invoice_REF-0031.srt,1,0,2,84,0,Seeded modeled result; no desktop or web application executed.
true,false,fixture-0031,sim-rule-baseline,1.0.0,3,document_0031.srt,2026-07-04_Acme-Labs_invoice_REF-0031.srt,2026-07-04_invoice_REF-0031.srt,1,0,1,90,0,Seeded modeled result; no desktop or web application executed.
true,false,fixture-0032,sim-reference-workflow,1.0.0,1,document_0032.vtt,2026-08-05_Riverstone-Co_meeting-notes_REF-0032.vtt,2026-08-05_Riverstone-Co_meeting-notes_REF-0032.vtt,1,1,3,476,0,Seeded modeled result; no desktop or web application executed.
true,false,fixture-0032,sim-reference-workflow,1.0.0,2,document_0032.vtt,2026-08-05_Riverstone-Co_meeting-notes_REF-0032.vtt,2026-08-05_Riverstone-Co_meeting-notes_REF-0032.vtt,1,1,3,524,0,Seeded modeled result; no desktop or web application executed.
true,false,fixture-0032,sim-reference-workflow,1.0.0,3,document_0032.vtt,2026-08-05_Riverstone-Co_meeting-notes_REF-0032.vtt,2026-08-05_Riverstone-Co_meeting-notes_REF-0032.vtt,1,1,3,589,0,Seeded modeled result; no desktop or web application executed.
true,false,fixture-0032,sim-cloud-baseline,1.0.0,1,document_0032.vtt,2026-08-05_Riverstone-Co_meeting-notes_REF-0032.vtt,2026-08-05_Riverstone-Co_meeting-notes_REF-0032.vtt,1,1,3,700,0,Seeded modeled result; no desktop or web application executed.
true,false,fixture-0032,sim-cloud-baseline,1.0.0,2,document_0032.vtt,2026-08-05_Riverstone-Co_meeting-notes_REF-0032.vtt,2026-08-05_Riverstone-Co_meeting-notes_REF-0032.vtt,1,1,3,808,0,Seeded modeled result; no desktop or web application executed.
true,false,fixture-0032,sim-cloud-baseline,1.0.0,3,document_0032.vtt,2026-08-05_Riverstone-Co_meeting-notes_REF-0032.vtt,2026-08-05_Riverstone-Co_meeting-notes_REF-0032.vtt,1,1,3,790,0,Seeded modeled result; no desktop or web application executed.
true,false,fixture-0032,sim-local-baseline,1.0.0,1,document_0032.vtt,2026-08-05_Riverstone-Co_meeting-notes_REF-0032.vtt,2026-08-05_Riverstone-Co_meeting-notes_REF-0032.vtt,1,1,3,990,0,Seeded modeled result; no desktop or web application executed.
true,false,fixture-0032,sim-local-baseline,1.0.0,2,document_0032.vtt,2026-08-05_Riverstone-Co_meeting-notes_REF-0032.vtt,2026-08-05_meeting-notes_REF-0032.vtt,1,0,2,1064,0,Seeded modeled result; no desktop or web application executed.
true,false,fixture-0032,sim-local-baseline,1.0.0,3,document_0032.vtt,2026-08-05_Riverstone-Co_meeting-notes_REF-0032.vtt,2026-08-05_Riverstone-Co_meeting-notes_REF-0032.vtt,1,1,3,1033,0,Seeded modeled result; no desktop or web application executed.
true,false,fixture-0032,sim-rule-baseline,1.0.0,1,document_0032.vtt,2026-08-05_Riverstone-Co_meeting-notes_REF-0032.vtt,2026-08-05_meeting-notes_REF-0032.vtt,1,0,1,82,0,Seeded modeled result; no desktop or web application executed.
true,false,fixture-0032,sim-rule-baseline,1.0.0,2,document_0032.vtt,2026-08-05_Riverstone-Co_meeting-notes_REF-0032.vtt,2026-08-05_Riverstone-Co_meeting-notes_REF-0032.vtt,1,1,3,70,0,Seeded modeled result; no desktop or web application executed.
true,false,fixture-0032,sim-rule-baseline,1.0.0,3,document_0032.vtt,2026-08-05_Riverstone-Co_meeting-notes_REF-0032.vtt,2026-08-05_meeting-notes_REF-0032.vtt,1,0,3,112,0,Seeded modeled result; no desktop or web application executed.
true,false,fixture-0033,sim-reference-workflow,1.0.0,1,document_0033.svg,2026-09-06_Bluebird-Health_invoice_REF-0033.svg,2026-09-06_Bluebird-Health_invoice_REF-0033.svg,1,1,3,563,0,Seeded modeled result; no desktop or web application executed.
true,false,fixture-0033,sim-reference-workflow,1.0.0,2,document_0033.svg,2026-09-06_Bluebird-Health_invoice_REF-0033.svg,2026-09-06_Bluebird-Health_invoice_REF-0033.svg,1,1,3,427,0,Seeded modeled result; no desktop or web application executed.
true,false,fixture-0033,sim-reference-workflow,1.0.0,3,document_0033.svg,2026-09-06_Bluebird-Health_invoice_REF-0033.svg,2026-09-06_invoice_REF-0033.svg,1,0,3,467,0,Seeded modeled result; no desktop or web application executed.
true,false,fixture-0033,sim-cloud-baseline,1.0.0,1,document_0033.svg,2026-09-06_Bluebird-Health_invoice_REF-0033.svg,2026-09-06_invoice_REF-0033.svg,1,0,3,607,0,Seeded modeled result; no desktop or web application executed.
true,false,fixture-0033,sim-cloud-baseline,1.0.0,2,document_0033.svg,2026-09-06_Bluebird-Health_invoice_REF-0033.svg,2026-09-06_Bluebird-Health_invoice_REF-0033.svg,1,1,3,606,0,Seeded modeled result; no desktop or web application executed.
true,false,fixture-0033,sim-cloud-baseline,1.0.0,3,document_0033.svg,2026-09-06_Bluebird-Health_invoice_REF-0033.svg,2026-09-06_Bluebird-Health_invoice_REF-0033.svg,1,1,3,766,0,Seeded modeled result; no desktop or web application executed.
true,false,fixture-0033,sim-local-baseline,1.0.0,1,document_0033.svg,2026-09-06_Bluebird-Health_invoice_REF-0033.svg,2026-09-06_invoice_REF-0033.svg,1,0,0,784,0,Seeded modeled result; no desktop or web application executed.
true,false,fixture-0033,sim-local-baseline,1.0.0,2,document_0033.svg,2026-09-06_Bluebird-Health_invoice_REF-0033.svg,2026-09-06_Bluebird-Health_invoice_REF-0033.svg,1,1,3,1195,0,Seeded modeled result; no desktop or web application executed.
true,false,fixture-0033,sim-local-baseline,1.0.0,3,document_0033.svg,2026-09-06_Bluebird-Health_invoice_REF-0033.svg,2026-09-06/invoice:REF-0033.svg,0,0,2,1005,0,Seeded modeled result; no desktop or web application executed.
true,false,fixture-0033,sim-rule-baseline,1.0.0,1,document_0033.svg,2026-09-06_Bluebird-Health_invoice_REF-0033.svg,2026-09-06_Bluebird-Health_invoice_REF-0033.svg,0,1,3,79,1,Seeded modeled result; no desktop or web application executed.
true,false,fixture-0033,sim-rule-baseline,1.0.0,2,document_0033.svg,2026-09-06_Bluebird-Health_invoice_REF-0033.svg,2026-09-06/invoice:REF-0033.svg,0,0,1,106,0,Seeded modeled result; no desktop or web application executed.
true,false,fixture-0033,sim-rule-baseline,1.0.0,3,document_0033.svg,2026-09-06_Bluebird-Health_invoice_REF-0033.svg,2026-09-06_invoice_REF-0033.svg,1,0,1,69,0,Seeded modeled result; no desktop or web application executed.
true,false,fixture-0034,sim-reference-workflow,1.0.0,1,document_0034.txt,2026-10-07_Northstar-Studio_meeting-notes_REF-0034.txt,2026-10-07_Northstar-Studio_meeting-notes_REF-0034.txt,1,1,3,566,0,Seeded modeled result; no desktop or web application executed.
true,false,fixture-0034,sim-reference-workflow,1.0.0,2,document_0034.txt,2026-10-07_Northstar-Studio_meeting-notes_REF-0034.txt,2026-10-07_Northstar-Studio_meeting-notes_REF-0034.txt,1,1,3,421,0,Seeded modeled result; no desktop or web application executed.
true,false,fixture-0034,sim-reference-workflow,1.0.0,3,document_0034.txt,2026-10-07_Northstar-Studio_meeting-notes_REF-0034.txt,2026-10-07_Northstar-Studio_meeting-notes_REF-0034.txt,1,1,3,525,0,Seeded modeled result; no desktop or web application executed.
true,false,fixture-0034,sim-cloud-baseline,1.0.0,1,document_0034.txt,2026-10-07_Northstar-Studio_meeting-notes_REF-0034.txt,2026-10-07_Northstar-Studio_meeting-notes_REF-0034.txt,1,1,3,862,0,Seeded modeled result; no desktop or web application executed.
true,false,fixture-0034,sim-cloud-baseline,1.0.0,2,document_0034.txt,2026-10-07_Northstar-Studio_meeting-notes_REF-0034.txt,2026-10-07_Northstar-Studio_meeting-notes_REF-0034.txt,1,1,3,847,0,Seeded modeled result; no desktop or web application executed.
true,false,fixture-0034,sim-cloud-baseline,1.0.0,3,document_0034.txt,2026-10-07_Northstar-Studio_meeting-notes_REF-0034.txt,2026-10-07_Northstar-Studio_meeting-notes_REF-0034.txt,1,1,3,740,0,Seeded modeled result; no desktop or web application executed.
true,false,fixture-0034,sim-local-baseline,1.0.0,1,document_0034.txt,2026-10-07_Northstar-Studio_meeting-notes_REF-0034.txt,2026-10-07_meeting-notes_REF-0034.txt,1,0,3,953,0,Seeded modeled result; no desktop or web application executed.
true,false,fixture-0034,sim-local-baseline,1.0.0,2,document_0034.txt,2026-10-07_Northstar-Studio_meeting-notes_REF-0034.txt,2026-10-07_meeting-notes_REF-0034.txt,1,0,2,1046,0,Seeded modeled result; no desktop or web application executed.
true,false,fixture-0034,sim-local-baseline,1.0.0,3,document_0034.txt,2026-10-07_Northstar-Studio_meeting-notes_REF-0034.txt,2026-10-07_meeting-notes_REF-0034.txt,1,0,2,1218,0,Seeded modeled result; no desktop or web application executed.
true,false,fixture-0034,sim-rule-baseline,1.0.0,1,document_0034.txt,2026-10-07_Northstar-Studio_meeting-notes_REF-0034.txt,2026-10-07_meeting-notes_REF-0034.txt,1,0,1,71,0,Seeded modeled result; no desktop or web application executed.
true,false,fixture-0034,sim-rule-baseline,1.0.0,2,document_0034.txt,2026-10-07_Northstar-Studio_meeting-notes_REF-0034.txt,2026-10-07_meeting-notes_REF-0034.txt,1,0,0,112,0,Seeded modeled result; no desktop or web application executed.
true,false,fixture-0034,sim-rule-baseline,1.0.0,3,document_0034.txt,2026-10-07_Northstar-Studio_meeting-notes_REF-0034.txt,2026-10-07_meeting-notes_REF-0034.txt,1,0,0,82,0,Seeded modeled result; no desktop or web application executed.
true,false,fixture-0035,sim-reference-workflow,1.0.0,1,document_0035.md,2026-11-08_Pinecone-Works_invoice_REF-0035.md,2026-11-08_Pinecone-Works_invoice_REF-0035.md,1,1,3,602,0,Seeded modeled result; no desktop or web application executed.
true,false,fixture-0035,sim-reference-workflow,1.0.0,2,document_0035.md,2026-11-08_Pinecone-Works_invoice_REF-0035.md,2026-11-08_Pinecone-Works_invoice_REF-0035.md,1,1,3,642,0,Seeded modeled result; no desktop or web application executed.
true,false,fixture-0035,sim-reference-workflow,1.0.0,3,document_0035.md,2026-11-08_Pinecone-Works_invoice_REF-0035.md,2026-11-08_Pinecone-Works_invoice_REF-0035.md,1,1,3,562,0,Seeded modeled result; no desktop or web application executed.
true,false,fixture-0035,sim-cloud-baseline,1.0.0,1,document_0035.md,2026-11-08_Pinecone-Works_invoice_REF-0035.md,2026-11-08_Pinecone-Works_invoice_REF-0035.md,1,1,3,866,0,Seeded modeled result; no desktop or web application executed.
true,false,fixture-0035,sim-cloud-baseline,1.0.0,2,document_0035.md,2026-11-08_Pinecone-Works_invoice_REF-0035.md,2026-11-08_Pinecone-Works_invoice_REF-0035.md,1,1,3,702,0,Seeded modeled result; no desktop or web application executed.
true,false,fixture-0035,sim-cloud-baseline,1.0.0,3,document_0035.md,2026-11-08_Pinecone-Works_invoice_REF-0035.md,2026-11-08_Pinecone-Works_invoice_REF-0035.md,1,1,3,641,0,Seeded modeled result; no desktop or web application executed.
true,false,fixture-0035,sim-local-baseline,1.0.0,1,document_0035.md,2026-11-08_Pinecone-Works_invoice_REF-0035.md,2026-11-08_Pinecone-Works_invoice_REF-0035.md,1,1,3,873,0,Seeded modeled result; no desktop or web application executed.
true,false,fixture-0035,sim-local-baseline,1.0.0,2,document_0035.md,2026-11-08_Pinecone-Works_invoice_REF-0035.md,2026-11-08_invoice_REF-0035.md,1,0,2,764,0,Seeded modeled result; no desktop or web application executed.
true,false,fixture-0035,sim-local-baseline,1.0.0,3,document_0035.md,2026-11-08_Pinecone-Works_invoice_REF-0035.md,2026-11-08_Pinecone-Works_invoice_REF-0035.md,1,1,3,902,0,Seeded modeled result; no desktop or web application executed.
true,false,fixture-0035,sim-rule-baseline,1.0.0,1,document_0035.md,2026-11-08_Pinecone-Works_invoice_REF-0035.md,2026-11-08_invoice_REF-0035.md,1,0,2,94,0,Seeded modeled result; no desktop or web application executed.
true,false,fixture-0035,sim-rule-baseline,1.0.0,2,document_0035.md,2026-11-08_Pinecone-Works_invoice_REF-0035.md,2026-11-08_invoice_REF-0035.md,1,0,1,110,0,Seeded modeled result; no desktop or web application executed.
true,false,fixture-0035,sim-rule-baseline,1.0.0,3,document_0035.md,2026-11-08_Pinecone-Works_invoice_REF-0035.md,2026-11-08_invoice_REF-0035.md,1,0,1,111,0,Seeded modeled result; no desktop or web application executed.
true,false,fixture-0036,sim-reference-workflow,1.0.0,1,document_0036.csv,2026-12-09_Acme-Labs_meeting-notes_REF-0036.csv,2026-12-09_Acme-Labs_meeting-notes_REF-0036.csv,1,1,3,531,0,Seeded modeled result; no desktop or web application executed.
true,false,fixture-0036,sim-reference-workflow,1.0.0,2,document_0036.csv,2026-12-09_Acme-Labs_meeting-notes_REF-0036.csv,2026-12-09_Acme-Labs_meeting-notes_REF-0036.csv,1,1,3,596,0,Seeded modeled result; no desktop or web application executed.
true,false,fixture-0036,sim-reference-workflow,1.0.0,3,document_0036.csv,2026-12-09_Acme-Labs_meeting-notes_REF-0036.csv,2026-12-09_Acme-Labs_meeting-notes_REF-0036.csv,1,1,3,606,0,Seeded modeled result; no desktop or web application executed.
true,false,fixture-0036,sim-cloud-baseline,1.0.0,1,document_0036.csv,2026-12-09_Acme-Labs_meeting-notes_REF-0036.csv,2026-12-09_Acme-Labs_meeting-notes_REF-0036.csv,1,1,3,569,0,Seeded modeled result; no desktop or web application executed.
true,false,fixture-0036,sim-cloud-baseline,1.0.0,2,document_0036.csv,2026-12-09_Acme-Labs_meeting-notes_REF-0036.csv,2026-12-09_Acme-Labs_meeting-notes_REF-0036.csv,1,1,3,912,0,Seeded modeled result; no desktop or web application executed.
true,false,fixture-0036,sim-cloud-baseline,1.0.0,3,document_0036.csv,2026-12-09_Acme-Labs_meeting-notes_REF-0036.csv,2026-12-09_Acme-Labs_meeting-notes_REF-0036.csv,1,1,3,770,0,Seeded modeled result; no desktop or web application executed.
true,false,fixture-0036,sim-local-baseline,1.0.0,1,document_0036.csv,2026-12-09_Acme-Labs_meeting-notes_REF-0036.csv,2026-12-09_meeting-notes_REF-0036.csv,1,0,2,750,0,Seeded modeled result; no desktop or web application executed.
true,false,fixture-0036,sim-local-baseline,1.0.0,2,document_0036.csv,2026-12-09_Acme-Labs_meeting-notes_REF-0036.csv,2026-12-09_Acme-Labs_meeting-notes_REF-0036.csv,1,1,3,1012,0,Seeded modeled result; no desktop or web application executed.
true,false,fixture-0036,sim-local-baseline,1.0.0,3,document_0036.csv,2026-12-09_Acme-Labs_meeting-notes_REF-0036.csv,2026-12-09_meeting-notes_REF-0036.csv,1,0,3,820,0,Seeded modeled result; no desktop or web application executed.
true,false,fixture-0036,sim-rule-baseline,1.0.0,1,document_0036.csv,2026-12-09_Acme-Labs_meeting-notes_REF-0036.csv,2026-12-09_meeting-notes_REF-0036.csv,1,0,0,108,0,Seeded modeled result; no desktop or web application executed.
true,false,fixture-0036,sim-rule-baseline,1.0.0,2,document_0036.csv,2026-12-09_Acme-Labs_meeting-notes_REF-0036.csv,2026-12-09_meeting-notes_REF-0036.csv,1,0,2,70,0,Seeded modeled result; no desktop or web application executed.
true,false,fixture-0036,sim-rule-baseline,1.0.0,3,document_0036.csv,2026-12-09_Acme-Labs_meeting-notes_REF-0036.csv,2026-12-09_meeting-notes_REF-0036.csv,1,0,3,70,0,Seeded modeled result; no desktop or web application executed.
true,false,fixture-0037,sim-reference-workflow,1.0.0,1,document_0037.json,2026-01-10_Riverstone-Co_invoice_REF-0037.json,2026-01-10_Riverstone-Co_invoice_REF-0037.json,1,1,3,642,0,Seeded modeled result; no desktop or web application executed.
true,false,fixture-0037,sim-reference-workflow,1.0.0,2,document_0037.json,2026-01-10_Riverstone-Co_invoice_REF-0037.json,2026-01-10_Riverstone-Co_invoice_REF-0037.json,1,1,3,608,0,Seeded modeled result; no desktop or web application executed.
true,false,fixture-0037,sim-reference-workflow,1.0.0,3,document_0037.json,2026-01-10_Riverstone-Co_invoice_REF-0037.json,2026-01-10_Riverstone-Co_invoice_REF-0037.json,1,1,3,539,0,Seeded modeled result; no desktop or web application executed.
true,false,fixture-0037,sim-cloud-baseline,1.0.0,1,document_0037.json,2026-01-10_Riverstone-Co_invoice_REF-0037.json,2026-01-10_Riverstone-Co_invoice_REF-0037.json,1,1,3,608,0,Seeded modeled result; no desktop or web application executed.
true,false,fixture-0037,sim-cloud-baseline,1.0.0,2,document_0037.json,2026-01-10_Riverstone-Co_invoice_REF-0037.json,2026-01-10_Riverstone-Co_invoice_REF-0037.json,1,1,3,803,0,Seeded modeled result; no desktop or web application executed.
true,false,fixture-0037,sim-cloud-baseline,1.0.0,3,document_0037.json,2026-01-10_Riverstone-Co_invoice_REF-0037.json,2026-01-10_Riverstone-Co_invoice_REF-0037.json,1,1,3,863,0,Seeded modeled result; no desktop or web application executed.
true,false,fixture-0037,sim-local-baseline,1.0.0,1,document_0037.json,2026-01-10_Riverstone-Co_invoice_REF-0037.json,2026-01-10_Riverstone-Co_invoice_REF-0037.json,1,1,3,908,0,Seeded modeled result; no desktop or web application executed.
true,false,fixture-0037,sim-local-baseline,1.0.0,2,document_0037.json,2026-01-10_Riverstone-Co_invoice_REF-0037.json,2026-01-10_Riverstone-Co_invoice_REF-0037.json,1,1,3,1154,0,Seeded modeled result; no desktop or web application executed.
true,false,fixture-0037,sim-local-baseline,1.0.0,3,document_0037.json,2026-01-10_Riverstone-Co_invoice_REF-0037.json,2026-01-10_invoice_REF-0037.json,1,0,3,758,0,Seeded modeled result; no desktop or web application executed.
true,false,fixture-0037,sim-rule-baseline,1.0.0,1,document_0037.json,2026-01-10_Riverstone-Co_invoice_REF-0037.json,2026-01-10_invoice_REF-0037.json,1,0,2,73,0,Seeded modeled result; no desktop or web application executed.
true,false,fixture-0037,sim-rule-baseline,1.0.0,2,document_0037.json,2026-01-10_Riverstone-Co_invoice_REF-0037.json,2026-01-10_invoice_REF-0037.json,1,0,1,89,0,Seeded modeled result; no desktop or web application executed.
true,false,fixture-0037,sim-rule-baseline,1.0.0,3,document_0037.json,2026-01-10_Riverstone-Co_invoice_REF-0037.json,2026-01-10_invoice_REF-0037.json,1,0,2,85,0,Seeded modeled result; no desktop or web application executed.
true,false,fixture-0038,sim-reference-workflow,1.0.0,1,document_0038.xml,2026-02-11_Bluebird-Health_meeting-notes_REF-0038.xml,2026-02-11_Bluebird-Health_meeting-notes_REF-0038.xml,1,1,3,580,0,Seeded modeled result; no desktop or web application executed.
true,false,fixture-0038,sim-reference-workflow,1.0.0,2,document_0038.xml,2026-02-11_Bluebird-Health_meeting-notes_REF-0038.xml,2026-02-11_Bluebird-Health_meeting-notes_REF-0038.xml,1,1,3,479,0,Seeded modeled result; no desktop or web application executed.
true,false,fixture-0038,sim-reference-workflow,1.0.0,3,document_0038.xml,2026-02-11_Bluebird-Health_meeting-notes_REF-0038.xml,2026-02-11_Bluebird-Health_meeting-notes_REF-0038.xml,1,1,3,466,0,Seeded modeled result; no desktop or web application executed.
true,false,fixture-0038,sim-cloud-baseline,1.0.0,1,document_0038.xml,2026-02-11_Bluebird-Health_meeting-notes_REF-0038.xml,2026-02-11_Bluebird-Health_meeting-notes_REF-0038.xml,1,1,3,644,0,Seeded modeled result; no desktop or web application executed.
true,false,fixture-0038,sim-cloud-baseline,1.0.0,2,document_0038.xml,2026-02-11_Bluebird-Health_meeting-notes_REF-0038.xml,2026-02-11/meeting-notes:REF-0038.xml,0,0,3,816,0,Seeded modeled result; no desktop or web application executed.
true,false,fixture-0038,sim-cloud-baseline,1.0.0,3,document_0038.xml,2026-02-11_Bluebird-Health_meeting-notes_REF-0038.xml,2026-02-11_Bluebird-Health_meeting-notes_REF-0038.xml,1,1,3,793,0,Seeded modeled result; no desktop or web application executed.
true,false,fixture-0038,sim-local-baseline,1.0.0,1,document_0038.xml,2026-02-11_Bluebird-Health_meeting-notes_REF-0038.xml,2026-02-11_Bluebird-Health_meeting-notes_REF-0038.xml,1,1,3,785,0,Seeded modeled result; no desktop or web application executed.
true,false,fixture-0038,sim-local-baseline,1.0.0,2,document_0038.xml,2026-02-11_Bluebird-Health_meeting-notes_REF-0038.xml,2026-02-11_Bluebird-Health_meeting-notes_REF-0038.xml,1,1,3,1099,0,Seeded modeled result; no desktop or web application executed.
true,false,fixture-0038,sim-local-baseline,1.0.0,3,document_0038.xml,2026-02-11_Bluebird-Health_meeting-notes_REF-0038.xml,2026-02-11_Bluebird-Health_meeting-notes_REF-0038.xml,1,1,3,912,0,Seeded modeled result; no desktop or web application executed.
true,false,fixture-0038,sim-rule-baseline,1.0.0,1,document_0038.xml,2026-02-11_Bluebird-Health_meeting-notes_REF-0038.xml,2026-02-11_meeting-notes_REF-0038.xml,1,0,1,69,0,Seeded modeled result; no desktop or web application executed.
true,false,fixture-0038,sim-rule-baseline,1.0.0,2,document_0038.xml,2026-02-11_Bluebird-Health_meeting-notes_REF-0038.xml,2026-02-11_meeting-notes_REF-0038.xml,1,0,1,91,0,Seeded modeled result; no desktop or web application executed.
true,false,fixture-0038,sim-rule-baseline,1.0.0,3,document_0038.xml,2026-02-11_Bluebird-Health_meeting-notes_REF-0038.xml,2026-02-11_meeting-notes_REF-0038.xml,1,0,0,100,0,Seeded modeled result; no desktop or web application executed.
true,false,fixture-0039,sim-reference-workflow,1.0.0,1,document_0039.yaml,2026-03-12_Northstar-Studio_invoice_REF-0039.yaml,2026-03-12_Northstar-Studio_invoice_REF-0039.yaml,1,1,3,628,0,Seeded modeled result; no desktop or web application executed.
true,false,fixture-0039,sim-reference-workflow,1.0.0,2,document_0039.yaml,2026-03-12_Northstar-Studio_invoice_REF-0039.yaml,2026-03-12_Northstar-Studio_invoice_REF-0039.yaml,1,1,3,497,0,Seeded modeled result; no desktop or web application executed.
true,false,fixture-0039,sim-reference-workflow,1.0.0,3,document_0039.yaml,2026-03-12_Northstar-Studio_invoice_REF-0039.yaml,2026-03-12_Northstar-Studio_invoice_REF-0039.yaml,1,1,3,626,0,Seeded modeled result; no desktop or web application executed.
true,false,fixture-0039,sim-cloud-baseline,1.0.0,1,document_0039.yaml,2026-03-12_Northstar-Studio_invoice_REF-0039.yaml,2026-03-12_Northstar-Studio_invoice_REF-0039.yaml,0,1,3,756,0,Seeded modeled result; no desktop or web application executed.
true,false,fixture-0039,sim-cloud-baseline,1.0.0,2,document_0039.yaml,2026-03-12_Northstar-Studio_invoice_REF-0039.yaml,2026-03-12_invoice_REF-0039.yaml,1,0,2,592,0,Seeded modeled result; no desktop or web application executed.
true,false,fixture-0039,sim-cloud-baseline,1.0.0,3,document_0039.yaml,2026-03-12_Northstar-Studio_invoice_REF-0039.yaml,2026-03-12_invoice_REF-0039.yaml,1,0,0,641,0,Seeded modeled result; no desktop or web application executed.
true,false,fixture-0039,sim-local-baseline,1.0.0,1,document_0039.yaml,2026-03-12_Northstar-Studio_invoice_REF-0039.yaml,2026-03-12_invoice_REF-0039.yaml,1,0,0,1150,0,Seeded modeled result; no desktop or web application executed.
true,false,fixture-0039,sim-local-baseline,1.0.0,2,document_0039.yaml,2026-03-12_Northstar-Studio_invoice_REF-0039.yaml,2026-03-12_Northstar-Studio_invoice_REF-0039.yaml,1,1,3,1068,0,Seeded modeled result; no desktop or web application executed.
true,false,fixture-0039,sim-local-baseline,1.0.0,3,document_0039.yaml,2026-03-12_Northstar-Studio_invoice_REF-0039.yaml,2026-03-12_Northstar-Studio_invoice_REF-0039.yaml,1,1,3,899,0,Seeded modeled result; no desktop or web application executed.
true,false,fixture-0039,sim-rule-baseline,1.0.0,1,document_0039.yaml,2026-03-12_Northstar-Studio_invoice_REF-0039.yaml,2026-03-12_invoice_REF-0039.yaml,1,0,1,72,0,Seeded modeled result; no desktop or web application executed.
true,false,fixture-0039,sim-rule-baseline,1.0.0,2,document_0039.yaml,2026-03-12_Northstar-Studio_invoice_REF-0039.yaml,2026-03-12_invoice_REF-0039.yaml,1,0,1,111,0,Seeded modeled result; no desktop or web application executed.
true,false,fixture-0039,sim-rule-baseline,1.0.0,3,document_0039.yaml,2026-03-12_Northstar-Studio_invoice_REF-0039.yaml,2026-03-12_invoice_REF-0039.yaml,1,0,1,105,0,Seeded modeled result; no desktop or web application executed.
true,false,fixture-0040,sim-reference-workflow,1.0.0,1,document_0040.html,2026-04-13_Pinecone-Works_meeting-notes_REF-0040.html,2026-04-13_meeting-notes_REF-0040.html,1,0,3,574,0,Seeded modeled result; no desktop or web application executed.
true,false,fixture-0040,sim-reference-workflow,1.0.0,2,document_0040.html,2026-04-13_Pinecone-Works_meeting-notes_REF-0040.html,2026-04-13_meeting-notes_REF-0040.html,1,0,3,495,0,Seeded modeled result; no desktop or web application executed.
true,false,fixture-0040,sim-reference-workflow,1.0.0,3,document_0040.html,2026-04-13_Pinecone-Works_meeting-notes_REF-0040.html,2026-04-13_Pinecone-Works_meeting-notes_REF-0040.html,1,1,3,621,0,Seeded modeled result; no desktop or web application executed.
true,false,fixture-0040,sim-cloud-baseline,1.0.0,1,document_0040.html,2026-04-13_Pinecone-Works_meeting-notes_REF-0040.html,2026-04-13_Pinecone-Works_meeting-notes_REF-0040.html,1,1,3,687,0,Seeded modeled result; no desktop or web application executed.
true,false,fixture-0040,sim-cloud-baseline,1.0.0,2,document_0040.html,2026-04-13_Pinecone-Works_meeting-notes_REF-0040.html,2026-04-13_meeting-notes_REF-0040.html,1,0,3,684,0,Seeded modeled result; no desktop or web application executed.
true,false,fixture-0040,sim-cloud-baseline,1.0.0,3,document_0040.html,2026-04-13_Pinecone-Works_meeting-notes_REF-0040.html,2026-04-13_meeting-notes_REF-0040.html,1,0,3,862,0,Seeded modeled result; no desktop or web application executed.
true,false,fixture-0040,sim-local-baseline,1.0.0,1,document_0040.html,2026-04-13_Pinecone-Works_meeting-notes_REF-0040.html,2026-04-13_Pinecone-Works_meeting-notes_REF-0040.html,1,1,3,756,0,Seeded modeled result; no desktop or web application executed.
true,false,fixture-0040,sim-local-baseline,1.0.0,2,document_0040.html,2026-04-13_Pinecone-Works_meeting-notes_REF-0040.html,2026-04-13_meeting-notes_REF-0040.html,1,0,2,1084,0,Seeded modeled result; no desktop or web application executed.
true,false,fixture-0040,sim-local-baseline,1.0.0,3,document_0040.html,2026-04-13_Pinecone-Works_meeting-notes_REF-0040.html,2026-04-13_Pinecone-Works_meeting-notes_REF-0040.html,1,1,3,1009,0,Seeded modeled result; no desktop or web application executed.
true,false,fixture-0040,sim-rule-baseline,1.0.0,1,document_0040.html,2026-04-13_Pinecone-Works_meeting-notes_REF-0040.html,2026-04-13_meeting-notes_REF-0040.html,1,0,1,82,0,Seeded modeled result; no desktop or web application executed.
true,false,fixture-0040,sim-rule-baseline,1.0.0,2,document_0040.html,2026-04-13_Pinecone-Works_meeting-notes_REF-0040.html,2026-04-13_meeting-notes_REF-0040.html,1,0,0,89,0,Seeded modeled result; no desktop or web application executed.
true,false,fixture-0040,sim-rule-baseline,1.0.0,3,document_0040.html,2026-04-13_Pinecone-Works_meeting-notes_REF-0040.html,2026-04-13_Pinecone-Works_meeting-notes_REF-0040.html,1,1,3,105,0,Seeded modeled result; no desktop or web application executed.
true,false,fixture-0041,sim-reference-workflow,1.0.0,1,document_0041.eml,2026-05-14_Acme-Labs_invoice_REF-0041.eml,2026-05-14_Acme-Labs_invoice_REF-0041.eml,1,1,3,503,0,Seeded modeled result; no desktop or web application executed.
true,false,fixture-0041,sim-reference-workflow,1.0.0,2,document_0041.eml,2026-05-14_Acme-Labs_invoice_REF-0041.eml,2026-05-14_Acme-Labs_invoice_REF-0041.eml,1,1,3,559,0,Seeded modeled result; no desktop or web application executed.
true,false,fixture-0041,sim-reference-workflow,1.0.0,3,document_0041.eml,2026-05-14_Acme-Labs_invoice_REF-0041.eml,2026-05-14_Acme-Labs_invoice_REF-0041.eml,1,1,3,564,0,Seeded modeled result; no desktop or web application executed.
true,false,fixture-0041,sim-cloud-baseline,1.0.0,1,document_0041.eml,2026-05-14_Acme-Labs_invoice_REF-0041.eml,2026-05-14_Acme-Labs_invoice_REF-0041.eml,1,1,3,873,0,Seeded modeled result; no desktop or web application executed.
true,false,fixture-0041,sim-cloud-baseline,1.0.0,2,document_0041.eml,2026-05-14_Acme-Labs_invoice_REF-0041.eml,2026-05-14_Acme-Labs_invoice_REF-0041.eml,1,1,3,816,0,Seeded modeled result; no desktop or web application executed.
true,false,fixture-0041,sim-cloud-baseline,1.0.0,3,document_0041.eml,2026-05-14_Acme-Labs_invoice_REF-0041.eml,2026-05-14_Acme-Labs_invoice_REF-0041.eml,1,1,3,746,0,Seeded modeled result; no desktop or web application executed.
true,false,fixture-0041,sim-local-baseline,1.0.0,1,document_0041.eml,2026-05-14_Acme-Labs_invoice_REF-0041.eml,2026-05-14_Acme-Labs_invoice_REF-0041.eml,1,1,3,1137,0,Seeded modeled result; no desktop or web application executed.
true,false,fixture-0041,sim-local-baseline,1.0.0,2,document_0041.eml,2026-05-14_Acme-Labs_invoice_REF-0041.eml,2026-05-14_Acme-Labs_invoice_REF-0041.eml,1,1,3,1008,0,Seeded modeled result; no desktop or web application executed.
true,false,fixture-0041,sim-local-baseline,1.0.0,3,document_0041.eml,2026-05-14_Acme-Labs_invoice_REF-0041.eml,2026-05-14_invoice_REF-0041.eml,1,0,3,1112,0,Seeded modeled result; no desktop or web application executed.
true,false,fixture-0041,sim-rule-baseline,1.0.0,1,document_0041.eml,2026-05-14_Acme-Labs_invoice_REF-0041.eml,2026-05-14_invoice_REF-0041.eml,1,0,1,99,0,Seeded modeled result; no desktop or web application executed.
true,false,fixture-0041,sim-rule-baseline,1.0.0,2,document_0041.eml,2026-05-14_Acme-Labs_invoice_REF-0041.eml,2026-05-14_invoice_REF-0041.eml,1,0,2,91,0,Seeded modeled result; no desktop or web application executed.
true,false,fixture-0041,sim-rule-baseline,1.0.0,3,document_0041.eml,2026-05-14_Acme-Labs_invoice_REF-0041.eml,2026-05-14_invoice_REF-0041.eml,1,0,2,103,0,Seeded modeled result; no desktop or web application executed.
true,false,fixture-0042,sim-reference-workflow,1.0.0,1,document_0042.srt,2026-06-15_Riverstone-Co_meeting-notes_REF-0042.srt,2026-06-15_Riverstone-Co_meeting-notes_REF-0042.srt,1,1,3,486,0,Seeded modeled result; no desktop or web application executed.
true,false,fixture-0042,sim-reference-workflow,1.0.0,2,document_0042.srt,2026-06-15_Riverstone-Co_meeting-notes_REF-0042.srt,2026-06-15_Riverstone-Co_meeting-notes_REF-0042.srt,1,1,3,650,0,Seeded modeled result; no desktop or web application executed.
true,false,fixture-0042,sim-reference-workflow,1.0.0,3,document_0042.srt,2026-06-15_Riverstone-Co_meeting-notes_REF-0042.srt,2026-06-15_Riverstone-Co_meeting-notes_REF-0042.srt,1,1,3,590,0,Seeded modeled result; no desktop or web application executed.
true,false,fixture-0042,sim-cloud-baseline,1.0.0,1,document_0042.srt,2026-06-15_Riverstone-Co_meeting-notes_REF-0042.srt,2026-06-15_Riverstone-Co_meeting-notes_REF-0042.srt,1,1,3,773,0,Seeded modeled result; no desktop or web application executed.
true,false,fixture-0042,sim-cloud-baseline,1.0.0,2,document_0042.srt,2026-06-15_Riverstone-Co_meeting-notes_REF-0042.srt,2026-06-15_meeting-notes_REF-0042.srt,1,0,3,862,0,Seeded modeled result; no desktop or web application executed.
true,false,fixture-0042,sim-cloud-baseline,1.0.0,3,document_0042.srt,2026-06-15_Riverstone-Co_meeting-notes_REF-0042.srt,2026-06-15_Riverstone-Co_meeting-notes_REF-0042.srt,1,1,3,632,0,Seeded modeled result; no desktop or web application executed.
true,false,fixture-0042,sim-local-baseline,1.0.0,1,document_0042.srt,2026-06-15_Riverstone-Co_meeting-notes_REF-0042.srt,2026-06-15_Riverstone-Co_meeting-notes_REF-0042.srt,1,1,3,1064,0,Seeded modeled result; no desktop or web application executed.
true,false,fixture-0042,sim-local-baseline,1.0.0,2,document_0042.srt,2026-06-15_Riverstone-Co_meeting-notes_REF-0042.srt,2026-06-15_Riverstone-Co_meeting-notes_REF-0042.srt,1,1,3,988,0,Seeded modeled result; no desktop or web application executed.
true,false,fixture-0042,sim-local-baseline,1.0.0,3,document_0042.srt,2026-06-15_Riverstone-Co_meeting-notes_REF-0042.srt,2026-06-15_meeting-notes_REF-0042.srt,1,0,3,948,0,Seeded modeled result; no desktop or web application executed.
true,false,fixture-0042,sim-rule-baseline,1.0.0,1,document_0042.srt,2026-06-15_Riverstone-Co_meeting-notes_REF-0042.srt,2026-06-15_meeting-notes_REF-0042.srt,1,0,1,108,0,Seeded modeled result; no desktop or web application executed.
true,false,fixture-0042,sim-rule-baseline,1.0.0,2,document_0042.srt,2026-06-15_Riverstone-Co_meeting-notes_REF-0042.srt,2026-06-15_meeting-notes_REF-0042.srt,1,0,3,96,0,Seeded modeled result; no desktop or web application executed.
true,false,fixture-0042,sim-rule-baseline,1.0.0,3,document_0042.srt,2026-06-15_Riverstone-Co_meeting-notes_REF-0042.srt,2026-06-15_Riverstone-Co_meeting-notes_REF-0042.srt,1,1,3,112,0,Seeded modeled result; no desktop or web application executed.
true,false,fixture-0043,sim-reference-workflow,1.0.0,1,document_0043.vtt,2026-07-16_Bluebird-Health_invoice_REF-0043.vtt,2026-07-16_Bluebird-Health_invoice_REF-0043.vtt,1,1,3,544,0,Seeded modeled result; no desktop or web application executed.
true,false,fixture-0043,sim-reference-workflow,1.0.0,2,document_0043.vtt,2026-07-16_Bluebird-Health_invoice_REF-0043.vtt,2026-07-16_Bluebird-Health_invoice_REF-0043.vtt,1,1,3,594,0,Seeded modeled result; no desktop or web application executed.
true,false,fixture-0043,sim-reference-workflow,1.0.0,3,document_0043.vtt,2026-07-16_Bluebird-Health_invoice_REF-0043.vtt,2026-07-16_Bluebird-Health_invoice_REF-0043.vtt,1,1,3,551,0,Seeded modeled result; no desktop or web application executed.
true,false,fixture-0043,sim-cloud-baseline,1.0.0,1,document_0043.vtt,2026-07-16_Bluebird-Health_invoice_REF-0043.vtt,2026-07-16_invoice_REF-0043.vtt,1,0,3,603,0,Seeded modeled result; no desktop or web application executed.
true,false,fixture-0043,sim-cloud-baseline,1.0.0,2,document_0043.vtt,2026-07-16_Bluebird-Health_invoice_REF-0043.vtt,2026-07-16_Bluebird-Health_invoice_REF-0043.vtt,1,1,3,718,0,Seeded modeled result; no desktop or web application executed.
true,false,fixture-0043,sim-cloud-baseline,1.0.0,3,document_0043.vtt,2026-07-16_Bluebird-Health_invoice_REF-0043.vtt,2026-07-16_Bluebird-Health_invoice_REF-0043.vtt,1,1,3,748,0,Seeded modeled result; no desktop or web application executed.
true,false,fixture-0043,sim-local-baseline,1.0.0,1,document_0043.vtt,2026-07-16_Bluebird-Health_invoice_REF-0043.vtt,2026-07-16_Bluebird-Health_invoice_REF-0043.vtt,1,1,3,1113,0,Seeded modeled result; no desktop or web application executed.
true,false,fixture-0043,sim-local-baseline,1.0.0,2,document_0043.vtt,2026-07-16_Bluebird-Health_invoice_REF-0043.vtt,2026-07-16_Bluebird-Health_invoice_REF-0043.vtt,1,1,3,1048,0,Seeded modeled result; no desktop or web application executed.
true,false,fixture-0043,sim-local-baseline,1.0.0,3,document_0043.vtt,2026-07-16_Bluebird-Health_invoice_REF-0043.vtt,2026-07-16_Bluebird-Health_invoice_REF-0043.vtt,1,1,3,758,0,Seeded modeled result; no desktop or web application executed.
true,false,fixture-0043,sim-rule-baseline,1.0.0,1,document_0043.vtt,2026-07-16_Bluebird-Health_invoice_REF-0043.vtt,2026-07-16_invoice_REF-0043.vtt,1,0,1,95,0,Seeded modeled result; no desktop or web application executed.
true,false,fixture-0043,sim-rule-baseline,1.0.0,2,document_0043.vtt,2026-07-16_Bluebird-Health_invoice_REF-0043.vtt,2026-07-16_invoice_REF-0043.vtt,1,0,2,103,0,Seeded modeled result; no desktop or web application executed.
true,false,fixture-0043,sim-rule-baseline,1.0.0,3,document_0043.vtt,2026-07-16_Bluebird-Health_invoice_REF-0043.vtt,2026-07-16_invoice_REF-0043.vtt,1,0,1,69,0,Seeded modeled result; no desktop or web application executed.
true,false,fixture-0044,sim-reference-workflow,1.0.0,1,document_0044.svg,2026-08-17_Northstar-Studio_meeting-notes_REF-0044.svg,2026-08-17_Northstar-Studio_meeting-notes_REF-0044.svg,1,1,3,391,0,Seeded modeled result; no desktop or web application executed.
true,false,fixture-0044,sim-reference-workflow,1.0.0,2,document_0044.svg,2026-08-17_Northstar-Studio_meeting-notes_REF-0044.svg,2026-08-17_meeting-notes_REF-0044.svg,1,0,3,396,0,Seeded modeled result; no desktop or web application executed.
true,false,fixture-0044,sim-reference-workflow,1.0.0,3,document_0044.svg,2026-08-17_Northstar-Studio_meeting-notes_REF-0044.svg,2026-08-17_Northstar-Studio_meeting-notes_REF-0044.svg,1,1,3,477,0,Seeded modeled result; no desktop or web application executed.
true,false,fixture-0044,sim-cloud-baseline,1.0.0,1,document_0044.svg,2026-08-17_Northstar-Studio_meeting-notes_REF-0044.svg,2026-08-17_Northstar-Studio_meeting-notes_REF-0044.svg,1,1,3,785,0,Seeded modeled result; no desktop or web application executed.
true,false,fixture-0044,sim-cloud-baseline,1.0.0,2,document_0044.svg,2026-08-17_Northstar-Studio_meeting-notes_REF-0044.svg,2026-08-17_meeting-notes_REF-0044.svg,1,0,3,900,0,Seeded modeled result; no desktop or web application executed.
true,false,fixture-0044,sim-cloud-baseline,1.0.0,3,document_0044.svg,2026-08-17_Northstar-Studio_meeting-notes_REF-0044.svg,2026-08-17_Northstar-Studio_meeting-notes_REF-0044.svg,1,1,3,726,0,Seeded modeled result; no desktop or web application executed.
true,false,fixture-0044,sim-local-baseline,1.0.0,1,document_0044.svg,2026-08-17_Northstar-Studio_meeting-notes_REF-0044.svg,2026-08-17_meeting-notes_REF-0044.svg,1,0,0,1008,0,Seeded modeled result; no desktop or web application executed.
true,false,fixture-0044,sim-local-baseline,1.0.0,2,document_0044.svg,2026-08-17_Northstar-Studio_meeting-notes_REF-0044.svg,2026-08-17_Northstar-Studio_meeting-notes_REF-0044.svg,1,1,3,864,0,Seeded modeled result; no desktop or web application executed.
true,false,fixture-0044,sim-local-baseline,1.0.0,3,document_0044.svg,2026-08-17_Northstar-Studio_meeting-notes_REF-0044.svg,2026-08-17_Northstar-Studio_meeting-notes_REF-0044.svg,1,1,3,993,0,Seeded modeled result; no desktop or web application executed.
true,false,fixture-0044,sim-rule-baseline,1.0.0,1,document_0044.svg,2026-08-17_Northstar-Studio_meeting-notes_REF-0044.svg,2026-08-17_meeting-notes_REF-0044.svg,1,0,1,88,0,Seeded modeled result; no desktop or web application executed.
true,false,fixture-0044,sim-rule-baseline,1.0.0,2,document_0044.svg,2026-08-17_Northstar-Studio_meeting-notes_REF-0044.svg,2026-08-17_meeting-notes_REF-0044.svg,1,0,2,111,0,Seeded modeled result; no desktop or web application executed.
true,false,fixture-0044,sim-rule-baseline,1.0.0,3,document_0044.svg,2026-08-17_Northstar-Studio_meeting-notes_REF-0044.svg,2026-08-17_meeting-notes_REF-0044.svg,1,0,1,86,0,Seeded modeled result; no desktop or web application executed.
true,false,fixture-0045,sim-reference-workflow,1.0.0,1,document_0045.txt,2026-09-18_Pinecone-Works_invoice_REF-0045.txt,2026-09-18_invoice_REF-0045.txt,1,0,3,499,0,Seeded modeled result; no desktop or web application executed.
true,false,fixture-0045,sim-reference-workflow,1.0.0,2,document_0045.txt,2026-09-18_Pinecone-Works_invoice_REF-0045.txt,2026-09-18_Pinecone-Works_invoice_REF-0045.txt,1,1,3,600,0,Seeded modeled result; no desktop or web application executed.
true,false,fixture-0045,sim-reference-workflow,1.0.0,3,document_0045.txt,2026-09-18_Pinecone-Works_invoice_REF-0045.txt,2026-09-18_Pinecone-Works_invoice_REF-0045.txt,1,1,3,645,0,Seeded modeled result; no desktop or web application executed.
true,false,fixture-0045,sim-cloud-baseline,1.0.0,1,document_0045.txt,2026-09-18_Pinecone-Works_invoice_REF-0045.txt,2026-09-18_invoice_REF-0045.txt,1,0,2,617,0,Seeded modeled result; no desktop or web application executed.
true,false,fixture-0045,sim-cloud-baseline,1.0.0,2,document_0045.txt,2026-09-18_Pinecone-Works_invoice_REF-0045.txt,2026-09-18_Pinecone-Works_invoice_REF-0045.txt,1,1,3,579,0,Seeded modeled result; no desktop or web application executed.
true,false,fixture-0045,sim-cloud-baseline,1.0.0,3,document_0045.txt,2026-09-18_Pinecone-Works_invoice_REF-0045.txt,2026-09-18_Pinecone-Works_invoice_REF-0045.txt,1,1,3,588,0,Seeded modeled result; no desktop or web application executed.
true,false,fixture-0045,sim-local-baseline,1.0.0,1,document_0045.txt,2026-09-18_Pinecone-Works_invoice_REF-0045.txt,2026-09-18_Pinecone-Works_invoice_REF-0045.txt,1,1,3,1000,0,Seeded modeled result; no desktop or web application executed.
true,false,fixture-0045,sim-local-baseline,1.0.0,2,document_0045.txt,2026-09-18_Pinecone-Works_invoice_REF-0045.txt,2026-09-18_Pinecone-Works_invoice_REF-0045.txt,1,1,3,993,0,Seeded modeled result; no desktop or web application executed.
true,false,fixture-0045,sim-local-baseline,1.0.0,3,document_0045.txt,2026-09-18_Pinecone-Works_invoice_REF-0045.txt,2026-09-18_Pinecone-Works_invoice_REF-0045.txt,1,1,3,1003,0,Seeded modeled result; no desktop or web application executed.
true,false,fixture-0045,sim-rule-baseline,1.0.0,1,document_0045.txt,2026-09-18_Pinecone-Works_invoice_REF-0045.txt,2026-09-18_invoice_REF-0045.txt,1,0,1,80,0,Seeded modeled result; no desktop or web application executed.
true,false,fixture-0045,sim-rule-baseline,1.0.0,2,document_0045.txt,2026-09-18_Pinecone-Works_invoice_REF-0045.txt,2026-09-18_invoice_REF-0045.txt,1,0,2,93,0,Seeded modeled result; no desktop or web application executed.
true,false,fixture-0045,sim-rule-baseline,1.0.0,3,document_0045.txt,2026-09-18_Pinecone-Works_invoice_REF-0045.txt,2026-09-18_invoice_REF-0045.txt,1,0,0,105,0,Seeded modeled result; no desktop or web application executed.
true,false,fixture-0046,sim-reference-workflow,1.0.0,1,document_0046.md,2026-10-19_Acme-Labs_meeting-notes_REF-0046.md,2026-10-19_meeting-notes_REF-0046.md,1,0,2,534,0,Seeded modeled result; no desktop or web application executed.
true,false,fixture-0046,sim-reference-workflow,1.0.0,2,document_0046.md,2026-10-19_Acme-Labs_meeting-notes_REF-0046.md,2026-10-19_Acme-Labs_meeting-notes_REF-0046.md,1,1,3,507,0,Seeded modeled result; no desktop or web application executed.
true,false,fixture-0046,sim-reference-workflow,1.0.0,3,document_0046.md,2026-10-19_Acme-Labs_meeting-notes_REF-0046.md,2026-10-19_Acme-Labs_meeting-notes_REF-0046.md,1,1,3,624,0,Seeded modeled result; no desktop or web application executed.
true,false,fixture-0046,sim-cloud-baseline,1.0.0,1,document_0046.md,2026-10-19_Acme-Labs_meeting-notes_REF-0046.md,2026-10-19_Acme-Labs_meeting-notes_REF-0046.md,1,1,3,797,0,Seeded modeled result; no desktop or web application executed.
true,false,fixture-0046,sim-cloud-baseline,1.0.0,2,document_0046.md,2026-10-19_Acme-Labs_meeting-notes_REF-0046.md,2026-10-19_Acme-Labs_meeting-notes_REF-0046.md,1,1,3,920,0,Seeded modeled result; no desktop or web application executed.
true,false,fixture-0046,sim-cloud-baseline,1.0.0,3,document_0046.md,2026-10-19_Acme-Labs_meeting-notes_REF-0046.md,2026-10-19_Acme-Labs_meeting-notes_REF-0046.md,1,1,3,856,0,Seeded modeled result; no desktop or web application executed.
true,false,fixture-0046,sim-local-baseline,1.0.0,1,document_0046.md,2026-10-19_Acme-Labs_meeting-notes_REF-0046.md,2026-10-19_Acme-Labs_meeting-notes_REF-0046.md,1,1,3,1123,0,Seeded modeled result; no desktop or web application executed.
true,false,fixture-0046,sim-local-baseline,1.0.0,2,document_0046.md,2026-10-19_Acme-Labs_meeting-notes_REF-0046.md,2026-10-19_meeting-notes_REF-0046.md,1,0,2,818,0,Seeded modeled result; no desktop or web application executed.
true,false,fixture-0046,sim-local-baseline,1.0.0,3,document_0046.md,2026-10-19_Acme-Labs_meeting-notes_REF-0046.md,2026-10-19_Acme-Labs_meeting-notes_REF-0046.md,1,1,3,1164,0,Seeded modeled result; no desktop or web application executed.
true,false,fixture-0046,sim-rule-baseline,1.0.0,1,document_0046.md,2026-10-19_Acme-Labs_meeting-notes_REF-0046.md,2026-10-19_Acme-Labs_meeting-notes_REF-0046.md,1,1,3,108,0,Seeded modeled result; no desktop or web application executed.
true,false,fixture-0046,sim-rule-baseline,1.0.0,2,document_0046.md,2026-10-19_Acme-Labs_meeting-notes_REF-0046.md,2026-10-19_meeting-notes_REF-0046.md,1,0,0,90,0,Seeded modeled result; no desktop or web application executed.
true,false,fixture-0046,sim-rule-baseline,1.0.0,3,document_0046.md,2026-10-19_Acme-Labs_meeting-notes_REF-0046.md,2026-10-19_meeting-notes_REF-0046.md,1,0,3,107,0,Seeded modeled result; no desktop or web application executed.
true,false,fixture-0047,sim-reference-workflow,1.0.0,1,document_0047.csv,2026-11-20_Riverstone-Co_invoice_REF-0047.csv,2026-11-20_invoice_REF-0047.csv,1,0,3,623,0,Seeded modeled result; no desktop or web application executed.
true,false,fixture-0047,sim-reference-workflow,1.0.0,2,document_0047.csv,2026-11-20_Riverstone-Co_invoice_REF-0047.csv,2026-11-20_Riverstone-Co_invoice_REF-0047.csv,1,1,3,482,0,Seeded modeled result; no desktop or web application executed.
true,false,fixture-0047,sim-reference-workflow,1.0.0,3,document_0047.csv,2026-11-20_Riverstone-Co_invoice_REF-0047.csv,2026-11-20_Riverstone-Co_invoice_REF-0047.csv,1,1,3,400,0,Seeded modeled result; no desktop or web application executed.
true,false,fixture-0047,sim-cloud-baseline,1.0.0,1,document_0047.csv,2026-11-20_Riverstone-Co_invoice_REF-0047.csv,2026-11-20_Riverstone-Co_invoice_REF-0047.csv,1,1,3,712,0,Seeded modeled result; no desktop or web application executed.
true,false,fixture-0047,sim-cloud-baseline,1.0.0,2,document_0047.csv,2026-11-20_Riverstone-Co_invoice_REF-0047.csv,2026-11-20_Riverstone-Co_invoice_REF-0047.csv,1,1,3,619,0,Seeded modeled result; no desktop or web application executed.
true,false,fixture-0047,sim-cloud-baseline,1.0.0,3,document_0047.csv,2026-11-20_Riverstone-Co_invoice_REF-0047.csv,2026-11-20_invoice_REF-0047.csv,1,0,3,897,0,Seeded modeled result; no desktop or web application executed.
true,false,fixture-0047,sim-local-baseline,1.0.0,1,document_0047.csv,2026-11-20_Riverstone-Co_invoice_REF-0047.csv,2026-11-20_Riverstone-Co_invoice_REF-0047.csv,1,1,3,1141,0,Seeded modeled result; no desktop or web application executed.
true,false,fixture-0047,sim-local-baseline,1.0.0,2,document_0047.csv,2026-11-20_Riverstone-Co_invoice_REF-0047.csv,2026-11-20_Riverstone-Co_invoice_REF-0047.csv,1,1,3,1080,0,Seeded modeled result; no desktop or web application executed.
true,false,fixture-0047,sim-local-baseline,1.0.0,3,document_0047.csv,2026-11-20_Riverstone-Co_invoice_REF-0047.csv,2026-11-20_invoice_REF-0047.csv,1,0,3,999,0,Seeded modeled result; no desktop or web application executed.
true,false,fixture-0047,sim-rule-baseline,1.0.0,1,document_0047.csv,2026-11-20_Riverstone-Co_invoice_REF-0047.csv,2026-11-20_invoice_REF-0047.csv,1,0,0,111,0,Seeded modeled result; no desktop or web application executed.
true,false,fixture-0047,sim-rule-baseline,1.0.0,2,document_0047.csv,2026-11-20_Riverstone-Co_invoice_REF-0047.csv,2026-11-20_Riverstone-Co_invoice_REF-0047.csv,1,1,3,96,0,Seeded modeled result; no desktop or web application executed.
true,false,fixture-0047,sim-rule-baseline,1.0.0,3,document_0047.csv,2026-11-20_Riverstone-Co_invoice_REF-0047.csv,2026-11-20_Riverstone-Co_invoice_REF-0047.csv,1,1,3,75,0,Seeded modeled result; no desktop or web application executed.
true,false,fixture-0048,sim-reference-workflow,1.0.0,1,document_0048.json,2026-12-21_Bluebird-Health_meeting-notes_REF-0048.json,2026-12-21_Bluebird-Health_meeting-notes_REF-0048.json,1,1,3,431,0,Seeded modeled result; no desktop or web application executed.
true,false,fixture-0048,sim-reference-workflow,1.0.0,2,document_0048.json,2026-12-21_Bluebird-Health_meeting-notes_REF-0048.json,2026-12-21_Bluebird-Health_meeting-notes_REF-0048.json,1,1,3,609,0,Seeded modeled result; no desktop or web application executed.
true,false,fixture-0048,sim-reference-workflow,1.0.0,3,document_0048.json,2026-12-21_Bluebird-Health_meeting-notes_REF-0048.json,2026-12-21_Bluebird-Health_meeting-notes_REF-0048.json,1,1,3,603,0,Seeded modeled result; no desktop or web application executed.
true,false,fixture-0048,sim-cloud-baseline,1.0.0,1,document_0048.json,2026-12-21_Bluebird-Health_meeting-notes_REF-0048.json,2026-12-21_meeting-notes_REF-0048.json,1,0,2,669,0,Seeded modeled result; no desktop or web application executed.
true,false,fixture-0048,sim-cloud-baseline,1.0.0,2,document_0048.json,2026-12-21_Bluebird-Health_meeting-notes_REF-0048.json,2026-12-21_Bluebird-Health_meeting-notes_REF-0048.json,1,1,3,918,0,Seeded modeled result; no desktop or web application executed.
true,false,fixture-0048,sim-cloud-baseline,1.0.0,3,document_0048.json,2026-12-21_Bluebird-Health_meeting-notes_REF-0048.json,2026-12-21_Bluebird-Health_meeting-notes_REF-0048.json,1,1,3,905,0,Seeded modeled result; no desktop or web application executed.
true,false,fixture-0048,sim-local-baseline,1.0.0,1,document_0048.json,2026-12-21_Bluebird-Health_meeting-notes_REF-0048.json,2026-12-21_Bluebird-Health_meeting-notes_REF-0048.json,1,1,3,1133,0,Seeded modeled result; no desktop or web application executed.
true,false,fixture-0048,sim-local-baseline,1.0.0,2,document_0048.json,2026-12-21_Bluebird-Health_meeting-notes_REF-0048.json,2026-12-21_Bluebird-Health_meeting-notes_REF-0048.json,1,1,3,753,0,Seeded modeled result; no desktop or web application executed.
true,false,fixture-0048,sim-local-baseline,1.0.0,3,document_0048.json,2026-12-21_Bluebird-Health_meeting-notes_REF-0048.json,2026-12-21_Bluebird-Health_meeting-notes_REF-0048.json,1,1,3,1147,0,Seeded modeled result; no desktop or web application executed.
true,false,fixture-0048,sim-rule-baseline,1.0.0,1,document_0048.json,2026-12-21_Bluebird-Health_meeting-notes_REF-0048.json,2026-12-21_meeting-notes_REF-0048.json,1,0,2,107,0,Seeded modeled result; no desktop or web application executed.
true,false,fixture-0048,sim-rule-baseline,1.0.0,2,document_0048.json,2026-12-21_Bluebird-Health_meeting-notes_REF-0048.json,2026-12-21_meeting-notes_REF-0048.json,1,0,2,102,0,Seeded modeled result; no desktop or web application executed.
true,false,fixture-0048,sim-rule-baseline,1.0.0,3,document_0048.json,2026-12-21_Bluebird-Health_meeting-notes_REF-0048.json,2026-12-21_meeting-notes_REF-0048.json,1,0,2,73,0,Seeded modeled result; no desktop or web application executed.
true,false,fixture-0049,sim-reference-workflow,1.0.0,1,document_0049.xml,2026-01-22_Northstar-Studio_invoice_REF-0049.xml,2026-01-22_Northstar-Studio_invoice_REF-0049.xml,1,1,3,585,0,Seeded modeled result; no desktop or web application executed.
true,false,fixture-0049,sim-reference-workflow,1.0.0,2,document_0049.xml,2026-01-22_Northstar-Studio_invoice_REF-0049.xml,2026-01-22_Northstar-Studio_invoice_REF-0049.xml,1,1,3,564,0,Seeded modeled result; no desktop or web application executed.
true,false,fixture-0049,sim-reference-workflow,1.0.0,3,document_0049.xml,2026-01-22_Northstar-Studio_invoice_REF-0049.xml,2026-01-22_invoice_REF-0049.xml,1,0,3,484,0,Seeded modeled result; no desktop or web application executed.
true,false,fixture-0049,sim-cloud-baseline,1.0.0,1,document_0049.xml,2026-01-22_Northstar-Studio_invoice_REF-0049.xml,2026-01-22_Northstar-Studio_invoice_REF-0049.xml,1,1,3,746,0,Seeded modeled result; no desktop or web application executed.
true,false,fixture-0049,sim-cloud-baseline,1.0.0,2,document_0049.xml,2026-01-22_Northstar-Studio_invoice_REF-0049.xml,2026-01-22_Northstar-Studio_invoice_REF-0049.xml,1,1,3,617,0,Seeded modeled result; no desktop or web application executed.
true,false,fixture-0049,sim-cloud-baseline,1.0.0,3,document_0049.xml,2026-01-22_Northstar-Studio_invoice_REF-0049.xml,2026-01-22_invoice_REF-0049.xml,1,0,3,839,0,Seeded modeled result; no desktop or web application executed.
true,false,fixture-0049,sim-local-baseline,1.0.0,1,document_0049.xml,2026-01-22_Northstar-Studio_invoice_REF-0049.xml,2026-01-22_Northstar-Studio_invoice_REF-0049.xml,1,1,3,795,0,Seeded modeled result; no desktop or web application executed.
true,false,fixture-0049,sim-local-baseline,1.0.0,2,document_0049.xml,2026-01-22_Northstar-Studio_invoice_REF-0049.xml,2026-01-22_Northstar-Studio_invoice_REF-0049.xml,1,1,3,887,0,Seeded modeled result; no desktop or web application executed.
true,false,fixture-0049,sim-local-baseline,1.0.0,3,document_0049.xml,2026-01-22_Northstar-Studio_invoice_REF-0049.xml,2026-01-22_Northstar-Studio_invoice_REF-0049.xml,1,1,3,1136,0,Seeded modeled result; no desktop or web application executed.
true,false,fixture-0049,sim-rule-baseline,1.0.0,1,document_0049.xml,2026-01-22_Northstar-Studio_invoice_REF-0049.xml,2026-01-22_invoice_REF-0049.xml,1,0,2,84,0,Seeded modeled result; no desktop or web application executed.
true,false,fixture-0049,sim-rule-baseline,1.0.0,2,document_0049.xml,2026-01-22_Northstar-Studio_invoice_REF-0049.xml,2026-01-22_invoice_REF-0049.xml,1,0,1,110,0,Seeded modeled result; no desktop or web application executed.
true,false,fixture-0049,sim-rule-baseline,1.0.0,3,document_0049.xml,2026-01-22_Northstar-Studio_invoice_REF-0049.xml,2026-01-22_invoice_REF-0049.xml,1,0,2,69,0,Seeded modeled result; no desktop or web application executed.
true,false,fixture-0050,sim-reference-workflow,1.0.0,1,document_0050.yaml,2026-02-23_Pinecone-Works_meeting-notes_REF-0050.yaml,2026-02-23_Pinecone-Works_meeting-notes_REF-0050.yaml,1,1,3,449,0,Seeded modeled result; no desktop or web application executed.
true,false,fixture-0050,sim-reference-workflow,1.0.0,2,document_0050.yaml,2026-02-23_Pinecone-Works_meeting-notes_REF-0050.yaml,2026-02-23_Pinecone-Works_meeting-notes_REF-0050.yaml,1,1,3,419,0,Seeded modeled result; no desktop or web application executed.
true,false,fixture-0050,sim-reference-workflow,1.0.0,3,document_0050.yaml,2026-02-23_Pinecone-Works_meeting-notes_REF-0050.yaml,2026-02-23_Pinecone-Works_meeting-notes_REF-0050.yaml,1,1,3,614,0,Seeded modeled result; no desktop or web application executed.
true,false,fixture-0050,sim-cloud-baseline,1.0.0,1,document_0050.yaml,2026-02-23_Pinecone-Works_meeting-notes_REF-0050.yaml,2026-02-23_Pinecone-Works_meeting-notes_REF-0050.yaml,1,1,3,846,0,Seeded modeled result; no desktop or web application executed.
true,false,fixture-0050,sim-cloud-baseline,1.0.0,2,document_0050.yaml,2026-02-23_Pinecone-Works_meeting-notes_REF-0050.yaml,2026-02-23_Pinecone-Works_meeting-notes_REF-0050.yaml,1,1,3,610,0,Seeded modeled result; no desktop or web application executed.
true,false,fixture-0050,sim-cloud-baseline,1.0.0,3,document_0050.yaml,2026-02-23_Pinecone-Works_meeting-notes_REF-0050.yaml,2026-02-23_Pinecone-Works_meeting-notes_REF-0050.yaml,1,1,3,822,0,Seeded modeled result; no desktop or web application executed.
true,false,fixture-0050,sim-local-baseline,1.0.0,1,document_0050.yaml,2026-02-23_Pinecone-Works_meeting-notes_REF-0050.yaml,2026-02-23_meeting-notes_REF-0050.yaml,1,0,3,902,0,Seeded modeled result; no desktop or web application executed.
true,false,fixture-0050,sim-local-baseline,1.0.0,2,document_0050.yaml,2026-02-23_Pinecone-Works_meeting-notes_REF-0050.yaml,2026-02-23_meeting-notes_REF-0050.yaml,1,0,3,818,0,Seeded modeled result; no desktop or web application executed.
true,false,fixture-0050,sim-local-baseline,1.0.0,3,document_0050.yaml,2026-02-23_Pinecone-Works_meeting-notes_REF-0050.yaml,2026-02-23_Pinecone-Works_meeting-notes_REF-0050.yaml,1,1,3,1065,0,Seeded modeled result; no desktop or web application executed.
true,false,fixture-0050,sim-rule-baseline,1.0.0,1,document_0050.yaml,2026-02-23_Pinecone-Works_meeting-notes_REF-0050.yaml,2026-02-23_meeting-notes_REF-0050.yaml,1,0,1,112,0,Seeded modeled result; no desktop or web application executed.
true,false,fixture-0050,sim-rule-baseline,1.0.0,2,document_0050.yaml,2026-02-23_Pinecone-Works_meeting-notes_REF-0050.yaml,2026-02-23_Pinecone-Works_meeting-notes_REF-0050.yaml,1,1,3,112,0,Seeded modeled result; no desktop or web application executed.
true,false,fixture-0050,sim-rule-baseline,1.0.0,3,document_0050.yaml,2026-02-23_Pinecone-Works_meeting-notes_REF-0050.yaml,2026-02-23_meeting-notes_REF-0050.yaml,1,0,1,76,0,Seeded modeled result; no desktop or web application executed.
true,false,fixture-0051,sim-reference-workflow,1.0.0,1,document_0051.html,2026-03-24_Acme-Labs_invoice_REF-0051.html,2026-03-24_Acme-Labs_invoice_REF-0051.html,1,1,3,399,0,Seeded modeled result; no desktop or web application executed.
true,false,fixture-0051,sim-reference-workflow,1.0.0,2,document_0051.html,2026-03-24_Acme-Labs_invoice_REF-0051.html,2026-03-24_Acme-Labs_invoice_REF-0051.html,1,1,3,567,0,Seeded modeled result; no desktop or web application executed.
true,false,fixture-0051,sim-reference-workflow,1.0.0,3,document_0051.html,2026-03-24_Acme-Labs_invoice_REF-0051.html,2026-03-24_Acme-Labs_invoice_REF-0051.html,1,1,3,602,0,Seeded modeled result; no desktop or web application executed.
true,false,fixture-0051,sim-cloud-baseline,1.0.0,1,document_0051.html,2026-03-24_Acme-Labs_invoice_REF-0051.html,2026-03-24_Acme-Labs_invoice_REF-0051.html,1,1,3,665,0,Seeded modeled result; no desktop or web application executed.
true,false,fixture-0051,sim-cloud-baseline,1.0.0,2,document_0051.html,2026-03-24_Acme-Labs_invoice_REF-0051.html,2026-03-24_Acme-Labs_invoice_REF-0051.html,1,1,3,925,0,Seeded modeled result; no desktop or web application executed.
true,false,fixture-0051,sim-cloud-baseline,1.0.0,3,document_0051.html,2026-03-24_Acme-Labs_invoice_REF-0051.html,2026-03-24_Acme-Labs_invoice_REF-0051.html,1,1,3,697,0,Seeded modeled result; no desktop or web application executed.
true,false,fixture-0051,sim-local-baseline,1.0.0,1,document_0051.html,2026-03-24_Acme-Labs_invoice_REF-0051.html,2026-03-24_invoice_REF-0051.html,1,0,3,966,0,Seeded modeled result; no desktop or web application executed.
true,false,fixture-0051,sim-local-baseline,1.0.0,2,document_0051.html,2026-03-24_Acme-Labs_invoice_REF-0051.html,2026-03-24_Acme-Labs_invoice_REF-0051.html,1,1,3,894,0,Seeded modeled result; no desktop or web application executed.
true,false,fixture-0051,sim-local-baseline,1.0.0,3,document_0051.html,2026-03-24_Acme-Labs_invoice_REF-0051.html,2026-03-24_Acme-Labs_invoice_REF-0051.html,1,1,3,1073,0,Seeded modeled result; no desktop or web application executed.
true,false,fixture-0051,sim-rule-baseline,1.0.0,1,document_0051.html,2026-03-24_Acme-Labs_invoice_REF-0051.html,2026-03-24_Acme-Labs_invoice_REF-0051.html,1,1,3,70,0,Seeded modeled result; no desktop or web application executed.
true,false,fixture-0051,sim-rule-baseline,1.0.0,2,document_0051.html,2026-03-24_Acme-Labs_invoice_REF-0051.html,2026-03-24_invoice_REF-0051.html,1,0,1,80,0,Seeded modeled result; no desktop or web application executed.
true,false,fixture-0051,sim-rule-baseline,1.0.0,3,document_0051.html,2026-03-24_Acme-Labs_invoice_REF-0051.html,2026-03-24_invoice_REF-0051.html,1,0,1,103,0,Seeded modeled result; no desktop or web application executed.
true,false,fixture-0052,sim-reference-workflow,1.0.0,1,document_0052.eml,2026-04-25_Riverstone-Co_meeting-notes_REF-0052.eml,2026-04-25_Riverstone-Co_meeting-notes_REF-0052.eml,1,1,3,592,0,Seeded modeled result; no desktop or web application executed.
true,false,fixture-0052,sim-reference-workflow,1.0.0,2,document_0052.eml,2026-04-25_Riverstone-Co_meeting-notes_REF-0052.eml,2026-04-25_Riverstone-Co_meeting-notes_REF-0052.eml,1,1,3,444,0,Seeded modeled result; no desktop or web application executed.
true,false,fixture-0052,sim-reference-workflow,1.0.0,3,document_0052.eml,2026-04-25_Riverstone-Co_meeting-notes_REF-0052.eml,2026-04-25_Riverstone-Co_meeting-notes_REF-0052.eml,1,1,3,566,0,Seeded modeled result; no desktop or web application executed.
true,false,fixture-0052,sim-cloud-baseline,1.0.0,1,document_0052.eml,2026-04-25_Riverstone-Co_meeting-notes_REF-0052.eml,2026-04-25_meeting-notes_REF-0052.eml,1,0,3,720,0,Seeded modeled result; no desktop or web application executed.
true,false,fixture-0052,sim-cloud-baseline,1.0.0,2,document_0052.eml,2026-04-25_Riverstone-Co_meeting-notes_REF-0052.eml,2026-04-25_meeting-notes_REF-0052.eml,1,0,3,630,0,Seeded modeled result; no desktop or web application executed.
true,false,fixture-0052,sim-cloud-baseline,1.0.0,3,document_0052.eml,2026-04-25_Riverstone-Co_meeting-notes_REF-0052.eml,2026-04-25_Riverstone-Co_meeting-notes_REF-0052.eml,1,1,3,635,0,Seeded modeled result; no desktop or web application executed.
true,false,fixture-0052,sim-local-baseline,1.0.0,1,document_0052.eml,2026-04-25_Riverstone-Co_meeting-notes_REF-0052.eml,2026-04-25_meeting-notes_REF-0052.eml,1,0,2,963,0,Seeded modeled result; no desktop or web application executed.
true,false,fixture-0052,sim-local-baseline,1.0.0,2,document_0052.eml,2026-04-25_Riverstone-Co_meeting-notes_REF-0052.eml,2026-04-25_meeting-notes_REF-0052.eml,1,0,2,933,0,Seeded modeled result; no desktop or web application executed.
true,false,fixture-0052,sim-local-baseline,1.0.0,3,document_0052.eml,2026-04-25_Riverstone-Co_meeting-notes_REF-0052.eml,2026-04-25_meeting-notes_REF-0052.eml,1,0,3,741,0,Seeded modeled result; no desktop or web application executed.
true,false,fixture-0052,sim-rule-baseline,1.0.0,1,document_0052.eml,2026-04-25_Riverstone-Co_meeting-notes_REF-0052.eml,2026-04-25_meeting-notes_REF-0052.eml,1,0,0,82,0,Seeded modeled result; no desktop or web application executed.
true,false,fixture-0052,sim-rule-baseline,1.0.0,2,document_0052.eml,2026-04-25_Riverstone-Co_meeting-notes_REF-0052.eml,2026-04-25_meeting-notes_REF-0052.eml,1,0,0,86,0,Seeded modeled result; no desktop or web application executed.
true,false,fixture-0052,sim-rule-baseline,1.0.0,3,document_0052.eml,2026-04-25_Riverstone-Co_meeting-notes_REF-0052.eml,2026-04-25_meeting-notes_REF-0052.eml,1,0,0,104,0,Seeded modeled result; no desktop or web application executed.
true,false,fixture-0053,sim-reference-workflow,1.0.0,1,document_0053.srt,2026-05-26_Bluebird-Health_invoice_REF-0053.srt,2026-05-26_Bluebird-Health_invoice_REF-0053.srt,1,1,3,505,0,Seeded modeled result; no desktop or web application executed.
true,false,fixture-0053,sim-reference-workflow,1.0.0,2,document_0053.srt,2026-05-26_Bluebird-Health_invoice_REF-0053.srt,2026-05-26_Bluebird-Health_invoice_REF-0053.srt,1,1,3,563,0,Seeded modeled result; no desktop or web application executed.
true,false,fixture-0053,sim-reference-workflow,1.0.0,3,document_0053.srt,2026-05-26_Bluebird-Health_invoice_REF-0053.srt,2026-05-26_Bluebird-Health_invoice_REF-0053.srt,1,1,3,531,0,Seeded modeled result; no desktop or web application executed.
true,false,fixture-0053,sim-cloud-baseline,1.0.0,1,document_0053.srt,2026-05-26_Bluebird-Health_invoice_REF-0053.srt,2026-05-26_Bluebird-Health_invoice_REF-0053.srt,1,1,3,555,0,Seeded modeled result; no desktop or web application executed.
true,false,fixture-0053,sim-cloud-baseline,1.0.0,2,document_0053.srt,2026-05-26_Bluebird-Health_invoice_REF-0053.srt,2026-05-26_invoice_REF-0053.srt,1,0,1,844,0,Seeded modeled result; no desktop or web application executed.
true,false,fixture-0053,sim-cloud-baseline,1.0.0,3,document_0053.srt,2026-05-26_Bluebird-Health_invoice_REF-0053.srt,2026-05-26_invoice_REF-0053.srt,1,0,2,756,0,Seeded modeled result; no desktop or web application executed.
true,false,fixture-0053,sim-local-baseline,1.0.0,1,document_0053.srt,2026-05-26_Bluebird-Health_invoice_REF-0053.srt,2026-05-26_Bluebird-Health_invoice_REF-0053.srt,1,1,3,838,0,Seeded modeled result; no desktop or web application executed.
true,false,fixture-0053,sim-local-baseline,1.0.0,2,document_0053.srt,2026-05-26_Bluebird-Health_invoice_REF-0053.srt,2026-05-26_invoice_REF-0053.srt,1,0,3,1057,0,Seeded modeled result; no desktop or web application executed.
true,false,fixture-0053,sim-local-baseline,1.0.0,3,document_0053.srt,2026-05-26_Bluebird-Health_invoice_REF-0053.srt,2026-05-26_Bluebird-Health_invoice_REF-0053.srt,1,1,3,1069,0,Seeded modeled result; no desktop or web application executed.
true,false,fixture-0053,sim-rule-baseline,1.0.0,1,document_0053.srt,2026-05-26_Bluebird-Health_invoice_REF-0053.srt,2026-05-26_invoice_REF-0053.srt,1,0,0,103,0,Seeded modeled result; no desktop or web application executed.
true,false,fixture-0053,sim-rule-baseline,1.0.0,2,document_0053.srt,2026-05-26_Bluebird-Health_invoice_REF-0053.srt,2026-05-26_invoice_REF-0053.srt,1,0,0,91,0,Seeded modeled result; no desktop or web application executed.
true,false,fixture-0053,sim-rule-baseline,1.0.0,3,document_0053.srt,2026-05-26_Bluebird-Health_invoice_REF-0053.srt,2026-05-26_invoice_REF-0053.srt,1,0,1,96,0,Seeded modeled result; no desktop or web application executed.
true,false,fixture-0054,sim-reference-workflow,1.0.0,1,document_0054.vtt,2026-06-27_Northstar-Studio_meeting-notes_REF-0054.vtt,2026-06-27_Northstar-Studio_meeting-notes_REF-0054.vtt,1,1,3,510,0,Seeded modeled result; no desktop or web application executed.
true,false,fixture-0054,sim-reference-workflow,1.0.0,2,document_0054.vtt,2026-06-27_Northstar-Studio_meeting-notes_REF-0054.vtt,2026-06-27_Northstar-Studio_meeting-notes_REF-0054.vtt,1,1,3,605,0,Seeded modeled result; no desktop or web application executed.
true,false,fixture-0054,sim-reference-workflow,1.0.0,3,document_0054.vtt,2026-06-27_Northstar-Studio_meeting-notes_REF-0054.vtt,2026-06-27_Northstar-Studio_meeting-notes_REF-0054.vtt,1,1,3,642,0,Seeded modeled result; no desktop or web application executed.
true,false,fixture-0054,sim-cloud-baseline,1.0.0,1,document_0054.vtt,2026-06-27_Northstar-Studio_meeting-notes_REF-0054.vtt,2026-06-27_Northstar-Studio_meeting-notes_REF-0054.vtt,1,1,3,662,0,Seeded modeled result; no desktop or web application executed.
true,false,fixture-0054,sim-cloud-baseline,1.0.0,2,document_0054.vtt,2026-06-27_Northstar-Studio_meeting-notes_REF-0054.vtt,2026-06-27_Northstar-Studio_meeting-notes_REF-0054.vtt,1,1,3,839,0,Seeded modeled result; no desktop or web application executed.
true,false,fixture-0054,sim-cloud-baseline,1.0.0,3,document_0054.vtt,2026-06-27_Northstar-Studio_meeting-notes_REF-0054.vtt,2026-06-27_meeting-notes_REF-0054.vtt,1,0,3,759,0,Seeded modeled result; no desktop or web application executed.
true,false,fixture-0054,sim-local-baseline,1.0.0,1,document_0054.vtt,2026-06-27_Northstar-Studio_meeting-notes_REF-0054.vtt,2026-06-27_Northstar-Studio_meeting-notes_REF-0054.vtt,1,1,3,787,0,Seeded modeled result; no desktop or web application executed.
true,false,fixture-0054,sim-local-baseline,1.0.0,2,document_0054.vtt,2026-06-27_Northstar-Studio_meeting-notes_REF-0054.vtt,2026-06-27_Northstar-Studio_meeting-notes_REF-0054.vtt,1,1,3,1119,0,Seeded modeled result; no desktop or web application executed.
true,false,fixture-0054,sim-local-baseline,1.0.0,3,document_0054.vtt,2026-06-27_Northstar-Studio_meeting-notes_REF-0054.vtt,2026-06-27_Northstar-Studio_meeting-notes_REF-0054.vtt,1,1,3,1187,0,Seeded modeled result; no desktop or web application executed.
true,false,fixture-0054,sim-rule-baseline,1.0.0,1,document_0054.vtt,2026-06-27_Northstar-Studio_meeting-notes_REF-0054.vtt,2026-06-27_meeting-notes_REF-0054.vtt,1,0,2,106,0,Seeded modeled result; no desktop or web application executed.
true,false,fixture-0054,sim-rule-baseline,1.0.0,2,document_0054.vtt,2026-06-27_Northstar-Studio_meeting-notes_REF-0054.vtt,2026-06-27_meeting-notes_REF-0054.vtt,1,0,2,92,0,Seeded modeled result; no desktop or web application executed.
true,false,fixture-0054,sim-rule-baseline,1.0.0,3,document_0054.vtt,2026-06-27_Northstar-Studio_meeting-notes_REF-0054.vtt,2026-06-27_meeting-notes_REF-0054.vtt,1,0,0,99,0,Seeded modeled result; no desktop or web application executed.
true,false,fixture-0055,sim-reference-workflow,1.0.0,1,document_0055.svg,2026-07-01_Pinecone-Works_invoice_REF-0055.svg,2026-07-01_Pinecone-Works_invoice_REF-0055.svg,1,1,3,533,0,Seeded modeled result; no desktop or web application executed.
true,false,fixture-0055,sim-reference-workflow,1.0.0,2,document_0055.svg,2026-07-01_Pinecone-Works_invoice_REF-0055.svg,2026-07-01_Pinecone-Works_invoice_REF-0055.svg,1,1,3,536,0,Seeded modeled result; no desktop or web application executed.
true,false,fixture-0055,sim-reference-workflow,1.0.0,3,document_0055.svg,2026-07-01_Pinecone-Works_invoice_REF-0055.svg,2026-07-01_Pinecone-Works_invoice_REF-0055.svg,1,1,3,448,0,Seeded modeled result; no desktop or web application executed.
true,false,fixture-0055,sim-cloud-baseline,1.0.0,1,document_0055.svg,2026-07-01_Pinecone-Works_invoice_REF-0055.svg,2026-07-01_Pinecone-Works_invoice_REF-0055.svg,1,1,3,896,0,Seeded modeled result; no desktop or web application executed.
true,false,fixture-0055,sim-cloud-baseline,1.0.0,2,document_0055.svg,2026-07-01_Pinecone-Works_invoice_REF-0055.svg,2026-07-01_Pinecone-Works_invoice_REF-0055.svg,1,1,3,791,0,Seeded modeled result; no desktop or web application executed.
true,false,fixture-0055,sim-cloud-baseline,1.0.0,3,document_0055.svg,2026-07-01_Pinecone-Works_invoice_REF-0055.svg,2026-07-01_Pinecone-Works_invoice_REF-0055.svg,1,1,3,697,0,Seeded modeled result; no desktop or web application executed.
true,false,fixture-0055,sim-local-baseline,1.0.0,1,document_0055.svg,2026-07-01_Pinecone-Works_invoice_REF-0055.svg,2026-07-01_Pinecone-Works_invoice_REF-0055.svg,1,1,3,1218,0,Seeded modeled result; no desktop or web application executed.
true,false,fixture-0055,sim-local-baseline,1.0.0,2,document_0055.svg,2026-07-01_Pinecone-Works_invoice_REF-0055.svg,2026-07-01_invoice_REF-0055.svg,1,0,2,967,0,Seeded modeled result; no desktop or web application executed.
true,false,fixture-0055,sim-local-baseline,1.0.0,3,document_0055.svg,2026-07-01_Pinecone-Works_invoice_REF-0055.svg,2026-07-01_Pinecone-Works_invoice_REF-0055.svg,1,1,3,966,0,Seeded modeled result; no desktop or web application executed.
true,false,fixture-0055,sim-rule-baseline,1.0.0,1,document_0055.svg,2026-07-01_Pinecone-Works_invoice_REF-0055.svg,2026-07-01_invoice_REF-0055.svg,1,0,1,68,0,Seeded modeled result; no desktop or web application executed.
true,false,fixture-0055,sim-rule-baseline,1.0.0,2,document_0055.svg,2026-07-01_Pinecone-Works_invoice_REF-0055.svg,2026-07-01_invoice_REF-0055.svg,1,0,1,70,0,Seeded modeled result; no desktop or web application executed.
true,false,fixture-0055,sim-rule-baseline,1.0.0,3,document_0055.svg,2026-07-01_Pinecone-Works_invoice_REF-0055.svg,2026-07-01_invoice_REF-0055.svg,1,0,1,90,0,Seeded modeled result; no desktop or web application executed.
true,false,fixture-0056,sim-reference-workflow,1.0.0,1,document_0056.txt,2026-08-02_Acme-Labs_meeting-notes_REF-0056.txt,2026-08-02_Acme-Labs_meeting-notes_REF-0056.txt,1,1,3,519,0,Seeded modeled result; no desktop or web application executed.
true,false,fixture-0056,sim-reference-workflow,1.0.0,2,document_0056.txt,2026-08-02_Acme-Labs_meeting-notes_REF-0056.txt,2026-08-02_Acme-Labs_meeting-notes_REF-0056.txt,1,1,3,634,0,Seeded modeled result; no desktop or web application executed.
true,false,fixture-0056,sim-reference-workflow,1.0.0,3,document_0056.txt,2026-08-02_Acme-Labs_meeting-notes_REF-0056.txt,2026-08-02_meeting-notes_REF-0056.txt,1,0,3,506,0,Seeded modeled result; no desktop or web application executed.
true,false,fixture-0056,sim-cloud-baseline,1.0.0,1,document_0056.txt,2026-08-02_Acme-Labs_meeting-notes_REF-0056.txt,2026-08-02_Acme-Labs_meeting-notes_REF-0056.txt,1,1,3,903,0,Seeded modeled result; no desktop or web application executed.
true,false,fixture-0056,sim-cloud-baseline,1.0.0,2,document_0056.txt,2026-08-02_Acme-Labs_meeting-notes_REF-0056.txt,2026-08-02_Acme-Labs_meeting-notes_REF-0056.txt,1,1,3,902,0,Seeded modeled result; no desktop or web application executed.
true,false,fixture-0056,sim-cloud-baseline,1.0.0,3,document_0056.txt,2026-08-02_Acme-Labs_meeting-notes_REF-0056.txt,2026-08-02_Acme-Labs_meeting-notes_REF-0056.txt,1,1,3,732,0,Seeded modeled result; no desktop or web application executed.
true,false,fixture-0056,sim-local-baseline,1.0.0,1,document_0056.txt,2026-08-02_Acme-Labs_meeting-notes_REF-0056.txt,2026-08-02_meeting-notes_REF-0056.txt,1,0,3,1041,0,Seeded modeled result; no desktop or web application executed.
true,false,fixture-0056,sim-local-baseline,1.0.0,2,document_0056.txt,2026-08-02_Acme-Labs_meeting-notes_REF-0056.txt,2026-08-02_Acme-Labs_meeting-notes_REF-0056.txt,1,1,3,1224,0,Seeded modeled result; no desktop or web application executed.
true,false,fixture-0056,sim-local-baseline,1.0.0,3,document_0056.txt,2026-08-02_Acme-Labs_meeting-notes_REF-0056.txt,2026-08-02_meeting-notes_REF-0056.txt,1,0,3,1119,0,Seeded modeled result; no desktop or web application executed.
true,false,fixture-0056,sim-rule-baseline,1.0.0,1,document_0056.txt,2026-08-02_Acme-Labs_meeting-notes_REF-0056.txt,2026-08-02_meeting-notes_REF-0056.txt,1,0,2,112,0,Seeded modeled result; no desktop or web application executed.
true,false,fixture-0056,sim-rule-baseline,1.0.0,2,document_0056.txt,2026-08-02_Acme-Labs_meeting-notes_REF-0056.txt,2026-08-02_meeting-notes_REF-0056.txt,1,0,1,101,0,Seeded modeled result; no desktop or web application executed.
true,false,fixture-0056,sim-rule-baseline,1.0.0,3,document_0056.txt,2026-08-02_Acme-Labs_meeting-notes_REF-0056.txt,2026-08-02_meeting-notes_REF-0056.txt,1,0,1,70,0,Seeded modeled result; no desktop or web application executed.
true,false,fixture-0057,sim-reference-workflow,1.0.0,1,document_0057.md,2026-09-03_Riverstone-Co_invoice_REF-0057.md,2026-09-03_Riverstone-Co_invoice_REF-0057.md,1,1,3,522,0,Seeded modeled result; no desktop or web application executed.
true,false,fixture-0057,sim-reference-workflow,1.0.0,2,document_0057.md,2026-09-03_Riverstone-Co_invoice_REF-0057.md,2026-09-03_Riverstone-Co_invoice_REF-0057.md,1,1,3,547,0,Seeded modeled result; no desktop or web application executed.
true,false,fixture-0057,sim-reference-workflow,1.0.0,3,document_0057.md,2026-09-03_Riverstone-Co_invoice_REF-0057.md,2026-09-03_invoice_REF-0057.md,1,0,3,596,0,Seeded modeled result; no desktop or web application executed.
true,false,fixture-0057,sim-cloud-baseline,1.0.0,1,document_0057.md,2026-09-03_Riverstone-Co_invoice_REF-0057.md,2026-09-03_Riverstone-Co_invoice_REF-0057.md,1,1,3,924,0,Seeded modeled result; no desktop or web application executed.
true,false,fixture-0057,sim-cloud-baseline,1.0.0,2,document_0057.md,2026-09-03_Riverstone-Co_invoice_REF-0057.md,2026-09-03_Riverstone-Co_invoice_REF-0057.md,1,1,3,757,0,Seeded modeled result; no desktop or web application executed.
true,false,fixture-0057,sim-cloud-baseline,1.0.0,3,document_0057.md,2026-09-03_Riverstone-Co_invoice_REF-0057.md,2026-09-03_Riverstone-Co_invoice_REF-0057.md,1,1,3,791,0,Seeded modeled result; no desktop or web application executed.
true,false,fixture-0057,sim-local-baseline,1.0.0,1,document_0057.md,2026-09-03_Riverstone-Co_invoice_REF-0057.md,2026-09-03_Riverstone-Co_invoice_REF-0057.md,0,1,3,1098,0,Seeded modeled result; no desktop or web application executed.
true,false,fixture-0057,sim-local-baseline,1.0.0,2,document_0057.md,2026-09-03_Riverstone-Co_invoice_REF-0057.md,2026-09-03_Riverstone-Co_invoice_REF-0057.md,1,1,3,1028,0,Seeded modeled result; no desktop or web application executed.
true,false,fixture-0057,sim-local-baseline,1.0.0,3,document_0057.md,2026-09-03_Riverstone-Co_invoice_REF-0057.md,2026-09-03_invoice_REF-0057.md,1,0,0,991,0,Seeded modeled result; no desktop or web application executed.
true,false,fixture-0057,sim-rule-baseline,1.0.0,1,document_0057.md,2026-09-03_Riverstone-Co_invoice_REF-0057.md,2026-09-03_Riverstone-Co_invoice_REF-0057.md,1,1,3,76,0,Seeded modeled result; no desktop or web application executed.
true,false,fixture-0057,sim-rule-baseline,1.0.0,2,document_0057.md,2026-09-03_Riverstone-Co_invoice_REF-0057.md,2026-09-03_Riverstone-Co_invoice_REF-0057.md,1,1,3,87,0,Seeded modeled result; no desktop or web application executed.
true,false,fixture-0057,sim-rule-baseline,1.0.0,3,document_0057.md,2026-09-03_Riverstone-Co_invoice_REF-0057.md,2026-09-03_invoice_REF-0057.md,1,0,1,104,0,Seeded modeled result; no desktop or web application executed.
true,false,fixture-0058,sim-reference-workflow,1.0.0,1,document_0058.csv,2026-10-04_Bluebird-Health_meeting-notes_REF-0058.csv,2026-10-04_Bluebird-Health_meeting-notes_REF-0058.csv,1,1,3,501,0,Seeded modeled result; no desktop or web application executed.
true,false,fixture-0058,sim-reference-workflow,1.0.0,2,document_0058.csv,2026-10-04_Bluebird-Health_meeting-notes_REF-0058.csv,2026-10-04_Bluebird-Health_meeting-notes_REF-0058.csv,1,1,3,515,0,Seeded modeled result; no desktop or web application executed.
true,false,fixture-0058,sim-reference-workflow,1.0.0,3,document_0058.csv,2026-10-04_Bluebird-Health_meeting-notes_REF-0058.csv,2026-10-04_Bluebird-Health_meeting-notes_REF-0058.csv,1,1,3,515,0,Seeded modeled result; no desktop or web application executed.
true,false,fixture-0058,sim-cloud-baseline,1.0.0,1,document_0058.csv,2026-10-04_Bluebird-Health_meeting-notes_REF-0058.csv,2026-10-04_Bluebird-Health_meeting-notes_REF-0058.csv,1,1,3,826,0,Seeded modeled result; no desktop or web application executed.
true,false,fixture-0058,sim-cloud-baseline,1.0.0,2,document_0058.csv,2026-10-04_Bluebird-Health_meeting-notes_REF-0058.csv,2026-10-04_Bluebird-Health_meeting-notes_REF-0058.csv,1,1,3,779,0,Seeded modeled result; no desktop or web application executed.
true,false,fixture-0058,sim-cloud-baseline,1.0.0,3,document_0058.csv,2026-10-04_Bluebird-Health_meeting-notes_REF-0058.csv,2026-10-04_Bluebird-Health_meeting-notes_REF-0058.csv,1,1,3,702,0,Seeded modeled result; no desktop or web application executed.
true,false,fixture-0058,sim-local-baseline,1.0.0,1,document_0058.csv,2026-10-04_Bluebird-Health_meeting-notes_REF-0058.csv,2026-10-04_Bluebird-Health_meeting-notes_REF-0058.csv,1,1,3,898,0,Seeded modeled result; no desktop or web application executed.
true,false,fixture-0058,sim-local-baseline,1.0.0,2,document_0058.csv,2026-10-04_Bluebird-Health_meeting-notes_REF-0058.csv,2026-10-04_Bluebird-Health_meeting-notes_REF-0058.csv,1,1,3,1133,0,Seeded modeled result; no desktop or web application executed.
true,false,fixture-0058,sim-local-baseline,1.0.0,3,document_0058.csv,2026-10-04_Bluebird-Health_meeting-notes_REF-0058.csv,2026-10-04_Bluebird-Health_meeting-notes_REF-0058.csv,1,1,3,792,0,Seeded modeled result; no desktop or web application executed.
true,false,fixture-0058,sim-rule-baseline,1.0.0,1,document_0058.csv,2026-10-04_Bluebird-Health_meeting-notes_REF-0058.csv,2026-10-04_meeting-notes_REF-0058.csv,1,0,0,104,0,Seeded modeled result; no desktop or web application executed.
true,false,fixture-0058,sim-rule-baseline,1.0.0,2,document_0058.csv,2026-10-04_Bluebird-Health_meeting-notes_REF-0058.csv,2026-10-04_meeting-notes_REF-0058.csv,1,0,1,100,0,Seeded modeled result; no desktop or web application executed.
true,false,fixture-0058,sim-rule-baseline,1.0.0,3,document_0058.csv,2026-10-04_Bluebird-Health_meeting-notes_REF-0058.csv,2026-10-04_meeting-notes_REF-0058.csv,1,0,0,81,0,Seeded modeled result; no desktop or web application executed.
true,false,fixture-0059,sim-reference-workflow,1.0.0,1,document_0059.json,2026-11-05_Northstar-Studio_invoice_REF-0059.json,2026-11-05_Northstar-Studio_invoice_REF-0059.json,1,1,3,453,0,Seeded modeled result; no desktop or web application executed.
true,false,fixture-0059,sim-reference-workflow,1.0.0,2,document_0059.json,2026-11-05_Northstar-Studio_invoice_REF-0059.json,2026-11-05_Northstar-Studio_invoice_REF-0059.json,1,1,3,592,0,Seeded modeled result; no desktop or web application executed.
true,false,fixture-0059,sim-reference-workflow,1.0.0,3,document_0059.json,2026-11-05_Northstar-Studio_invoice_REF-0059.json,2026-11-05_Northstar-Studio_invoice_REF-0059.json,1,1,3,569,0,Seeded modeled result; no desktop or web application executed.
true,false,fixture-0059,sim-cloud-baseline,1.0.0,1,document_0059.json,2026-11-05_Northstar-Studio_invoice_REF-0059.json,2026-11-05_invoice_REF-0059.json,1,0,3,640,0,Seeded modeled result; no desktop or web application executed.
true,false,fixture-0059,sim-cloud-baseline,1.0.0,2,document_0059.json,2026-11-05_Northstar-Studio_invoice_REF-0059.json,2026-11-05_Northstar-Studio_invoice_REF-0059.json,1,1,3,780,0,Seeded modeled result; no desktop or web application executed.
true,false,fixture-0059,sim-cloud-baseline,1.0.0,3,document_0059.json,2026-11-05_Northstar-Studio_invoice_REF-0059.json,2026-11-05_Northstar-Studio_invoice_REF-0059.json,1,1,3,786,0,Seeded modeled result; no desktop or web application executed.
true,false,fixture-0059,sim-local-baseline,1.0.0,1,document_0059.json,2026-11-05_Northstar-Studio_invoice_REF-0059.json,2026-11-05_invoice_REF-0059.json,1,0,1,848,0,Seeded modeled result; no desktop or web application executed.
true,false,fixture-0059,sim-local-baseline,1.0.0,2,document_0059.json,2026-11-05_Northstar-Studio_invoice_REF-0059.json,2026-11-05_Northstar-Studio_invoice_REF-0059.json,1,1,3,1062,0,Seeded modeled result; no desktop or web application executed.
true,false,fixture-0059,sim-local-baseline,1.0.0,3,document_0059.json,2026-11-05_Northstar-Studio_invoice_REF-0059.json,2026-11-05_invoice_REF-0059.json,1,0,3,1088,0,Seeded modeled result; no desktop or web application executed.
true,false,fixture-0059,sim-rule-baseline,1.0.0,1,document_0059.json,2026-11-05_Northstar-Studio_invoice_REF-0059.json,2026-11-05_invoice_REF-0059.json,1,0,3,85,0,Seeded modeled result; no desktop or web application executed.
true,false,fixture-0059,sim-rule-baseline,1.0.0,2,document_0059.json,2026-11-05_Northstar-Studio_invoice_REF-0059.json,2026-11-05_invoice_REF-0059.json,1,0,0,69,0,Seeded modeled result; no desktop or web application executed.
true,false,fixture-0059,sim-rule-baseline,1.0.0,3,document_0059.json,2026-11-05_Northstar-Studio_invoice_REF-0059.json,2026-11-05_Northstar-Studio_invoice_REF-0059.json,1,1,3,104,0,Seeded modeled result; no desktop or web application executed.
true,false,fixture-0060,sim-reference-workflow,1.0.0,1,document_0060.xml,2026-12-06_Pinecone-Works_meeting-notes_REF-0060.xml,2026-12-06_Pinecone-Works_meeting-notes_REF-0060.xml,1,1,3,626,0,Seeded modeled result; no desktop or web application executed.
true,false,fixture-0060,sim-reference-workflow,1.0.0,2,document_0060.xml,2026-12-06_Pinecone-Works_meeting-notes_REF-0060.xml,2026-12-06_meeting-notes_REF-0060.xml,1,0,2,536,0,Seeded modeled result; no desktop or web application executed.
true,false,fixture-0060,sim-reference-workflow,1.0.0,3,document_0060.xml,2026-12-06_Pinecone-Works_meeting-notes_REF-0060.xml,2026-12-06_Pinecone-Works_meeting-notes_REF-0060.xml,1,1,3,430,0,Seeded modeled result; no desktop or web application executed.
true,false,fixture-0060,sim-cloud-baseline,1.0.0,1,document_0060.xml,2026-12-06_Pinecone-Works_meeting-notes_REF-0060.xml,2026-12-06_Pinecone-Works_meeting-notes_REF-0060.xml,1,1,3,669,0,Seeded modeled result; no desktop or web application executed.
true,false,fixture-0060,sim-cloud-baseline,1.0.0,2,document_0060.xml,2026-12-06_Pinecone-Works_meeting-notes_REF-0060.xml,2026-12-06_Pinecone-Works_meeting-notes_REF-0060.xml,1,1,3,692,0,Seeded modeled result; no desktop or web application executed.
true,false,fixture-0060,sim-cloud-baseline,1.0.0,3,document_0060.xml,2026-12-06_Pinecone-Works_meeting-notes_REF-0060.xml,2026-12-06_Pinecone-Works_meeting-notes_REF-0060.xml,1,1,3,888,0,Seeded modeled result; no desktop or web application executed.
true,false,fixture-0060,sim-local-baseline,1.0.0,1,document_0060.xml,2026-12-06_Pinecone-Works_meeting-notes_REF-0060.xml,2026-12-06_meeting-notes_REF-0060.xml,1,0,2,780,0,Seeded modeled result; no desktop or web application executed.
true,false,fixture-0060,sim-local-baseline,1.0.0,2,document_0060.xml,2026-12-06_Pinecone-Works_meeting-notes_REF-0060.xml,2026-12-06_Pinecone-Works_meeting-notes_REF-0060.xml,1,1,3,822,0,Seeded modeled result; no desktop or web application executed.
true,false,fixture-0060,sim-local-baseline,1.0.0,3,document_0060.xml,2026-12-06_Pinecone-Works_meeting-notes_REF-0060.xml,2026-12-06_Pinecone-Works_meeting-notes_REF-0060.xml,1,1,3,1144,0,Seeded modeled result; no desktop or web application executed.
true,false,fixture-0060,sim-rule-baseline,1.0.0,1,document_0060.xml,2026-12-06_Pinecone-Works_meeting-notes_REF-0060.xml,2026-12-06_meeting-notes_REF-0060.xml,1,0,2,68,0,Seeded modeled result; no desktop or web application executed.
true,false,fixture-0060,sim-rule-baseline,1.0.0,2,document_0060.xml,2026-12-06_Pinecone-Works_meeting-notes_REF-0060.xml,2026-12-06_meeting-notes_REF-0060.xml,1,0,1,80,0,Seeded modeled result; no desktop or web application executed.
true,false,fixture-0060,sim-rule-baseline,1.0.0,3,document_0060.xml,2026-12-06_Pinecone-Works_meeting-notes_REF-0060.xml,2026-12-06_meeting-notes_REF-0060.xml,1,0,3,77,0,Seeded modeled result; no desktop or web application executed.
true,false,fixture-0061,sim-reference-workflow,1.0.0,1,document_0061.yaml,2026-01-07_Acme-Labs_invoice_REF-0061.yaml,2026-01-07_Acme-Labs_invoice_REF-0061.yaml,1,1,3,496,0,Seeded modeled result; no desktop or web application executed.
true,false,fixture-0061,sim-reference-workflow,1.0.0,2,document_0061.yaml,2026-01-07_Acme-Labs_invoice_REF-0061.yaml,2026-01-07_invoice_REF-0061.yaml,1,0,3,591,0,Seeded modeled result; no desktop or web application executed.
true,false,fixture-0061,sim-reference-workflow,1.0.0,3,document_0061.yaml,2026-01-07_Acme-Labs_invoice_REF-0061.yaml,2026-01-07_Acme-Labs_invoice_REF-0061.yaml,1,1,3,414,0,Seeded modeled result; no desktop or web application executed.
true,false,fixture-0061,sim-cloud-baseline,1.0.0,1,document_0061.yaml,2026-01-07_Acme-Labs_invoice_REF-0061.yaml,2026-01-07_Acme-Labs_invoice_REF-0061.yaml,1,1,3,653,0,Seeded modeled result; no desktop or web application executed.
true,false,fixture-0061,sim-cloud-baseline,1.0.0,2,document_0061.yaml,2026-01-07_Acme-Labs_invoice_REF-0061.yaml,2026-01-07_Acme-Labs_invoice_REF-0061.yaml,1,1,3,878,0,Seeded modeled result; no desktop or web application executed.
true,false,fixture-0061,sim-cloud-baseline,1.0.0,3,document_0061.yaml,2026-01-07_Acme-Labs_invoice_REF-0061.yaml,2026-01-07_Acme-Labs_invoice_REF-0061.yaml,1,1,3,872,0,Seeded modeled result; no desktop or web application executed.
true,false,fixture-0061,sim-local-baseline,1.0.0,1,document_0061.yaml,2026-01-07_Acme-Labs_invoice_REF-0061.yaml,2026-01-07_Acme-Labs_invoice_REF-0061.yaml,1,1,3,794,0,Seeded modeled result; no desktop or web application executed.
true,false,fixture-0061,sim-local-baseline,1.0.0,2,document_0061.yaml,2026-01-07_Acme-Labs_invoice_REF-0061.yaml,2026-01-07_Acme-Labs_invoice_REF-0061.yaml,1,1,3,1105,0,Seeded modeled result; no desktop or web application executed.
true,false,fixture-0061,sim-local-baseline,1.0.0,3,document_0061.yaml,2026-01-07_Acme-Labs_invoice_REF-0061.yaml,2026-01-07_Acme-Labs_invoice_REF-0061.yaml,1,1,3,890,0,Seeded modeled result; no desktop or web application executed.
true,false,fixture-0061,sim-rule-baseline,1.0.0,1,document_0061.yaml,2026-01-07_Acme-Labs_invoice_REF-0061.yaml,2026-01-07_invoice_REF-0061.yaml,1,0,1,77,0,Seeded modeled result; no desktop or web application executed.
true,false,fixture-0061,sim-rule-baseline,1.0.0,2,document_0061.yaml,2026-01-07_Acme-Labs_invoice_REF-0061.yaml,2026-01-07_Acme-Labs_invoice_REF-0061.yaml,1,1,3,90,0,Seeded modeled result; no desktop or web application executed.
true,false,fixture-0061,sim-rule-baseline,1.0.0,3,document_0061.yaml,2026-01-07_Acme-Labs_invoice_REF-0061.yaml,2026-01-07_invoice_REF-0061.yaml,1,0,3,86,0,Seeded modeled result; no desktop or web application executed.
true,false,fixture-0062,sim-reference-workflow,1.0.0,1,document_0062.html,2026-02-08_Riverstone-Co_meeting-notes_REF-0062.html,2026-02-08_Riverstone-Co_meeting-notes_REF-0062.html,1,1,3,457,0,Seeded modeled result; no desktop or web application executed.
true,false,fixture-0062,sim-reference-workflow,1.0.0,2,document_0062.html,2026-02-08_Riverstone-Co_meeting-notes_REF-0062.html,2026-02-08_Riverstone-Co_meeting-notes_REF-0062.html,1,1,3,620,0,Seeded modeled result; no desktop or web application executed.
true,false,fixture-0062,sim-reference-workflow,1.0.0,3,document_0062.html,2026-02-08_Riverstone-Co_meeting-notes_REF-0062.html,2026-02-08_Riverstone-Co_meeting-notes_REF-0062.html,1,1,3,544,0,Seeded modeled result; no desktop or web application executed.
true,false,fixture-0062,sim-cloud-baseline,1.0.0,1,document_0062.html,2026-02-08_Riverstone-Co_meeting-notes_REF-0062.html,2026-02-08_Riverstone-Co_meeting-notes_REF-0062.html,1,1,3,744,0,Seeded modeled result; no desktop or web application executed.
true,false,fixture-0062,sim-cloud-baseline,1.0.0,2,document_0062.html,2026-02-08_Riverstone-Co_meeting-notes_REF-0062.html,2026-02-08_Riverstone-Co_meeting-notes_REF-0062.html,1,1,3,735,0,Seeded modeled result; no desktop or web application executed.
true,false,fixture-0062,sim-cloud-baseline,1.0.0,3,document_0062.html,2026-02-08_Riverstone-Co_meeting-notes_REF-0062.html,2026-02-08_Riverstone-Co_meeting-notes_REF-0062.html,1,1,3,896,0,Seeded modeled result; no desktop or web application executed.
true,false,fixture-0062,sim-local-baseline,1.0.0,1,document_0062.html,2026-02-08_Riverstone-Co_meeting-notes_REF-0062.html,2026-02-08_Riverstone-Co_meeting-notes_REF-0062.html,1,1,3,753,0,Seeded modeled result; no desktop or web application executed.
true,false,fixture-0062,sim-local-baseline,1.0.0,2,document_0062.html,2026-02-08_Riverstone-Co_meeting-notes_REF-0062.html,2026-02-08_meeting-notes_REF-0062.html,1,0,2,1197,0,Seeded modeled result; no desktop or web application executed.
true,false,fixture-0062,sim-local-baseline,1.0.0,3,document_0062.html,2026-02-08_Riverstone-Co_meeting-notes_REF-0062.html,2026-02-08_meeting-notes_REF-0062.html,1,0,1,943,0,Seeded modeled result; no desktop or web application executed.
true,false,fixture-0062,sim-rule-baseline,1.0.0,1,document_0062.html,2026-02-08_Riverstone-Co_meeting-notes_REF-0062.html,2026-02-08_meeting-notes_REF-0062.html,1,0,1,111,0,Seeded modeled result; no desktop or web application executed.
true,false,fixture-0062,sim-rule-baseline,1.0.0,2,document_0062.html,2026-02-08_Riverstone-Co_meeting-notes_REF-0062.html,2026-02-08_Riverstone-Co_meeting-notes_REF-0062.html,1,1,3,82,0,Seeded modeled result; no desktop or web application executed.
true,false,fixture-0062,sim-rule-baseline,1.0.0,3,document_0062.html,2026-02-08_Riverstone-Co_meeting-notes_REF-0062.html,2026-02-08_meeting-notes_REF-0062.html,1,0,1,74,0,Seeded modeled result; no desktop or web application executed.
true,false,fixture-0063,sim-reference-workflow,1.0.0,1,document_0063.eml,2026-03-09_Bluebird-Health_invoice_REF-0063.eml,2026-03-09_Bluebird-Health_invoice_REF-0063.eml,1,1,3,607,0,Seeded modeled result; no desktop or web application executed.
true,false,fixture-0063,sim-reference-workflow,1.0.0,2,document_0063.eml,2026-03-09_Bluebird-Health_invoice_REF-0063.eml,2026-03-09_Bluebird-Health_invoice_REF-0063.eml,1,1,3,607,0,Seeded modeled result; no desktop or web application executed.
true,false,fixture-0063,sim-reference-workflow,1.0.0,3,document_0063.eml,2026-03-09_Bluebird-Health_invoice_REF-0063.eml,2026-03-09_Bluebird-Health_invoice_REF-0063.eml,1,1,3,500,0,Seeded modeled result; no desktop or web application executed.
true,false,fixture-0063,sim-cloud-baseline,1.0.0,1,document_0063.eml,2026-03-09_Bluebird-Health_invoice_REF-0063.eml,2026-03-09_Bluebird-Health_invoice_REF-0063.eml,1,1,3,780,0,Seeded modeled result; no desktop or web application executed.
true,false,fixture-0063,sim-cloud-baseline,1.0.0,2,document_0063.eml,2026-03-09_Bluebird-Health_invoice_REF-0063.eml,2026-03-09_Bluebird-Health_invoice_REF-0063.eml,1,1,3,802,0,Seeded modeled result; no desktop or web application executed.
true,false,fixture-0063,sim-cloud-baseline,1.0.0,3,document_0063.eml,2026-03-09_Bluebird-Health_invoice_REF-0063.eml,2026-03-09_Bluebird-Health_invoice_REF-0063.eml,1,1,3,896,0,Seeded modeled result; no desktop or web application executed.
true,false,fixture-0063,sim-local-baseline,1.0.0,1,document_0063.eml,2026-03-09_Bluebird-Health_invoice_REF-0063.eml,2026-03-09_Bluebird-Health_invoice_REF-0063.eml,1,1,3,972,0,Seeded modeled result; no desktop or web application executed.
true,false,fixture-0063,sim-local-baseline,1.0.0,2,document_0063.eml,2026-03-09_Bluebird-Health_invoice_REF-0063.eml,2026-03-09_invoice_REF-0063.eml,1,0,3,832,0,Seeded modeled result; no desktop or web application executed.
true,false,fixture-0063,sim-local-baseline,1.0.0,3,document_0063.eml,2026-03-09_Bluebird-Health_invoice_REF-0063.eml,2026-03-09_invoice_REF-0063.eml,1,0,3,982,0,Seeded modeled result; no desktop or web application executed.
true,false,fixture-0063,sim-rule-baseline,1.0.0,1,document_0063.eml,2026-03-09_Bluebird-Health_invoice_REF-0063.eml,2026-03-09_Bluebird-Health_invoice_REF-0063.eml,1,1,3,106,0,Seeded modeled result; no desktop or web application executed.
true,false,fixture-0063,sim-rule-baseline,1.0.0,2,document_0063.eml,2026-03-09_Bluebird-Health_invoice_REF-0063.eml,2026-03-09_invoice_REF-0063.eml,1,0,1,111,0,Seeded modeled result; no desktop or web application executed.
true,false,fixture-0063,sim-rule-baseline,1.0.0,3,document_0063.eml,2026-03-09_Bluebird-Health_invoice_REF-0063.eml,2026-03-09_invoice_REF-0063.eml,1,0,1,69,0,Seeded modeled result; no desktop or web application executed.
true,false,fixture-0064,sim-reference-workflow,1.0.0,1,document_0064.srt,2026-04-10_Northstar-Studio_meeting-notes_REF-0064.srt,2026-04-10_Northstar-Studio_meeting-notes_REF-0064.srt,1,1,3,598,0,Seeded modeled result; no desktop or web application executed.
true,false,fixture-0064,sim-reference-workflow,1.0.0,2,document_0064.srt,2026-04-10_Northstar-Studio_meeting-notes_REF-0064.srt,2026-04-10_Northstar-Studio_meeting-notes_REF-0064.srt,1,1,3,597,0,Seeded modeled result; no desktop or web application executed.
true,false,fixture-0064,sim-reference-workflow,1.0.0,3,document_0064.srt,2026-04-10_Northstar-Studio_meeting-notes_REF-0064.srt,2026-04-10_Northstar-Studio_meeting-notes_REF-0064.srt,1,1,3,413,0,Seeded modeled result; no desktop or web application executed.
true,false,fixture-0064,sim-cloud-baseline,1.0.0,1,document_0064.srt,2026-04-10_Northstar-Studio_meeting-notes_REF-0064.srt,2026-04-10_Northstar-Studio_meeting-notes_REF-0064.srt,1,1,3,658,0,Seeded modeled result; no desktop or web application executed.
true,false,fixture-0064,sim-cloud-baseline,1.0.0,2,document_0064.srt,2026-04-10_Northstar-Studio_meeting-notes_REF-0064.srt,2026-04-10_meeting-notes_REF-0064.srt,1,0,3,892,0,Seeded modeled result; no desktop or web application executed.
true,false,fixture-0064,sim-cloud-baseline,1.0.0,3,document_0064.srt,2026-04-10_Northstar-Studio_meeting-notes_REF-0064.srt,2026-04-10_Northstar-Studio_meeting-notes_REF-0064.srt,1,1,3,768,0,Seeded modeled result; no desktop or web application executed.
true,false,fixture-0064,sim-local-baseline,1.0.0,1,document_0064.srt,2026-04-10_Northstar-Studio_meeting-notes_REF-0064.srt,2026-04-10_Northstar-Studio_meeting-notes_REF-0064.srt,1,1,3,1006,0,Seeded modeled result; no desktop or web application executed.
true,false,fixture-0064,sim-local-baseline,1.0.0,2,document_0064.srt,2026-04-10_Northstar-Studio_meeting-notes_REF-0064.srt,2026-04-10_Northstar-Studio_meeting-notes_REF-0064.srt,1,1,3,762,0,Seeded modeled result; no desktop or web application executed.
true,false,fixture-0064,sim-local-baseline,1.0.0,3,document_0064.srt,2026-04-10_Northstar-Studio_meeting-notes_REF-0064.srt,2026-04-10_meeting-notes_REF-0064.srt,1,0,3,1045,0,Seeded modeled result; no desktop or web application executed.
true,false,fixture-0064,sim-rule-baseline,1.0.0,1,document_0064.srt,2026-04-10_Northstar-Studio_meeting-notes_REF-0064.srt,2026-04-10_meeting-notes_REF-0064.srt,1,0,0,111,0,Seeded modeled result; no desktop or web application executed.
true,false,fixture-0064,sim-rule-baseline,1.0.0,2,document_0064.srt,2026-04-10_Northstar-Studio_meeting-notes_REF-0064.srt,2026-04-10_meeting-notes_REF-0064.srt,1,0,2,96,0,Seeded modeled result; no desktop or web application executed.
true,false,fixture-0064,sim-rule-baseline,1.0.0,3,document_0064.srt,2026-04-10_Northstar-Studio_meeting-notes_REF-0064.srt,2026-04-10_meeting-notes_REF-0064.srt,1,0,2,84,0,Seeded modeled result; no desktop or web application executed.
true,false,fixture-0065,sim-reference-workflow,1.0.0,1,document_0065.vtt,2026-05-11_Pinecone-Works_invoice_REF-0065.vtt,2026-05-11_Pinecone-Works_invoice_REF-0065.vtt,1,1,3,513,0,Seeded modeled result; no desktop or web application executed.
true,false,fixture-0065,sim-reference-workflow,1.0.0,2,document_0065.vtt,2026-05-11_Pinecone-Works_invoice_REF-0065.vtt,2026-05-11_invoice_REF-0065.vtt,1,0,3,442,0,Seeded modeled result; no desktop or web application executed.
true,false,fixture-0065,sim-reference-workflow,1.0.0,3,document_0065.vtt,2026-05-11_Pinecone-Works_invoice_REF-0065.vtt,2026-05-11_Pinecone-Works_invoice_REF-0065.vtt,1,1,3,425,0,Seeded modeled result; no desktop or web application executed.
true,false,fixture-0065,sim-cloud-baseline,1.0.0,1,document_0065.vtt,2026-05-11_Pinecone-Works_invoice_REF-0065.vtt,2026-05-11_Pinecone-Works_invoice_REF-0065.vtt,1,1,3,593,0,Seeded modeled result; no desktop or web application executed.
true,false,fixture-0065,sim-cloud-baseline,1.0.0,2,document_0065.vtt,2026-05-11_Pinecone-Works_invoice_REF-0065.vtt,2026-05-11_Pinecone-Works_invoice_REF-0065.vtt,1,1,3,836,0,Seeded modeled result; no desktop or web application executed.
true,false,fixture-0065,sim-cloud-baseline,1.0.0,3,document_0065.vtt,2026-05-11_Pinecone-Works_invoice_REF-0065.vtt,2026-05-11_Pinecone-Works_invoice_REF-0065.vtt,1,1,3,763,0,Seeded modeled result; no desktop or web application executed.
true,false,fixture-0065,sim-local-baseline,1.0.0,1,document_0065.vtt,2026-05-11_Pinecone-Works_invoice_REF-0065.vtt,2026-05-11_Pinecone-Works_invoice_REF-0065.vtt,1,1,3,987,0,Seeded modeled result; no desktop or web application executed.
true,false,fixture-0065,sim-local-baseline,1.0.0,2,document_0065.vtt,2026-05-11_Pinecone-Works_invoice_REF-0065.vtt,2026-05-11_Pinecone-Works_invoice_REF-0065.vtt,1,1,3,773,0,Seeded modeled result; no desktop or web application executed.
true,false,fixture-0065,sim-local-baseline,1.0.0,3,document_0065.vtt,2026-05-11_Pinecone-Works_invoice_REF-0065.vtt,2026-05-11_Pinecone-Works_invoice_REF-0065.vtt,0,1,3,947,1,Seeded modeled result; no desktop or web application executed.
true,false,fixture-0065,sim-rule-baseline,1.0.0,1,document_0065.vtt,2026-05-11_Pinecone-Works_invoice_REF-0065.vtt,2026-05-11_invoice_REF-0065.vtt,1,0,0,98,0,Seeded modeled result; no desktop or web application executed.
true,false,fixture-0065,sim-rule-baseline,1.0.0,2,document_0065.vtt,2026-05-11_Pinecone-Works_invoice_REF-0065.vtt,2026-05-11_invoice_REF-0065.vtt,1,0,0,101,0,Seeded modeled result; no desktop or web application executed.
true,false,fixture-0065,sim-rule-baseline,1.0.0,3,document_0065.vtt,2026-05-11_Pinecone-Works_invoice_REF-0065.vtt,2026-05-11_invoice_REF-0065.vtt,1,0,1,76,0,Seeded modeled result; no desktop or web application executed.
true,false,fixture-0066,sim-reference-workflow,1.0.0,1,document_0066.svg,2026-06-12_Acme-Labs_meeting-notes_REF-0066.svg,2026-06-12_Acme-Labs_meeting-notes_REF-0066.svg,1,1,3,521,0,Seeded modeled result; no desktop or web application executed.
true,false,fixture-0066,sim-reference-workflow,1.0.0,2,document_0066.svg,2026-06-12_Acme-Labs_meeting-notes_REF-0066.svg,2026-06-12_meeting-notes_REF-0066.svg,1,0,3,453,0,Seeded modeled result; no desktop or web application executed.
true,false,fixture-0066,sim-reference-workflow,1.0.0,3,document_0066.svg,2026-06-12_Acme-Labs_meeting-notes_REF-0066.svg,2026-06-12_Acme-Labs_meeting-notes_REF-0066.svg,1,1,3,591,0,Seeded modeled result; no desktop or web application executed.
true,false,fixture-0066,sim-cloud-baseline,1.0.0,1,document_0066.svg,2026-06-12_Acme-Labs_meeting-notes_REF-0066.svg,2026-06-12_Acme-Labs_meeting-notes_REF-0066.svg,1,1,3,721,0,Seeded modeled result; no desktop or web application executed.
true,false,fixture-0066,sim-cloud-baseline,1.0.0,2,document_0066.svg,2026-06-12_Acme-Labs_meeting-notes_REF-0066.svg,2026-06-12_Acme-Labs_meeting-notes_REF-0066.svg,1,1,3,698,0,Seeded modeled result; no desktop or web application executed.
true,false,fixture-0066,sim-cloud-baseline,1.0.0,3,document_0066.svg,2026-06-12_Acme-Labs_meeting-notes_REF-0066.svg,2026-06-12_Acme-Labs_meeting-notes_REF-0066.svg,1,1,3,902,0,Seeded modeled result; no desktop or web application executed.
true,false,fixture-0066,sim-local-baseline,1.0.0,1,document_0066.svg,2026-06-12_Acme-Labs_meeting-notes_REF-0066.svg,2026-06-12_Acme-Labs_meeting-notes_REF-0066.svg,1,1,3,743,0,Seeded modeled result; no desktop or web application executed.
true,false,fixture-0066,sim-local-baseline,1.0.0,2,document_0066.svg,2026-06-12_Acme-Labs_meeting-notes_REF-0066.svg,2026-06-12_meeting-notes_REF-0066.svg,1,0,2,912,0,Seeded modeled result; no desktop or web application executed.
true,false,fixture-0066,sim-local-baseline,1.0.0,3,document_0066.svg,2026-06-12_Acme-Labs_meeting-notes_REF-0066.svg,2026-06-12_meeting-notes_REF-0066.svg,1,0,3,1146,0,Seeded modeled result; no desktop or web application executed.
true,false,fixture-0066,sim-rule-baseline,1.0.0,1,document_0066.svg,2026-06-12_Acme-Labs_meeting-notes_REF-0066.svg,2026-06-12_Acme-Labs_meeting-notes_REF-0066.svg,1,1,3,75,0,Seeded modeled result; no desktop or web application executed.
true,false,fixture-0066,sim-rule-baseline,1.0.0,2,document_0066.svg,2026-06-12_Acme-Labs_meeting-notes_REF-0066.svg,2026-06-12_meeting-notes_REF-0066.svg,1,0,1,85,0,Seeded modeled result; no desktop or web application executed.
true,false,fixture-0066,sim-rule-baseline,1.0.0,3,document_0066.svg,2026-06-12_Acme-Labs_meeting-notes_REF-0066.svg,2026-06-12_Acme-Labs_meeting-notes_REF-0066.svg,1,1,3,96,0,Seeded modeled result; no desktop or web application executed.
true,false,fixture-0067,sim-reference-workflow,1.0.0,1,document_0067.txt,2026-07-13_Riverstone-Co_invoice_REF-0067.txt,2026-07-13_Riverstone-Co_invoice_REF-0067.txt,1,1,3,503,0,Seeded modeled result; no desktop or web application executed.
true,false,fixture-0067,sim-reference-workflow,1.0.0,2,document_0067.txt,2026-07-13_Riverstone-Co_invoice_REF-0067.txt,2026-07-13_Riverstone-Co_invoice_REF-0067.txt,1,1,3,592,0,Seeded modeled result; no desktop or web application executed.
true,false,fixture-0067,sim-reference-workflow,1.0.0,3,document_0067.txt,2026-07-13_Riverstone-Co_invoice_REF-0067.txt,2026-07-13_Riverstone-Co_invoice_REF-0067.txt,1,1,3,526,0,Seeded modeled result; no desktop or web application executed.
true,false,fixture-0067,sim-cloud-baseline,1.0.0,1,document_0067.txt,2026-07-13_Riverstone-Co_invoice_REF-0067.txt,2026-07-13_Riverstone-Co_invoice_REF-0067.txt,1,1,3,642,0,Seeded modeled result; no desktop or web application executed.
true,false,fixture-0067,sim-cloud-baseline,1.0.0,2,document_0067.txt,2026-07-13_Riverstone-Co_invoice_REF-0067.txt,2026-07-13_Riverstone-Co_invoice_REF-0067.txt,1,1,3,738,0,Seeded modeled result; no desktop or web application executed.
true,false,fixture-0067,sim-cloud-baseline,1.0.0,3,document_0067.txt,2026-07-13_Riverstone-Co_invoice_REF-0067.txt,2026-07-13_Riverstone-Co_invoice_REF-0067.txt,1,1,3,756,0,Seeded modeled result; no desktop or web application executed.
true,false,fixture-0067,sim-local-baseline,1.0.0,1,document_0067.txt,2026-07-13_Riverstone-Co_invoice_REF-0067.txt,2026-07-13_Riverstone-Co_invoice_REF-0067.txt,1,1,3,874,0,Seeded modeled result; no desktop or web application executed.
true,false,fixture-0067,sim-local-baseline,1.0.0,2,document_0067.txt,2026-07-13_Riverstone-Co_invoice_REF-0067.txt,2026-07-13_invoice_REF-0067.txt,1,0,2,1194,0,Seeded modeled result; no desktop or web application executed.
true,false,fixture-0067,sim-local-baseline,1.0.0,3,document_0067.txt,2026-07-13_Riverstone-Co_invoice_REF-0067.txt,2026-07-13_Riverstone-Co_invoice_REF-0067.txt,1,1,3,1070,0,Seeded modeled result; no desktop or web application executed.
true,false,fixture-0067,sim-rule-baseline,1.0.0,1,document_0067.txt,2026-07-13_Riverstone-Co_invoice_REF-0067.txt,2026-07-13_invoice_REF-0067.txt,1,0,0,96,0,Seeded modeled result; no desktop or web application executed.
true,false,fixture-0067,sim-rule-baseline,1.0.0,2,document_0067.txt,2026-07-13_Riverstone-Co_invoice_REF-0067.txt,2026-07-13_invoice_REF-0067.txt,1,0,1,88,0,Seeded modeled result; no desktop or web application executed.
true,false,fixture-0067,sim-rule-baseline,1.0.0,3,document_0067.txt,2026-07-13_Riverstone-Co_invoice_REF-0067.txt,2026-07-13_invoice_REF-0067.txt,1,0,1,80,0,Seeded modeled result; no desktop or web application executed.
true,false,fixture-0068,sim-reference-workflow,1.0.0,1,document_0068.md,2026-08-14_Bluebird-Health_meeting-notes_REF-0068.md,2026-08-14_Bluebird-Health_meeting-notes_REF-0068.md,1,1,3,433,0,Seeded modeled result; no desktop or web application executed.
true,false,fixture-0068,sim-reference-workflow,1.0.0,2,document_0068.md,2026-08-14_Bluebird-Health_meeting-notes_REF-0068.md,2026-08-14_Bluebird-Health_meeting-notes_REF-0068.md,1,1,3,486,0,Seeded modeled result; no desktop or web application executed.
true,false,fixture-0068,sim-reference-workflow,1.0.0,3,document_0068.md,2026-08-14_Bluebird-Health_meeting-notes_REF-0068.md,2026-08-14_Bluebird-Health_meeting-notes_REF-0068.md,1,1,3,602,0,Seeded modeled result; no desktop or web application executed.
true,false,fixture-0068,sim-cloud-baseline,1.0.0,1,document_0068.md,2026-08-14_Bluebird-Health_meeting-notes_REF-0068.md,2026-08-14_Bluebird-Health_meeting-notes_REF-0068.md,1,1,3,607,0,Seeded modeled result; no desktop or web application executed.
true,false,fixture-0068,sim-cloud-baseline,1.0.0,2,document_0068.md,2026-08-14_Bluebird-Health_meeting-notes_REF-0068.md,2026-08-14_Bluebird-Health_meeting-notes_REF-0068.md,1,1,3,728,0,Seeded modeled result; no desktop or web application executed.
true,false,fixture-0068,sim-cloud-baseline,1.0.0,3,document_0068.md,2026-08-14_Bluebird-Health_meeting-notes_REF-0068.md,2026-08-14_Bluebird-Health_meeting-notes_REF-0068.md,1,1,3,773,0,Seeded modeled result; no desktop or web application executed.
true,false,fixture-0068,sim-local-baseline,1.0.0,1,document_0068.md,2026-08-14_Bluebird-Health_meeting-notes_REF-0068.md,2026-08-14_Bluebird-Health_meeting-notes_REF-0068.md,1,1,3,873,0,Seeded modeled result; no desktop or web application executed.
true,false,fixture-0068,sim-local-baseline,1.0.0,2,document_0068.md,2026-08-14_Bluebird-Health_meeting-notes_REF-0068.md,2026-08-14_Bluebird-Health_meeting-notes_REF-0068.md,1,1,3,963,0,Seeded modeled result; no desktop or web application executed.
true,false,fixture-0068,sim-local-baseline,1.0.0,3,document_0068.md,2026-08-14_Bluebird-Health_meeting-notes_REF-0068.md,2026-08-14_meeting-notes_REF-0068.md,1,0,3,821,0,Seeded modeled result; no desktop or web application executed.
true,false,fixture-0068,sim-rule-baseline,1.0.0,1,document_0068.md,2026-08-14_Bluebird-Health_meeting-notes_REF-0068.md,2026-08-14_meeting-notes_REF-0068.md,1,0,2,72,0,Seeded modeled result; no desktop or web application executed.
true,false,fixture-0068,sim-rule-baseline,1.0.0,2,document_0068.md,2026-08-14_Bluebird-Health_meeting-notes_REF-0068.md,2026-08-14_meeting-notes_REF-0068.md,1,0,2,94,0,Seeded modeled result; no desktop or web application executed.
true,false,fixture-0068,sim-rule-baseline,1.0.0,3,document_0068.md,2026-08-14_Bluebird-Health_meeting-notes_REF-0068.md,2026-08-14_meeting-notes_REF-0068.md,1,0,0,95,0,Seeded modeled result; no desktop or web application executed.
true,false,fixture-0069,sim-reference-workflow,1.0.0,1,document_0069.csv,2026-09-15_Northstar-Studio_invoice_REF-0069.csv,2026-09-15_Northstar-Studio_invoice_REF-0069.csv,1,1,3,541,0,Seeded modeled result; no desktop or web application executed.
true,false,fixture-0069,sim-reference-workflow,1.0.0,2,document_0069.csv,2026-09-15_Northstar-Studio_invoice_REF-0069.csv,2026-09-15_Northstar-Studio_invoice_REF-0069.csv,1,1,3,542,0,Seeded modeled result; no desktop or web application executed.
true,false,fixture-0069,sim-reference-workflow,1.0.0,3,document_0069.csv,2026-09-15_Northstar-Studio_invoice_REF-0069.csv,2026-09-15_Northstar-Studio_invoice_REF-0069.csv,1,1,3,461,0,Seeded modeled result; no desktop or web application executed.
true,false,fixture-0069,sim-cloud-baseline,1.0.0,1,document_0069.csv,2026-09-15_Northstar-Studio_invoice_REF-0069.csv,2026-09-15_Northstar-Studio_invoice_REF-0069.csv,1,1,3,754,0,Seeded modeled result; no desktop or web application executed.
true,false,fixture-0069,sim-cloud-baseline,1.0.0,2,document_0069.csv,2026-09-15_Northstar-Studio_invoice_REF-0069.csv,2026-09-15_Northstar-Studio_invoice_REF-0069.csv,1,1,3,761,0,Seeded modeled result; no desktop or web application executed.
true,false,fixture-0069,sim-cloud-baseline,1.0.0,3,document_0069.csv,2026-09-15_Northstar-Studio_invoice_REF-0069.csv,2026-09-15_Northstar-Studio_invoice_REF-0069.csv,1,1,3,659,0,Seeded modeled result; no desktop or web application executed.
true,false,fixture-0069,sim-local-baseline,1.0.0,1,document_0069.csv,2026-09-15_Northstar-Studio_invoice_REF-0069.csv,2026-09-15_invoice_REF-0069.csv,1,0,3,951,0,Seeded modeled result; no desktop or web application executed.
true,false,fixture-0069,sim-local-baseline,1.0.0,2,document_0069.csv,2026-09-15_Northstar-Studio_invoice_REF-0069.csv,2026-09-15_Northstar-Studio_invoice_REF-0069.csv,1,1,3,939,0,Seeded modeled result; no desktop or web application executed.
true,false,fixture-0069,sim-local-baseline,1.0.0,3,document_0069.csv,2026-09-15_Northstar-Studio_invoice_REF-0069.csv,2026-09-15_Northstar-Studio_invoice_REF-0069.csv,1,1,3,1068,0,Seeded modeled result; no desktop or web application executed.
true,false,fixture-0069,sim-rule-baseline,1.0.0,1,document_0069.csv,2026-09-15_Northstar-Studio_invoice_REF-0069.csv,2026-09-15_invoice_REF-0069.csv,1,0,2,107,0,Seeded modeled result; no desktop or web application executed.
true,false,fixture-0069,sim-rule-baseline,1.0.0,2,document_0069.csv,2026-09-15_Northstar-Studio_invoice_REF-0069.csv,2026-09-15_invoice_REF-0069.csv,1,0,0,82,0,Seeded modeled result; no desktop or web application executed.
true,false,fixture-0069,sim-rule-baseline,1.0.0,3,document_0069.csv,2026-09-15_Northstar-Studio_invoice_REF-0069.csv,2026-09-15_Northstar-Studio_invoice_REF-0069.csv,1,1,3,99,0,Seeded modeled result; no desktop or web application executed.
true,false,fixture-0070,sim-reference-workflow,1.0.0,1,document_0070.json,2026-10-16_Pinecone-Works_meeting-notes_REF-0070.json,2026-10-16_Pinecone-Works_meeting-notes_REF-0070.json,1,1,3,625,0,Seeded modeled result; no desktop or web application executed.
true,false,fixture-0070,sim-reference-workflow,1.0.0,2,document_0070.json,2026-10-16_Pinecone-Works_meeting-notes_REF-0070.json,2026-10-16_Pinecone-Works_meeting-notes_REF-0070.json,1,1,3,407,0,Seeded modeled result; no desktop or web application executed.
true,false,fixture-0070,sim-reference-workflow,1.0.0,3,document_0070.json,2026-10-16_Pinecone-Works_meeting-notes_REF-0070.json,2026-10-16_Pinecone-Works_meeting-notes_REF-0070.json,1,1,3,565,0,Seeded modeled result; no desktop or web application executed.
true,false,fixture-0070,sim-cloud-baseline,1.0.0,1,document_0070.json,2026-10-16_Pinecone-Works_meeting-notes_REF-0070.json,2026-10-16_Pinecone-Works_meeting-notes_REF-0070.json,1,1,3,772,0,Seeded modeled result; no desktop or web application executed.
true,false,fixture-0070,sim-cloud-baseline,1.0.0,2,document_0070.json,2026-10-16_Pinecone-Works_meeting-notes_REF-0070.json,2026-10-16_Pinecone-Works_meeting-notes_REF-0070.json,1,1,3,826,0,Seeded modeled result; no desktop or web application executed.
true,false,fixture-0070,sim-cloud-baseline,1.0.0,3,document_0070.json,2026-10-16_Pinecone-Works_meeting-notes_REF-0070.json,2026-10-16_Pinecone-Works_meeting-notes_REF-0070.json,1,1,3,649,0,Seeded modeled result; no desktop or web application executed.
true,false,fixture-0070,sim-local-baseline,1.0.0,1,document_0070.json,2026-10-16_Pinecone-Works_meeting-notes_REF-0070.json,2026-10-16_meeting-notes_REF-0070.json,1,0,3,1064,0,Seeded modeled result; no desktop or web application executed.
true,false,fixture-0070,sim-local-baseline,1.0.0,2,document_0070.json,2026-10-16_Pinecone-Works_meeting-notes_REF-0070.json,2026-10-16_meeting-notes_REF-0070.json,1,0,2,793,0,Seeded modeled result; no desktop or web application executed.
true,false,fixture-0070,sim-local-baseline,1.0.0,3,document_0070.json,2026-10-16_Pinecone-Works_meeting-notes_REF-0070.json,2026-10-16_meeting-notes_REF-0070.json,1,0,2,749,0,Seeded modeled result; no desktop or web application executed.
true,false,fixture-0070,sim-rule-baseline,1.0.0,1,document_0070.json,2026-10-16_Pinecone-Works_meeting-notes_REF-0070.json,2026-10-16_meeting-notes_REF-0070.json,1,0,1,98,0,Seeded modeled result; no desktop or web application executed.
true,false,fixture-0070,sim-rule-baseline,1.0.0,2,document_0070.json,2026-10-16_Pinecone-Works_meeting-notes_REF-0070.json,2026-10-16_meeting-notes_REF-0070.json,1,0,1,109,0,Seeded modeled result; no desktop or web application executed.
true,false,fixture-0070,sim-rule-baseline,1.0.0,3,document_0070.json,2026-10-16_Pinecone-Works_meeting-notes_REF-0070.json,2026-10-16_meeting-notes_REF-0070.json,1,0,2,98,0,Seeded modeled result; no desktop or web application executed.
true,false,fixture-0071,sim-reference-workflow,1.0.0,1,document_0071.xml,2026-11-17_Acme-Labs_invoice_REF-0071.xml,2026-11-17_Acme-Labs_invoice_REF-0071.xml,1,1,3,626,0,Seeded modeled result; no desktop or web application executed.
true,false,fixture-0071,sim-reference-workflow,1.0.0,2,document_0071.xml,2026-11-17_Acme-Labs_invoice_REF-0071.xml,2026-11-17_Acme-Labs_invoice_REF-0071.xml,1,1,3,616,0,Seeded modeled result; no desktop or web application executed.
true,false,fixture-0071,sim-reference-workflow,1.0.0,3,document_0071.xml,2026-11-17_Acme-Labs_invoice_REF-0071.xml,2026-11-17_Acme-Labs_invoice_REF-0071.xml,1,1,3,616,0,Seeded modeled result; no desktop or web application executed.
true,false,fixture-0071,sim-cloud-baseline,1.0.0,1,document_0071.xml,2026-11-17_Acme-Labs_invoice_REF-0071.xml,2026-11-17_invoice_REF-0071.xml,1,0,3,825,0,Seeded modeled result; no desktop or web application executed.
true,false,fixture-0071,sim-cloud-baseline,1.0.0,2,document_0071.xml,2026-11-17_Acme-Labs_invoice_REF-0071.xml,2026-11-17_Acme-Labs_invoice_REF-0071.xml,1,1,3,793,0,Seeded modeled result; no desktop or web application executed.
true,false,fixture-0071,sim-cloud-baseline,1.0.0,3,document_0071.xml,2026-11-17_Acme-Labs_invoice_REF-0071.xml,2026-11-17_invoice_REF-0071.xml,1,0,2,725,0,Seeded modeled result; no desktop or web application executed.
true,false,fixture-0071,sim-local-baseline,1.0.0,1,document_0071.xml,2026-11-17_Acme-Labs_invoice_REF-0071.xml,2026-11-17_Acme-Labs_invoice_REF-0071.xml,1,1,3,1063,0,Seeded modeled result; no desktop or web application executed.
true,false,fixture-0071,sim-local-baseline,1.0.0,2,document_0071.xml,2026-11-17_Acme-Labs_invoice_REF-0071.xml,2026-11-17_invoice_REF-0071.xml,1,0,3,929,0,Seeded modeled result; no desktop or web application executed.
true,false,fixture-0071,sim-local-baseline,1.0.0,3,document_0071.xml,2026-11-17_Acme-Labs_invoice_REF-0071.xml,2026-11-17_Acme-Labs_invoice_REF-0071.xml,1,1,3,949,0,Seeded modeled result; no desktop or web application executed.
true,false,fixture-0071,sim-rule-baseline,1.0.0,1,document_0071.xml,2026-11-17_Acme-Labs_invoice_REF-0071.xml,2026-11-17_invoice_REF-0071.xml,1,0,1,95,0,Seeded modeled result; no desktop or web application executed.
true,false,fixture-0071,sim-rule-baseline,1.0.0,2,document_0071.xml,2026-11-17_Acme-Labs_invoice_REF-0071.xml,2026-11-17_invoice_REF-0071.xml,1,0,2,94,0,Seeded modeled result; no desktop or web application executed.
true,false,fixture-0071,sim-rule-baseline,1.0.0,3,document_0071.xml,2026-11-17_Acme-Labs_invoice_REF-0071.xml,2026-11-17_invoice_REF-0071.xml,1,0,1,96,0,Seeded modeled result; no desktop or web application executed.
true,false,fixture-0072,sim-reference-workflow,1.0.0,1,document_0072.yaml,2026-12-18_Riverstone-Co_meeting-notes_REF-0072.yaml,2026-12-18_Riverstone-Co_meeting-notes_REF-0072.yaml,1,1,3,626,0,Seeded modeled result; no desktop or web application executed.
true,false,fixture-0072,sim-reference-workflow,1.0.0,2,document_0072.yaml,2026-12-18_Riverstone-Co_meeting-notes_REF-0072.yaml,2026-12-18_Riverstone-Co_meeting-notes_REF-0072.yaml,1,1,3,421,0,Seeded modeled result; no desktop or web application executed.
true,false,fixture-0072,sim-reference-workflow,1.0.0,3,document_0072.yaml,2026-12-18_Riverstone-Co_meeting-notes_REF-0072.yaml,2026-12-18_Riverstone-Co_meeting-notes_REF-0072.yaml,1,1,3,440,0,Seeded modeled result; no desktop or web application executed.
true,false,fixture-0072,sim-cloud-baseline,1.0.0,1,document_0072.yaml,2026-12-18_Riverstone-Co_meeting-notes_REF-0072.yaml,2026-12-18_Riverstone-Co_meeting-notes_REF-0072.yaml,1,1,3,740,0,Seeded modeled result; no desktop or web application executed.
true,false,fixture-0072,sim-cloud-baseline,1.0.0,2,document_0072.yaml,2026-12-18_Riverstone-Co_meeting-notes_REF-0072.yaml,2026-12-18_meeting-notes_REF-0072.yaml,1,0,3,875,0,Seeded modeled result; no desktop or web application executed.
true,false,fixture-0072,sim-cloud-baseline,1.0.0,3,document_0072.yaml,2026-12-18_Riverstone-Co_meeting-notes_REF-0072.yaml,2026-12-18_meeting-notes_REF-0072.yaml,1,0,3,822,0,Seeded modeled result; no desktop or web application executed.
true,false,fixture-0072,sim-local-baseline,1.0.0,1,document_0072.yaml,2026-12-18_Riverstone-Co_meeting-notes_REF-0072.yaml,2026-12-18_Riverstone-Co_meeting-notes_REF-0072.yaml,1,1,3,1026,0,Seeded modeled result; no desktop or web application executed.
true,false,fixture-0072,sim-local-baseline,1.0.0,2,document_0072.yaml,2026-12-18_Riverstone-Co_meeting-notes_REF-0072.yaml,2026-12-18_meeting-notes_REF-0072.yaml,1,0,1,861,0,Seeded modeled result; no desktop or web application executed.
true,false,fixture-0072,sim-local-baseline,1.0.0,3,document_0072.yaml,2026-12-18_Riverstone-Co_meeting-notes_REF-0072.yaml,2026-12-18_meeting-notes_REF-0072.yaml,1,0,3,1190,0,Seeded modeled result; no desktop or web application executed.
true,false,fixture-0072,sim-rule-baseline,1.0.0,1,document_0072.yaml,2026-12-18_Riverstone-Co_meeting-notes_REF-0072.yaml,2026-12-18_meeting-notes_REF-0072.yaml,1,0,1,105,0,Seeded modeled result; no desktop or web application executed.
true,false,fixture-0072,sim-rule-baseline,1.0.0,2,document_0072.yaml,2026-12-18_Riverstone-Co_meeting-notes_REF-0072.yaml,2026-12-18_meeting-notes_REF-0072.yaml,1,0,1,82,0,Seeded modeled result; no desktop or web application executed.
true,false,fixture-0072,sim-rule-baseline,1.0.0,3,document_0072.yaml,2026-12-18_Riverstone-Co_meeting-notes_REF-0072.yaml,2026-12-18_meeting-notes_REF-0072.yaml,1,0,2,80,0,Seeded modeled result; no desktop or web application executed.
true,false,fixture-0073,sim-reference-workflow,1.0.0,1,document_0073.html,2026-01-19_Bluebird-Health_invoice_REF-0073.html,2026-01-19_Bluebird-Health_invoice_REF-0073.html,1,1,3,510,0,Seeded modeled result; no desktop or web application executed.
true,false,fixture-0073,sim-reference-workflow,1.0.0,2,document_0073.html,2026-01-19_Bluebird-Health_invoice_REF-0073.html,2026-01-19_Bluebird-Health_invoice_REF-0073.html,1,1,3,590,0,Seeded modeled result; no desktop or web application executed.
true,false,fixture-0073,sim-reference-workflow,1.0.0,3,document_0073.html,2026-01-19_Bluebird-Health_invoice_REF-0073.html,2026-01-19_Bluebird-Health_invoice_REF-0073.html,1,1,3,416,0,Seeded modeled result; no desktop or web application executed.
true,false,fixture-0073,sim-cloud-baseline,1.0.0,1,document_0073.html,2026-01-19_Bluebird-Health_invoice_REF-0073.html,2026-01-19_Bluebird-Health_invoice_REF-0073.html,1,1,3,610,0,Seeded modeled result; no desktop or web application executed.
true,false,fixture-0073,sim-cloud-baseline,1.0.0,2,document_0073.html,2026-01-19_Bluebird-Health_invoice_REF-0073.html,2026-01-19_Bluebird-Health_invoice_REF-0073.html,1,1,3,780,0,Seeded modeled result; no desktop or web application executed.
true,false,fixture-0073,sim-cloud-baseline,1.0.0,3,document_0073.html,2026-01-19_Bluebird-Health_invoice_REF-0073.html,2026-01-19_Bluebird-Health_invoice_REF-0073.html,1,1,3,899,0,Seeded modeled result; no desktop or web application executed.
true,false,fixture-0073,sim-local-baseline,1.0.0,1,document_0073.html,2026-01-19_Bluebird-Health_invoice_REF-0073.html,2026-01-19_Bluebird-Health_invoice_REF-0073.html,1,1,3,897,0,Seeded modeled result; no desktop or web application executed.
true,false,fixture-0073,sim-local-baseline,1.0.0,2,document_0073.html,2026-01-19_Bluebird-Health_invoice_REF-0073.html,2026-01-19_Bluebird-Health_invoice_REF-0073.html,1,1,3,938,0,Seeded modeled result; no desktop or web application executed.
true,false,fixture-0073,sim-local-baseline,1.0.0,3,document_0073.html,2026-01-19_Bluebird-Health_invoice_REF-0073.html,2026-01-19_invoice_REF-0073.html,1,0,3,918,0,Seeded modeled result; no desktop or web application executed.
true,false,fixture-0073,sim-rule-baseline,1.0.0,1,document_0073.html,2026-01-19_Bluebird-Health_invoice_REF-0073.html,2026-01-19_invoice_REF-0073.html,1,0,2,73,0,Seeded modeled result; no desktop or web application executed.
true,false,fixture-0073,sim-rule-baseline,1.0.0,2,document_0073.html,2026-01-19_Bluebird-Health_invoice_REF-0073.html,2026-01-19_invoice_REF-0073.html,1,0,2,80,0,Seeded modeled result; no desktop or web application executed.
true,false,fixture-0073,sim-rule-baseline,1.0.0,3,document_0073.html,2026-01-19_Bluebird-Health_invoice_REF-0073.html,2026-01-19_invoice_REF-0073.html,1,0,1,91,0,Seeded modeled result; no desktop or web application executed.
true,false,fixture-0074,sim-reference-workflow,1.0.0,1,document_0074.eml,2026-02-20_Northstar-Studio_meeting-notes_REF-0074.eml,2026-02-20_Northstar-Studio_meeting-notes_REF-0074.eml,1,1,3,518,0,Seeded modeled result; no desktop or web application executed.
true,false,fixture-0074,sim-reference-workflow,1.0.0,2,document_0074.eml,2026-02-20_Northstar-Studio_meeting-notes_REF-0074.eml,2026-02-20_meeting-notes_REF-0074.eml,1,0,3,394,0,Seeded modeled result; no desktop or web application executed.
true,false,fixture-0074,sim-reference-workflow,1.0.0,3,document_0074.eml,2026-02-20_Northstar-Studio_meeting-notes_REF-0074.eml,2026-02-20_Northstar-Studio_meeting-notes_REF-0074.eml,1,1,3,533,0,Seeded modeled result; no desktop or web application executed.
true,false,fixture-0074,sim-cloud-baseline,1.0.0,1,document_0074.eml,2026-02-20_Northstar-Studio_meeting-notes_REF-0074.eml,2026-02-20_meeting-notes_REF-0074.eml,1,0,3,577,0,Seeded modeled result; no desktop or web application executed.
true,false,fixture-0074,sim-cloud-baseline,1.0.0,2,document_0074.eml,2026-02-20_Northstar-Studio_meeting-notes_REF-0074.eml,2026-02-20_Northstar-Studio_meeting-notes_REF-0074.eml,1,1,3,559,0,Seeded modeled result; no desktop or web application executed.
true,false,fixture-0074,sim-cloud-baseline,1.0.0,3,document_0074.eml,2026-02-20_Northstar-Studio_meeting-notes_REF-0074.eml,2026-02-20_Northstar-Studio_meeting-notes_REF-0074.eml,1,1,3,593,0,Seeded modeled result; no desktop or web application executed.
true,false,fixture-0074,sim-local-baseline,1.0.0,1,document_0074.eml,2026-02-20_Northstar-Studio_meeting-notes_REF-0074.eml,2026-02-20_meeting-notes_REF-0074.eml,1,0,3,853,0,Seeded modeled result; no desktop or web application executed.
true,false,fixture-0074,sim-local-baseline,1.0.0,2,document_0074.eml,2026-02-20_Northstar-Studio_meeting-notes_REF-0074.eml,2026-02-20_Northstar-Studio_meeting-notes_REF-0074.eml,1,1,3,1015,0,Seeded modeled result; no desktop or web application executed.
true,false,fixture-0074,sim-local-baseline,1.0.0,3,document_0074.eml,2026-02-20_Northstar-Studio_meeting-notes_REF-0074.eml,2026-02-20_Northstar-Studio_meeting-notes_REF-0074.eml,1,1,3,1147,0,Seeded modeled result; no desktop or web application executed.
true,false,fixture-0074,sim-rule-baseline,1.0.0,1,document_0074.eml,2026-02-20_Northstar-Studio_meeting-notes_REF-0074.eml,2026-02-20_meeting-notes_REF-0074.eml,1,0,2,93,0,Seeded modeled result; no desktop or web application executed.
true,false,fixture-0074,sim-rule-baseline,1.0.0,2,document_0074.eml,2026-02-20_Northstar-Studio_meeting-notes_REF-0074.eml,2026-02-20_meeting-notes_REF-0074.eml,1,0,1,83,0,Seeded modeled result; no desktop or web application executed.
true,false,fixture-0074,sim-rule-baseline,1.0.0,3,document_0074.eml,2026-02-20_Northstar-Studio_meeting-notes_REF-0074.eml,2026-02-20_meeting-notes_REF-0074.eml,1,0,1,71,0,Seeded modeled result; no desktop or web application executed.
true,false,fixture-0075,sim-reference-workflow,1.0.0,1,document_0075.srt,2026-03-21_Pinecone-Works_invoice_REF-0075.srt,2026-03-21_Pinecone-Works_invoice_REF-0075.srt,1,1,3,647,0,Seeded modeled result; no desktop or web application executed.
true,false,fixture-0075,sim-reference-workflow,1.0.0,2,document_0075.srt,2026-03-21_Pinecone-Works_invoice_REF-0075.srt,2026-03-21_Pinecone-Works_invoice_REF-0075.srt,1,1,3,603,0,Seeded modeled result; no desktop or web application executed.
true,false,fixture-0075,sim-reference-workflow,1.0.0,3,document_0075.srt,2026-03-21_Pinecone-Works_invoice_REF-0075.srt,2026-03-21_Pinecone-Works_invoice_REF-0075.srt,1,1,3,493,0,Seeded modeled result; no desktop or web application executed.
true,false,fixture-0075,sim-cloud-baseline,1.0.0,1,document_0075.srt,2026-03-21_Pinecone-Works_invoice_REF-0075.srt,2026-03-21_Pinecone-Works_invoice_REF-0075.srt,1,1,3,885,0,Seeded modeled result; no desktop or web application executed.
true,false,fixture-0075,sim-cloud-baseline,1.0.0,2,document_0075.srt,2026-03-21_Pinecone-Works_invoice_REF-0075.srt,2026-03-21_invoice_REF-0075.srt,1,0,0,920,0,Seeded modeled result; no desktop or web application executed.
true,false,fixture-0075,sim-cloud-baseline,1.0.0,3,document_0075.srt,2026-03-21_Pinecone-Works_invoice_REF-0075.srt,2026-03-21_Pinecone-Works_invoice_REF-0075.srt,1,1,3,736,0,Seeded modeled result; no desktop or web application executed.
true,false,fixture-0075,sim-local-baseline,1.0.0,1,document_0075.srt,2026-03-21_Pinecone-Works_invoice_REF-0075.srt,2026-03-21_Pinecone-Works_invoice_REF-0075.srt,1,1,3,789,0,Seeded modeled result; no desktop or web application executed.
true,false,fixture-0075,sim-local-baseline,1.0.0,2,document_0075.srt,2026-03-21_Pinecone-Works_invoice_REF-0075.srt,2026-03-21_invoice_REF-0075.srt,1,0,0,1049,0,Seeded modeled result; no desktop or web application executed.
true,false,fixture-0075,sim-local-baseline,1.0.0,3,document_0075.srt,2026-03-21_Pinecone-Works_invoice_REF-0075.srt,2026-03-21_Pinecone-Works_invoice_REF-0075.srt,1,1,3,739,0,Seeded modeled result; no desktop or web application executed.
true,false,fixture-0075,sim-rule-baseline,1.0.0,1,document_0075.srt,2026-03-21_Pinecone-Works_invoice_REF-0075.srt,2026-03-21_invoice_REF-0075.srt,1,0,2,91,0,Seeded modeled result; no desktop or web application executed.
true,false,fixture-0075,sim-rule-baseline,1.0.0,2,document_0075.srt,2026-03-21_Pinecone-Works_invoice_REF-0075.srt,2026-03-21_Pinecone-Works_invoice_REF-0075.srt,1,1,3,99,0,Seeded modeled result; no desktop or web application executed.
true,false,fixture-0075,sim-rule-baseline,1.0.0,3,document_0075.srt,2026-03-21_Pinecone-Works_invoice_REF-0075.srt,2026-03-21_invoice_REF-0075.srt,1,0,1,104,0,Seeded modeled result; no desktop or web application executed.
true,false,fixture-0076,sim-reference-workflow,1.0.0,1,document_0076.vtt,2026-04-22_Acme-Labs_meeting-notes_REF-0076.vtt,2026-04-22_Acme-Labs_meeting-notes_REF-0076.vtt,1,1,3,428,0,Seeded modeled result; no desktop or web application executed.
true,false,fixture-0076,sim-reference-workflow,1.0.0,2,document_0076.vtt,2026-04-22_Acme-Labs_meeting-notes_REF-0076.vtt,2026-04-22_Acme-Labs_meeting-notes_REF-0076.vtt,1,1,3,539,0,Seeded modeled result; no desktop or web application executed.
true,false,fixture-0076,sim-reference-workflow,1.0.0,3,document_0076.vtt,2026-04-22_Acme-Labs_meeting-notes_REF-0076.vtt,2026-04-22_Acme-Labs_meeting-notes_REF-0076.vtt,1,1,3,560,0,Seeded modeled result; no desktop or web application executed.
true,false,fixture-0076,sim-cloud-baseline,1.0.0,1,document_0076.vtt,2026-04-22_Acme-Labs_meeting-notes_REF-0076.vtt,2026-04-22_meeting-notes_REF-0076.vtt,1,0,2,895,0,Seeded modeled result; no desktop or web application executed.
true,false,fixture-0076,sim-cloud-baseline,1.0.0,2,document_0076.vtt,2026-04-22_Acme-Labs_meeting-notes_REF-0076.vtt,2026-04-22_Acme-Labs_meeting-notes_REF-0076.vtt,1,1,3,668,0,Seeded modeled result; no desktop or web application executed.
true,false,fixture-0076,sim-cloud-baseline,1.0.0,3,document_0076.vtt,2026-04-22_Acme-Labs_meeting-notes_REF-0076.vtt,2026-04-22_Acme-Labs_meeting-notes_REF-0076.vtt,1,1,3,848,0,Seeded modeled result; no desktop or web application executed.
true,false,fixture-0076,sim-local-baseline,1.0.0,1,document_0076.vtt,2026-04-22_Acme-Labs_meeting-notes_REF-0076.vtt,2026-04-22_meeting-notes_REF-0076.vtt,1,0,3,914,0,Seeded modeled result; no desktop or web application executed.
true,false,fixture-0076,sim-local-baseline,1.0.0,2,document_0076.vtt,2026-04-22_Acme-Labs_meeting-notes_REF-0076.vtt,2026-04-22_Acme-Labs_meeting-notes_REF-0076.vtt,1,1,3,901,0,Seeded modeled result; no desktop or web application executed.
true,false,fixture-0076,sim-local-baseline,1.0.0,3,document_0076.vtt,2026-04-22_Acme-Labs_meeting-notes_REF-0076.vtt,2026-04-22_Acme-Labs_meeting-notes_REF-0076.vtt,1,1,3,949,0,Seeded modeled result; no desktop or web application executed.
true,false,fixture-0076,sim-rule-baseline,1.0.0,1,document_0076.vtt,2026-04-22_Acme-Labs_meeting-notes_REF-0076.vtt,2026-04-22_meeting-notes_REF-0076.vtt,1,0,1,75,0,Seeded modeled result; no desktop or web application executed.
true,false,fixture-0076,sim-rule-baseline,1.0.0,2,document_0076.vtt,2026-04-22_Acme-Labs_meeting-notes_REF-0076.vtt,2026-04-22_Acme-Labs_meeting-notes_REF-0076.vtt,1,1,3,82,0,Seeded modeled result; no desktop or web application executed.
true,false,fixture-0076,sim-rule-baseline,1.0.0,3,document_0076.vtt,2026-04-22_Acme-Labs_meeting-notes_REF-0076.vtt,2026-04-22_meeting-notes_REF-0076.vtt,1,0,1,92,0,Seeded modeled result; no desktop or web application executed.
true,false,fixture-0077,sim-reference-workflow,1.0.0,1,document_0077.svg,2026-05-23_Riverstone-Co_invoice_REF-0077.svg,2026-05-23_Riverstone-Co_invoice_REF-0077.svg,1,1,3,540,0,Seeded modeled result; no desktop or web application executed.
true,false,fixture-0077,sim-reference-workflow,1.0.0,2,document_0077.svg,2026-05-23_Riverstone-Co_invoice_REF-0077.svg,2026-05-23_Riverstone-Co_invoice_REF-0077.svg,1,1,3,598,0,Seeded modeled result; no desktop or web application executed.
true,false,fixture-0077,sim-reference-workflow,1.0.0,3,document_0077.svg,2026-05-23_Riverstone-Co_invoice_REF-0077.svg,2026-05-23_Riverstone-Co_invoice_REF-0077.svg,1,1,3,638,0,Seeded modeled result; no desktop or web application executed.
true,false,fixture-0077,sim-cloud-baseline,1.0.0,1,document_0077.svg,2026-05-23_Riverstone-Co_invoice_REF-0077.svg,2026-05-23_Riverstone-Co_invoice_REF-0077.svg,1,1,3,739,0,Seeded modeled result; no desktop or web application executed.
true,false,fixture-0077,sim-cloud-baseline,1.0.0,2,document_0077.svg,2026-05-23_Riverstone-Co_invoice_REF-0077.svg,2026-05-23_Riverstone-Co_invoice_REF-0077.svg,1,1,3,753,0,Seeded modeled result; no desktop or web application executed.
true,false,fixture-0077,sim-cloud-baseline,1.0.0,3,document_0077.svg,2026-05-23_Riverstone-Co_invoice_REF-0077.svg,2026-05-23_invoice_REF-0077.svg,1,0,2,770,0,Seeded modeled result; no desktop or web application executed.
true,false,fixture-0077,sim-local-baseline,1.0.0,1,document_0077.svg,2026-05-23_Riverstone-Co_invoice_REF-0077.svg,2026-05-23_Riverstone-Co_invoice_REF-0077.svg,1,1,3,1217,0,Seeded modeled result; no desktop or web application executed.
true,false,fixture-0077,sim-local-baseline,1.0.0,2,document_0077.svg,2026-05-23_Riverstone-Co_invoice_REF-0077.svg,2026-05-23_invoice_REF-0077.svg,1,0,2,1029,0,Seeded modeled result; no desktop or web application executed.
true,false,fixture-0077,sim-local-baseline,1.0.0,3,document_0077.svg,2026-05-23_Riverstone-Co_invoice_REF-0077.svg,2026-05-23_invoice_REF-0077.svg,1,0,2,1002,0,Seeded modeled result; no desktop or web application executed.
true,false,fixture-0077,sim-rule-baseline,1.0.0,1,document_0077.svg,2026-05-23_Riverstone-Co_invoice_REF-0077.svg,2026-05-23_invoice_REF-0077.svg,1,0,2,70,0,Seeded modeled result; no desktop or web application executed.
true,false,fixture-0077,sim-rule-baseline,1.0.0,2,document_0077.svg,2026-05-23_Riverstone-Co_invoice_REF-0077.svg,2026-05-23_invoice_REF-0077.svg,1,0,3,105,0,Seeded modeled result; no desktop or web application executed.
true,false,fixture-0077,sim-rule-baseline,1.0.0,3,document_0077.svg,2026-05-23_Riverstone-Co_invoice_REF-0077.svg,2026-05-23_invoice_REF-0077.svg,1,0,0,72,0,Seeded modeled result; no desktop or web application executed.
true,false,fixture-0078,sim-reference-workflow,1.0.0,1,document_0078.txt,2026-06-24_Bluebird-Health_meeting-notes_REF-0078.txt,2026-06-24_Bluebird-Health_meeting-notes_REF-0078.txt,1,1,3,457,0,Seeded modeled result; no desktop or web application executed.
true,false,fixture-0078,sim-reference-workflow,1.0.0,2,document_0078.txt,2026-06-24_Bluebird-Health_meeting-notes_REF-0078.txt,2026-06-24_Bluebird-Health_meeting-notes_REF-0078.txt,1,1,3,563,0,Seeded modeled result; no desktop or web application executed.
true,false,fixture-0078,sim-reference-workflow,1.0.0,3,document_0078.txt,2026-06-24_Bluebird-Health_meeting-notes_REF-0078.txt,2026-06-24_Bluebird-Health_meeting-notes_REF-0078.txt,1,1,3,616,0,Seeded modeled result; no desktop or web application executed.
true,false,fixture-0078,sim-cloud-baseline,1.0.0,1,document_0078.txt,2026-06-24_Bluebird-Health_meeting-notes_REF-0078.txt,2026-06-24_Bluebird-Health_meeting-notes_REF-0078.txt,1,1,3,732,0,Seeded modeled result; no desktop or web application executed.
true,false,fixture-0078,sim-cloud-baseline,1.0.0,2,document_0078.txt,2026-06-24_Bluebird-Health_meeting-notes_REF-0078.txt,2026-06-24_meeting-notes_REF-0078.txt,1,0,3,676,0,Seeded modeled result; no desktop or web application executed.
true,false,fixture-0078,sim-cloud-baseline,1.0.0,3,document_0078.txt,2026-06-24_Bluebird-Health_meeting-notes_REF-0078.txt,2026-06-24_Bluebird-Health_meeting-notes_REF-0078.txt,1,1,3,729,0,Seeded modeled result; no desktop or web application executed.
true,false,fixture-0078,sim-local-baseline,1.0.0,1,document_0078.txt,2026-06-24_Bluebird-Health_meeting-notes_REF-0078.txt,2026-06-24_meeting-notes_REF-0078.txt,1,0,3,1211,0,Seeded modeled result; no desktop or web application executed.
true,false,fixture-0078,sim-local-baseline,1.0.0,2,document_0078.txt,2026-06-24_Bluebird-Health_meeting-notes_REF-0078.txt,2026-06-24_meeting-notes_REF-0078.txt,1,0,2,781,0,Seeded modeled result; no desktop or web application executed.
true,false,fixture-0078,sim-local-baseline,1.0.0,3,document_0078.txt,2026-06-24_Bluebird-Health_meeting-notes_REF-0078.txt,2026-06-24_Bluebird-Health_meeting-notes_REF-0078.txt,1,1,3,1201,0,Seeded modeled result; no desktop or web application executed.
true,false,fixture-0078,sim-rule-baseline,1.0.0,1,document_0078.txt,2026-06-24_Bluebird-Health_meeting-notes_REF-0078.txt,2026-06-24_Bluebird-Health_meeting-notes_REF-0078.txt,1,1,3,110,0,Seeded modeled result; no desktop or web application executed.
true,false,fixture-0078,sim-rule-baseline,1.0.0,2,document_0078.txt,2026-06-24_Bluebird-Health_meeting-notes_REF-0078.txt,2026-06-24_meeting-notes_REF-0078.txt,1,0,0,110,0,Seeded modeled result; no desktop or web application executed.
true,false,fixture-0078,sim-rule-baseline,1.0.0,3,document_0078.txt,2026-06-24_Bluebird-Health_meeting-notes_REF-0078.txt,2026-06-24_meeting-notes_REF-0078.txt,1,0,3,108,0,Seeded modeled result; no desktop or web application executed.
true,false,fixture-0079,sim-reference-workflow,1.0.0,1,document_0079.md,2026-07-25_Northstar-Studio_invoice_REF-0079.md,2026-07-25_Northstar-Studio_invoice_REF-0079.md,1,1,3,416,0,Seeded modeled result; no desktop or web application executed.
true,false,fixture-0079,sim-reference-workflow,1.0.0,2,document_0079.md,2026-07-25_Northstar-Studio_invoice_REF-0079.md,2026-07-25_Northstar-Studio_invoice_REF-0079.md,1,1,3,612,0,Seeded modeled result; no desktop or web application executed.
true,false,fixture-0079,sim-reference-workflow,1.0.0,3,document_0079.md,2026-07-25_Northstar-Studio_invoice_REF-0079.md,2026-07-25_Northstar-Studio_invoice_REF-0079.md,1,1,3,496,0,Seeded modeled result; no desktop or web application executed.
true,false,fixture-0079,sim-cloud-baseline,1.0.0,1,document_0079.md,2026-07-25_Northstar-Studio_invoice_REF-0079.md,2026-07-25_Northstar-Studio_invoice_REF-0079.md,1,1,3,870,0,Seeded modeled result; no desktop or web application executed.
true,false,fixture-0079,sim-cloud-baseline,1.0.0,2,document_0079.md,2026-07-25_Northstar-Studio_invoice_REF-0079.md,2026-07-25_Northstar-Studio_invoice_REF-0079.md,1,1,3,834,0,Seeded modeled result; no desktop or web application executed.
true,false,fixture-0079,sim-cloud-baseline,1.0.0,3,document_0079.md,2026-07-25_Northstar-Studio_invoice_REF-0079.md,2026-07-25_Northstar-Studio_invoice_REF-0079.md,1,1,3,862,0,Seeded modeled result; no desktop or web application executed.
true,false,fixture-0079,sim-local-baseline,1.0.0,1,document_0079.md,2026-07-25_Northstar-Studio_invoice_REF-0079.md,2026-07-25_invoice_REF-0079.md,1,0,2,1002,0,Seeded modeled result; no desktop or web application executed.
true,false,fixture-0079,sim-local-baseline,1.0.0,2,document_0079.md,2026-07-25_Northstar-Studio_invoice_REF-0079.md,2026-07-25_Northstar-Studio_invoice_REF-0079.md,1,1,3,788,0,Seeded modeled result; no desktop or web application executed.
true,false,fixture-0079,sim-local-baseline,1.0.0,3,document_0079.md,2026-07-25_Northstar-Studio_invoice_REF-0079.md,2026-07-25_Northstar-Studio_invoice_REF-0079.md,1,1,3,971,0,Seeded modeled result; no desktop or web application executed.
true,false,fixture-0079,sim-rule-baseline,1.0.0,1,document_0079.md,2026-07-25_Northstar-Studio_invoice_REF-0079.md,2026-07-25_invoice_REF-0079.md,1,0,0,80,0,Seeded modeled result; no desktop or web application executed.
true,false,fixture-0079,sim-rule-baseline,1.0.0,2,document_0079.md,2026-07-25_Northstar-Studio_invoice_REF-0079.md,2026-07-25_invoice_REF-0079.md,1,0,2,80,0,Seeded modeled result; no desktop or web application executed.
true,false,fixture-0079,sim-rule-baseline,1.0.0,3,document_0079.md,2026-07-25_Northstar-Studio_invoice_REF-0079.md,2026-07-25_invoice_REF-0079.md,1,0,1,80,0,Seeded modeled result; no desktop or web application executed.
true,false,fixture-0080,sim-reference-workflow,1.0.0,1,document_0080.csv,2026-08-26_Pinecone-Works_meeting-notes_REF-0080.csv,2026-08-26_Pinecone-Works_meeting-notes_REF-0080.csv,1,1,3,419,0,Seeded modeled result; no desktop or web application executed.
true,false,fixture-0080,sim-reference-workflow,1.0.0,2,document_0080.csv,2026-08-26_Pinecone-Works_meeting-notes_REF-0080.csv,2026-08-26_Pinecone-Works_meeting-notes_REF-0080.csv,1,1,3,580,0,Seeded modeled result; no desktop or web application executed.
true,false,fixture-0080,sim-reference-workflow,1.0.0,3,document_0080.csv,2026-08-26_Pinecone-Works_meeting-notes_REF-0080.csv,2026-08-26_Pinecone-Works_meeting-notes_REF-0080.csv,1,1,3,408,0,Seeded modeled result; no desktop or web application executed.
true,false,fixture-0080,sim-cloud-baseline,1.0.0,1,document_0080.csv,2026-08-26_Pinecone-Works_meeting-notes_REF-0080.csv,2026-08-26_Pinecone-Works_meeting-notes_REF-0080.csv,1,1,3,675,0,Seeded modeled result; no desktop or web application executed.
true,false,fixture-0080,sim-cloud-baseline,1.0.0,2,document_0080.csv,2026-08-26_Pinecone-Works_meeting-notes_REF-0080.csv,2026-08-26_Pinecone-Works_meeting-notes_REF-0080.csv,1,1,3,848,0,Seeded modeled result; no desktop or web application executed.
true,false,fixture-0080,sim-cloud-baseline,1.0.0,3,document_0080.csv,2026-08-26_Pinecone-Works_meeting-notes_REF-0080.csv,2026-08-26_Pinecone-Works_meeting-notes_REF-0080.csv,1,1,3,897,0,Seeded modeled result; no desktop or web application executed.
true,false,fixture-0080,sim-local-baseline,1.0.0,1,document_0080.csv,2026-08-26_Pinecone-Works_meeting-notes_REF-0080.csv,2026-08-26_Pinecone-Works_meeting-notes_REF-0080.csv,1,1,3,935,0,Seeded modeled result; no desktop or web application executed.
true,false,fixture-0080,sim-local-baseline,1.0.0,2,document_0080.csv,2026-08-26_Pinecone-Works_meeting-notes_REF-0080.csv,2026-08-26_Pinecone-Works_meeting-notes_REF-0080.csv,1,1,3,918,0,Seeded modeled result; no desktop or web application executed.
true,false,fixture-0080,sim-local-baseline,1.0.0,3,document_0080.csv,2026-08-26_Pinecone-Works_meeting-notes_REF-0080.csv,2026-08-26_Pinecone-Works_meeting-notes_REF-0080.csv,1,1,3,755,0,Seeded modeled result; no desktop or web application executed.
true,false,fixture-0080,sim-rule-baseline,1.0.0,1,document_0080.csv,2026-08-26_Pinecone-Works_meeting-notes_REF-0080.csv,2026-08-26_meeting-notes_REF-0080.csv,1,0,1,88,0,Seeded modeled result; no desktop or web application executed.
true,false,fixture-0080,sim-rule-baseline,1.0.0,2,document_0080.csv,2026-08-26_Pinecone-Works_meeting-notes_REF-0080.csv,2026-08-26_meeting-notes_REF-0080.csv,1,0,0,87,0,Seeded modeled result; no desktop or web application executed.
true,false,fixture-0080,sim-rule-baseline,1.0.0,3,document_0080.csv,2026-08-26_Pinecone-Works_meeting-notes_REF-0080.csv,2026-08-26_Pinecone-Works_meeting-notes_REF-0080.csv,1,1,3,83,0,Seeded modeled result; no desktop or web application executed.
true,false,fixture-0081,sim-reference-workflow,1.0.0,1,document_0081.json,2026-09-27_Acme-Labs_invoice_REF-0081.json,2026-09-27_Acme-Labs_invoice_REF-0081.json,1,1,3,639,0,Seeded modeled result; no desktop or web application executed.
true,false,fixture-0081,sim-reference-workflow,1.0.0,2,document_0081.json,2026-09-27_Acme-Labs_invoice_REF-0081.json,2026-09-27_Acme-Labs_invoice_REF-0081.json,1,1,3,488,0,Seeded modeled result; no desktop or web application executed.
true,false,fixture-0081,sim-reference-workflow,1.0.0,3,document_0081.json,2026-09-27_Acme-Labs_invoice_REF-0081.json,2026-09-27_Acme-Labs_invoice_REF-0081.json,1,1,3,561,0,Seeded modeled result; no desktop or web application executed.
true,false,fixture-0081,sim-cloud-baseline,1.0.0,1,document_0081.json,2026-09-27_Acme-Labs_invoice_REF-0081.json,2026-09-27_invoice_REF-0081.json,1,0,3,598,0,Seeded modeled result; no desktop or web application executed.
true,false,fixture-0081,sim-cloud-baseline,1.0.0,2,document_0081.json,2026-09-27_Acme-Labs_invoice_REF-0081.json,2026-09-27_Acme-Labs_invoice_REF-0081.json,1,1,3,843,0,Seeded modeled result; no desktop or web application executed.
true,false,fixture-0081,sim-cloud-baseline,1.0.0,3,document_0081.json,2026-09-27_Acme-Labs_invoice_REF-0081.json,2026-09-27_invoice_REF-0081.json,1,0,3,623,0,Seeded modeled result; no desktop or web application executed.
true,false,fixture-0081,sim-local-baseline,1.0.0,1,document_0081.json,2026-09-27_Acme-Labs_invoice_REF-0081.json,2026-09-27_invoice_REF-0081.json,1,0,2,1116,0,Seeded modeled result; no desktop or web application executed.
true,false,fixture-0081,sim-local-baseline,1.0.0,2,document_0081.json,2026-09-27_Acme-Labs_invoice_REF-0081.json,2026-09-27_invoice_REF-0081.json,1,0,3,1194,0,Seeded modeled result; no desktop or web application executed.
true,false,fixture-0081,sim-local-baseline,1.0.0,3,document_0081.json,2026-09-27_Acme-Labs_invoice_REF-0081.json,2026-09-27_Acme-Labs_invoice_REF-0081.json,1,1,3,923,0,Seeded modeled result; no desktop or web application executed.
true,false,fixture-0081,sim-rule-baseline,1.0.0,1,document_0081.json,2026-09-27_Acme-Labs_invoice_REF-0081.json,2026-09-27_Acme-Labs_invoice_REF-0081.json,1,1,3,111,0,Seeded modeled result; no desktop or web application executed.
true,false,fixture-0081,sim-rule-baseline,1.0.0,2,document_0081.json,2026-09-27_Acme-Labs_invoice_REF-0081.json,2026-09-27_invoice_REF-0081.json,1,0,2,102,0,Seeded modeled result; no desktop or web application executed.
true,false,fixture-0081,sim-rule-baseline,1.0.0,3,document_0081.json,2026-09-27_Acme-Labs_invoice_REF-0081.json,2026-09-27_invoice_REF-0081.json,1,0,2,89,0,Seeded modeled result; no desktop or web application executed.
true,false,fixture-0082,sim-reference-workflow,1.0.0,1,document_0082.xml,2026-10-01_Riverstone-Co_meeting-notes_REF-0082.xml,2026-10-01_Riverstone-Co_meeting-notes_REF-0082.xml,1,1,3,638,0,Seeded modeled result; no desktop or web application executed.
true,false,fixture-0082,sim-reference-workflow,1.0.0,2,document_0082.xml,2026-10-01_Riverstone-Co_meeting-notes_REF-0082.xml,2026-10-01_Riverstone-Co_meeting-notes_REF-0082.xml,1,1,3,465,0,Seeded modeled result; no desktop or web application executed.
true,false,fixture-0082,sim-reference-workflow,1.0.0,3,document_0082.xml,2026-10-01_Riverstone-Co_meeting-notes_REF-0082.xml,2026-10-01_Riverstone-Co_meeting-notes_REF-0082.xml,1,1,3,622,0,Seeded modeled result; no desktop or web application executed.
true,false,fixture-0082,sim-cloud-baseline,1.0.0,1,document_0082.xml,2026-10-01_Riverstone-Co_meeting-notes_REF-0082.xml,2026-10-01_meeting-notes_REF-0082.xml,1,0,1,680,0,Seeded modeled result; no desktop or web application executed.
true,false,fixture-0082,sim-cloud-baseline,1.0.0,2,document_0082.xml,2026-10-01_Riverstone-Co_meeting-notes_REF-0082.xml,2026-10-01_meeting-notes_REF-0082.xml,1,0,3,816,0,Seeded modeled result; no desktop or web application executed.
true,false,fixture-0082,sim-cloud-baseline,1.0.0,3,document_0082.xml,2026-10-01_Riverstone-Co_meeting-notes_REF-0082.xml,2026-10-01_Riverstone-Co_meeting-notes_REF-0082.xml,1,1,3,678,0,Seeded modeled result; no desktop or web application executed.
true,false,fixture-0082,sim-local-baseline,1.0.0,1,document_0082.xml,2026-10-01_Riverstone-Co_meeting-notes_REF-0082.xml,2026-10-01_Riverstone-Co_meeting-notes_REF-0082.xml,1,1,3,1032,0,Seeded modeled result; no desktop or web application executed.
true,false,fixture-0082,sim-local-baseline,1.0.0,2,document_0082.xml,2026-10-01_Riverstone-Co_meeting-notes_REF-0082.xml,2026-10-01_Riverstone-Co_meeting-notes_REF-0082.xml,1,1,3,893,0,Seeded modeled result; no desktop or web application executed.
true,false,fixture-0082,sim-local-baseline,1.0.0,3,document_0082.xml,2026-10-01_Riverstone-Co_meeting-notes_REF-0082.xml,2026-10-01_meeting-notes_REF-0082.xml,1,0,3,1179,0,Seeded modeled result; no desktop or web application executed.
true,false,fixture-0082,sim-rule-baseline,1.0.0,1,document_0082.xml,2026-10-01_Riverstone-Co_meeting-notes_REF-0082.xml,2026-10-01_meeting-notes_REF-0082.xml,1,0,1,102,0,Seeded modeled result; no desktop or web application executed.
true,false,fixture-0082,sim-rule-baseline,1.0.0,2,document_0082.xml,2026-10-01_Riverstone-Co_meeting-notes_REF-0082.xml,2026-10-01_meeting-notes_REF-0082.xml,1,0,3,72,0,Seeded modeled result; no desktop or web application executed.
true,false,fixture-0082,sim-rule-baseline,1.0.0,3,document_0082.xml,2026-10-01_Riverstone-Co_meeting-notes_REF-0082.xml,2026-10-01_meeting-notes_REF-0082.xml,1,0,2,79,0,Seeded modeled result; no desktop or web application executed.
true,false,fixture-0083,sim-reference-workflow,1.0.0,1,document_0083.yaml,2026-11-02_Bluebird-Health_invoice_REF-0083.yaml,2026-11-02_Bluebird-Health_invoice_REF-0083.yaml,1,1,3,579,0,Seeded modeled result; no desktop or web application executed.
true,false,fixture-0083,sim-reference-workflow,1.0.0,2,document_0083.yaml,2026-11-02_Bluebird-Health_invoice_REF-0083.yaml,2026-11-02_Bluebird-Health_invoice_REF-0083.yaml,1,1,3,455,0,Seeded modeled result; no desktop or web application executed.
true,false,fixture-0083,sim-reference-workflow,1.0.0,3,document_0083.yaml,2026-11-02_Bluebird-Health_invoice_REF-0083.yaml,2026-11-02_Bluebird-Health_invoice_REF-0083.yaml,1,1,3,624,0,Seeded modeled result; no desktop or web application executed.
true,false,fixture-0083,sim-cloud-baseline,1.0.0,1,document_0083.yaml,2026-11-02_Bluebird-Health_invoice_REF-0083.yaml,2026-11-02_Bluebird-Health_invoice_REF-0083.yaml,1,1,3,603,0,Seeded modeled result; no desktop or web application executed.
true,false,fixture-0083,sim-cloud-baseline,1.0.0,2,document_0083.yaml,2026-11-02_Bluebird-Health_invoice_REF-0083.yaml,2026-11-02_invoice_REF-0083.yaml,1,0,1,672,0,Seeded modeled result; no desktop or web application executed.
true,false,fixture-0083,sim-cloud-baseline,1.0.0,3,document_0083.yaml,2026-11-02_Bluebird-Health_invoice_REF-0083.yaml,2026-11-02_invoice_REF-0083.yaml,1,0,2,756,0,Seeded modeled result; no desktop or web application executed.
true,false,fixture-0083,sim-local-baseline,1.0.0,1,document_0083.yaml,2026-11-02_Bluebird-Health_invoice_REF-0083.yaml,2026-11-02_Bluebird-Health_invoice_REF-0083.yaml,1,1,3,770,0,Seeded modeled result; no desktop or web application executed.
true,false,fixture-0083,sim-local-baseline,1.0.0,2,document_0083.yaml,2026-11-02_Bluebird-Health_invoice_REF-0083.yaml,2026-11-02_Bluebird-Health_invoice_REF-0083.yaml,1,1,3,1162,0,Seeded modeled result; no desktop or web application executed.
true,false,fixture-0083,sim-local-baseline,1.0.0,3,document_0083.yaml,2026-11-02_Bluebird-Health_invoice_REF-0083.yaml,2026-11-02_Bluebird-Health_invoice_REF-0083.yaml,1,1,3,937,0,Seeded modeled result; no desktop or web application executed.
true,false,fixture-0083,sim-rule-baseline,1.0.0,1,document_0083.yaml,2026-11-02_Bluebird-Health_invoice_REF-0083.yaml,2026-11-02_invoice_REF-0083.yaml,1,0,1,93,0,Seeded modeled result; no desktop or web application executed.
true,false,fixture-0083,sim-rule-baseline,1.0.0,2,document_0083.yaml,2026-11-02_Bluebird-Health_invoice_REF-0083.yaml,2026-11-02_invoice_REF-0083.yaml,1,0,1,95,0,Seeded modeled result; no desktop or web application executed.
true,false,fixture-0083,sim-rule-baseline,1.0.0,3,document_0083.yaml,2026-11-02_Bluebird-Health_invoice_REF-0083.yaml,2026-11-02_Bluebird-Health_invoice_REF-0083.yaml,1,1,3,75,0,Seeded modeled result; no desktop or web application executed.
true,false,fixture-0084,sim-reference-workflow,1.0.0,1,document_0084.html,2026-12-03_Northstar-Studio_meeting-notes_REF-0084.html,2026-12-03_Northstar-Studio_meeting-notes_REF-0084.html,1,1,3,482,0,Seeded modeled result; no desktop or web application executed.
true,false,fixture-0084,sim-reference-workflow,1.0.0,2,document_0084.html,2026-12-03_Northstar-Studio_meeting-notes_REF-0084.html,2026-12-03_Northstar-Studio_meeting-notes_REF-0084.html,1,1,3,591,0,Seeded modeled result; no desktop or web application executed.
true,false,fixture-0084,sim-reference-workflow,1.0.0,3,document_0084.html,2026-12-03_Northstar-Studio_meeting-notes_REF-0084.html,2026-12-03_Northstar-Studio_meeting-notes_REF-0084.html,1,1,3,404,0,Seeded modeled result; no desktop or web application executed.
true,false,fixture-0084,sim-cloud-baseline,1.0.0,1,document_0084.html,2026-12-03_Northstar-Studio_meeting-notes_REF-0084.html,2026-12-03_meeting-notes_REF-0084.html,1,0,3,684,0,Seeded modeled result; no desktop or web application executed.
true,false,fixture-0084,sim-cloud-baseline,1.0.0,2,document_0084.html,2026-12-03_Northstar-Studio_meeting-notes_REF-0084.html,2026-12-03_Northstar-Studio_meeting-notes_REF-0084.html,1,1,3,622,0,Seeded modeled result; no desktop or web application executed.
true,false,fixture-0084,sim-cloud-baseline,1.0.0,3,document_0084.html,2026-12-03_Northstar-Studio_meeting-notes_REF-0084.html,2026-12-03_Northstar-Studio_meeting-notes_REF-0084.html,1,1,3,784,0,Seeded modeled result; no desktop or web application executed.
true,false,fixture-0084,sim-local-baseline,1.0.0,1,document_0084.html,2026-12-03_Northstar-Studio_meeting-notes_REF-0084.html,2026-12-03_Northstar-Studio_meeting-notes_REF-0084.html,1,1,3,813,0,Seeded modeled result; no desktop or web application executed.
true,false,fixture-0084,sim-local-baseline,1.0.0,2,document_0084.html,2026-12-03_Northstar-Studio_meeting-notes_REF-0084.html,2026-12-03_meeting-notes_REF-0084.html,1,0,2,796,0,Seeded modeled result; no desktop or web application executed.
true,false,fixture-0084,sim-local-baseline,1.0.0,3,document_0084.html,2026-12-03_Northstar-Studio_meeting-notes_REF-0084.html,2026-12-03_meeting-notes_REF-0084.html,1,0,0,1038,0,Seeded modeled result; no desktop or web application executed.
true,false,fixture-0084,sim-rule-baseline,1.0.0,1,document_0084.html,2026-12-03_Northstar-Studio_meeting-notes_REF-0084.html,2026-12-03_meeting-notes_REF-0084.html,1,0,3,96,0,Seeded modeled result; no desktop or web application executed.
true,false,fixture-0084,sim-rule-baseline,1.0.0,2,document_0084.html,2026-12-03_Northstar-Studio_meeting-notes_REF-0084.html,2026-12-03_meeting-notes_REF-0084.html,1,0,1,105,0,Seeded modeled result; no desktop or web application executed.
true,false,fixture-0084,sim-rule-baseline,1.0.0,3,document_0084.html,2026-12-03_Northstar-Studio_meeting-notes_REF-0084.html,2026-12-03_meeting-notes_REF-0084.html,1,0,1,71,0,Seeded modeled result; no desktop or web application executed.
true,false,fixture-0085,sim-reference-workflow,1.0.0,1,document_0085.eml,2026-01-04_Pinecone-Works_invoice_REF-0085.eml,2026-01-04_Pinecone-Works_invoice_REF-0085.eml,1,1,3,618,0,Seeded modeled result; no desktop or web application executed.
true,false,fixture-0085,sim-reference-workflow,1.0.0,2,document_0085.eml,2026-01-04_Pinecone-Works_invoice_REF-0085.eml,2026-01-04_Pinecone-Works_invoice_REF-0085.eml,1,1,3,548,0,Seeded modeled result; no desktop or web application executed.
true,false,fixture-0085,sim-reference-workflow,1.0.0,3,document_0085.eml,2026-01-04_Pinecone-Works_invoice_REF-0085.eml,2026-01-04_Pinecone-Works_invoice_REF-0085.eml,1,1,3,486,0,Seeded modeled result; no desktop or web application executed.
true,false,fixture-0085,sim-cloud-baseline,1.0.0,1,document_0085.eml,2026-01-04_Pinecone-Works_invoice_REF-0085.eml,2026-01-04_Pinecone-Works_invoice_REF-0085.eml,1,1,3,811,0,Seeded modeled result; no desktop or web application executed.
true,false,fixture-0085,sim-cloud-baseline,1.0.0,2,document_0085.eml,2026-01-04_Pinecone-Works_invoice_REF-0085.eml,2026-01-04_Pinecone-Works_invoice_REF-0085.eml,1,1,3,883,0,Seeded modeled result; no desktop or web application executed.
true,false,fixture-0085,sim-cloud-baseline,1.0.0,3,document_0085.eml,2026-01-04_Pinecone-Works_invoice_REF-0085.eml,2026-01-04_invoice_REF-0085.eml,1,0,3,660,0,Seeded modeled result; no desktop or web application executed.
true,false,fixture-0085,sim-local-baseline,1.0.0,1,document_0085.eml,2026-01-04_Pinecone-Works_invoice_REF-0085.eml,2026-01-04_invoice_REF-0085.eml,1,0,3,1124,0,Seeded modeled result; no desktop or web application executed.
true,false,fixture-0085,sim-local-baseline,1.0.0,2,document_0085.eml,2026-01-04_Pinecone-Works_invoice_REF-0085.eml,2026-01-04_Pinecone-Works_invoice_REF-0085.eml,1,1,3,1067,0,Seeded modeled result; no desktop or web application executed.
true,false,fixture-0085,sim-local-baseline,1.0.0,3,document_0085.eml,2026-01-04_Pinecone-Works_invoice_REF-0085.eml,2026-01-04_Pinecone-Works_invoice_REF-0085.eml,1,1,3,743,0,Seeded modeled result; no desktop or web application executed.
true,false,fixture-0085,sim-rule-baseline,1.0.0,1,document_0085.eml,2026-01-04_Pinecone-Works_invoice_REF-0085.eml,2026-01-04_invoice_REF-0085.eml,1,0,2,89,0,Seeded modeled result; no desktop or web application executed.
true,false,fixture-0085,sim-rule-baseline,1.0.0,2,document_0085.eml,2026-01-04_Pinecone-Works_invoice_REF-0085.eml,2026-01-04_invoice_REF-0085.eml,1,0,2,79,0,Seeded modeled result; no desktop or web application executed.
true,false,fixture-0085,sim-rule-baseline,1.0.0,3,document_0085.eml,2026-01-04_Pinecone-Works_invoice_REF-0085.eml,2026-01-04_invoice_REF-0085.eml,1,0,0,92,0,Seeded modeled result; no desktop or web application executed.
true,false,fixture-0086,sim-reference-workflow,1.0.0,1,document_0086.srt,2026-02-05_Acme-Labs_meeting-notes_REF-0086.srt,2026-02-05_Acme-Labs_meeting-notes_REF-0086.srt,1,1,3,395,0,Seeded modeled result; no desktop or web application executed.
true,false,fixture-0086,sim-reference-workflow,1.0.0,2,document_0086.srt,2026-02-05_Acme-Labs_meeting-notes_REF-0086.srt,2026-02-05_meeting-notes_REF-0086.srt,1,0,3,428,0,Seeded modeled result; no desktop or web application executed.
true,false,fixture-0086,sim-reference-workflow,1.0.0,3,document_0086.srt,2026-02-05_Acme-Labs_meeting-notes_REF-0086.srt,2026-02-05_Acme-Labs_meeting-notes_REF-0086.srt,1,1,3,514,0,Seeded modeled result; no desktop or web application executed.
true,false,fixture-0086,sim-cloud-baseline,1.0.0,1,document_0086.srt,2026-02-05_Acme-Labs_meeting-notes_REF-0086.srt,2026-02-05_meeting-notes_REF-0086.srt,1,0,2,796,0,Seeded modeled result; no desktop or web application executed.
true,false,fixture-0086,sim-cloud-baseline,1.0.0,2,document_0086.srt,2026-02-05_Acme-Labs_meeting-notes_REF-0086.srt,2026-02-05_Acme-Labs_meeting-notes_REF-0086.srt,1,1,3,922,0,Seeded modeled result; no desktop or web application executed.
true,false,fixture-0086,sim-cloud-baseline,1.0.0,3,document_0086.srt,2026-02-05_Acme-Labs_meeting-notes_REF-0086.srt,2026-02-05_Acme-Labs_meeting-notes_REF-0086.srt,1,1,3,615,0,Seeded modeled result; no desktop or web application executed.
true,false,fixture-0086,sim-local-baseline,1.0.0,1,document_0086.srt,2026-02-05_Acme-Labs_meeting-notes_REF-0086.srt,2026-02-05_meeting-notes_REF-0086.srt,1,0,2,970,0,Seeded modeled result; no desktop or web application executed.
true,false,fixture-0086,sim-local-baseline,1.0.0,2,document_0086.srt,2026-02-05_Acme-Labs_meeting-notes_REF-0086.srt,2026-02-05_meeting-notes_REF-0086.srt,1,0,2,810,0,Seeded modeled result; no desktop or web application executed.
true,false,fixture-0086,sim-local-baseline,1.0.0,3,document_0086.srt,2026-02-05_Acme-Labs_meeting-notes_REF-0086.srt,2026-02-05_meeting-notes_REF-0086.srt,1,0,3,891,0,Seeded modeled result; no desktop or web application executed.
true,false,fixture-0086,sim-rule-baseline,1.0.0,1,document_0086.srt,2026-02-05_Acme-Labs_meeting-notes_REF-0086.srt,2026-02-05_meeting-notes_REF-0086.srt,1,0,2,96,0,Seeded modeled result; no desktop or web application executed.
true,false,fixture-0086,sim-rule-baseline,1.0.0,2,document_0086.srt,2026-02-05_Acme-Labs_meeting-notes_REF-0086.srt,2026-02-05_Acme-Labs_meeting-notes_REF-0086.srt,1,1,3,70,0,Seeded modeled result; no desktop or web application executed.
true,false,fixture-0086,sim-rule-baseline,1.0.0,3,document_0086.srt,2026-02-05_Acme-Labs_meeting-notes_REF-0086.srt,2026-02-05_meeting-notes_REF-0086.srt,1,0,1,89,0,Seeded modeled result; no desktop or web application executed.
true,false,fixture-0087,sim-reference-workflow,1.0.0,1,document_0087.vtt,2026-03-06_Riverstone-Co_invoice_REF-0087.vtt,2026-03-06_Riverstone-Co_invoice_REF-0087.vtt,1,1,3,579,0,Seeded modeled result; no desktop or web application executed.
true,false,fixture-0087,sim-reference-workflow,1.0.0,2,document_0087.vtt,2026-03-06_Riverstone-Co_invoice_REF-0087.vtt,2026-03-06_Riverstone-Co_invoice_REF-0087.vtt,1,1,3,443,0,Seeded modeled result; no desktop or web application executed.
true,false,fixture-0087,sim-reference-workflow,1.0.0,3,document_0087.vtt,2026-03-06_Riverstone-Co_invoice_REF-0087.vtt,2026-03-06_Riverstone-Co_invoice_REF-0087.vtt,1,1,3,591,0,Seeded modeled result; no desktop or web application executed.
true,false,fixture-0087,sim-cloud-baseline,1.0.0,1,document_0087.vtt,2026-03-06_Riverstone-Co_invoice_REF-0087.vtt,2026-03-06_Riverstone-Co_invoice_REF-0087.vtt,1,1,3,915,0,Seeded modeled result; no desktop or web application executed.
true,false,fixture-0087,sim-cloud-baseline,1.0.0,2,document_0087.vtt,2026-03-06_Riverstone-Co_invoice_REF-0087.vtt,2026-03-06_invoice_REF-0087.vtt,1,0,2,921,0,Seeded modeled result; no desktop or web application executed.
true,false,fixture-0087,sim-cloud-baseline,1.0.0,3,document_0087.vtt,2026-03-06_Riverstone-Co_invoice_REF-0087.vtt,2026-03-06_Riverstone-Co_invoice_REF-0087.vtt,1,1,3,561,0,Seeded modeled result; no desktop or web application executed.
true,false,fixture-0087,sim-local-baseline,1.0.0,1,document_0087.vtt,2026-03-06_Riverstone-Co_invoice_REF-0087.vtt,2026-03-06_Riverstone-Co_invoice_REF-0087.vtt,1,1,3,776,0,Seeded modeled result; no desktop or web application executed.
true,false,fixture-0087,sim-local-baseline,1.0.0,2,document_0087.vtt,2026-03-06_Riverstone-Co_invoice_REF-0087.vtt,2026-03-06_Riverstone-Co_invoice_REF-0087.vtt,1,1,3,809,0,Seeded modeled result; no desktop or web application executed.
true,false,fixture-0087,sim-local-baseline,1.0.0,3,document_0087.vtt,2026-03-06_Riverstone-Co_invoice_REF-0087.vtt,2026-03-06_Riverstone-Co_invoice_REF-0087.vtt,1,1,3,903,0,Seeded modeled result; no desktop or web application executed.
true,false,fixture-0087,sim-rule-baseline,1.0.0,1,document_0087.vtt,2026-03-06_Riverstone-Co_invoice_REF-0087.vtt,2026-03-06_Riverstone-Co_invoice_REF-0087.vtt,1,1,3,84,0,Seeded modeled result; no desktop or web application executed.
true,false,fixture-0087,sim-rule-baseline,1.0.0,2,document_0087.vtt,2026-03-06_Riverstone-Co_invoice_REF-0087.vtt,2026-03-06_invoice_REF-0087.vtt,1,0,1,92,0,Seeded modeled result; no desktop or web application executed.
true,false,fixture-0087,sim-rule-baseline,1.0.0,3,document_0087.vtt,2026-03-06_Riverstone-Co_invoice_REF-0087.vtt,2026-03-06_invoice_REF-0087.vtt,1,0,1,98,0,Seeded modeled result; no desktop or web application executed.
true,false,fixture-0088,sim-reference-workflow,1.0.0,1,document_0088.svg,2026-04-07_Bluebird-Health_meeting-notes_REF-0088.svg,2026-04-07_Bluebird-Health_meeting-notes_REF-0088.svg,1,1,3,504,0,Seeded modeled result; no desktop or web application executed.
true,false,fixture-0088,sim-reference-workflow,1.0.0,2,document_0088.svg,2026-04-07_Bluebird-Health_meeting-notes_REF-0088.svg,2026-04-07_Bluebird-Health_meeting-notes_REF-0088.svg,1,1,3,518,0,Seeded modeled result; no desktop or web application executed.
true,false,fixture-0088,sim-reference-workflow,1.0.0,3,document_0088.svg,2026-04-07_Bluebird-Health_meeting-notes_REF-0088.svg,2026-04-07_Bluebird-Health_meeting-notes_REF-0088.svg,1,1,3,602,0,Seeded modeled result; no desktop or web application executed.
true,false,fixture-0088,sim-cloud-baseline,1.0.0,1,document_0088.svg,2026-04-07_Bluebird-Health_meeting-notes_REF-0088.svg,2026-04-07_Bluebird-Health_meeting-notes_REF-0088.svg,1,1,3,841,0,Seeded modeled result; no desktop or web application executed.
true,false,fixture-0088,sim-cloud-baseline,1.0.0,2,document_0088.svg,2026-04-07_Bluebird-Health_meeting-notes_REF-0088.svg,2026-04-07_Bluebird-Health_meeting-notes_REF-0088.svg,1,1,3,763,0,Seeded modeled result; no desktop or web application executed.
true,false,fixture-0088,sim-cloud-baseline,1.0.0,3,document_0088.svg,2026-04-07_Bluebird-Health_meeting-notes_REF-0088.svg,2026-04-07_Bluebird-Health_meeting-notes_REF-0088.svg,1,1,3,785,0,Seeded modeled result; no desktop or web application executed.
true,false,fixture-0088,sim-local-baseline,1.0.0,1,document_0088.svg,2026-04-07_Bluebird-Health_meeting-notes_REF-0088.svg,2026-04-07_meeting-notes_REF-0088.svg,1,0,2,894,0,Seeded modeled result; no desktop or web application executed.
true,false,fixture-0088,sim-local-baseline,1.0.0,2,document_0088.svg,2026-04-07_Bluebird-Health_meeting-notes_REF-0088.svg,2026-04-07_meeting-notes_REF-0088.svg,1,0,0,1097,0,Seeded modeled result; no desktop or web application executed.
true,false,fixture-0088,sim-local-baseline,1.0.0,3,document_0088.svg,2026-04-07_Bluebird-Health_meeting-notes_REF-0088.svg,2026-04-07_meeting-notes_REF-0088.svg,1,0,2,1222,0,Seeded modeled result; no desktop or web application executed.
true,false,fixture-0088,sim-rule-baseline,1.0.0,1,document_0088.svg,2026-04-07_Bluebird-Health_meeting-notes_REF-0088.svg,2026-04-07_Bluebird-Health_meeting-notes_REF-0088.svg,1,1,3,89,0,Seeded modeled result; no desktop or web application executed.
true,false,fixture-0088,sim-rule-baseline,1.0.0,2,document_0088.svg,2026-04-07_Bluebird-Health_meeting-notes_REF-0088.svg,2026-04-07_meeting-notes_REF-0088.svg,1,0,2,100,0,Seeded modeled result; no desktop or web application executed.
true,false,fixture-0088,sim-rule-baseline,1.0.0,3,document_0088.svg,2026-04-07_Bluebird-Health_meeting-notes_REF-0088.svg,2026-04-07_meeting-notes_REF-0088.svg,1,0,0,80,0,Seeded modeled result; no desktop or web application executed.
true,false,fixture-0089,sim-reference-workflow,1.0.0,1,document_0089.txt,2026-05-08_Northstar-Studio_invoice_REF-0089.txt,2026-05-08_Northstar-Studio_invoice_REF-0089.txt,1,1,3,401,0,Seeded modeled result; no desktop or web application executed.
true,false,fixture-0089,sim-reference-workflow,1.0.0,2,document_0089.txt,2026-05-08_Northstar-Studio_invoice_REF-0089.txt,2026-05-08_Northstar-Studio_invoice_REF-0089.txt,1,1,3,567,0,Seeded modeled result; no desktop or web application executed.
true,false,fixture-0089,sim-reference-workflow,1.0.0,3,document_0089.txt,2026-05-08_Northstar-Studio_invoice_REF-0089.txt,2026-05-08_invoice_REF-0089.txt,1,0,2,554,0,Seeded modeled result; no desktop or web application executed.
true,false,fixture-0089,sim-cloud-baseline,1.0.0,1,document_0089.txt,2026-05-08_Northstar-Studio_invoice_REF-0089.txt,2026-05-08_Northstar-Studio_invoice_REF-0089.txt,1,1,3,827,0,Seeded modeled result; no desktop or web application executed.
true,false,fixture-0089,sim-cloud-baseline,1.0.0,2,document_0089.txt,2026-05-08_Northstar-Studio_invoice_REF-0089.txt,2026-05-08_Northstar-Studio_invoice_REF-0089.txt,1,1,3,851,0,Seeded modeled result; no desktop or web application executed.
true,false,fixture-0089,sim-cloud-baseline,1.0.0,3,document_0089.txt,2026-05-08_Northstar-Studio_invoice_REF-0089.txt,2026-05-08_Northstar-Studio_invoice_REF-0089.txt,1,1,3,826,0,Seeded modeled result; no desktop or web application executed.
true,false,fixture-0089,sim-local-baseline,1.0.0,1,document_0089.txt,2026-05-08_Northstar-Studio_invoice_REF-0089.txt,2026-05-08_Northstar-Studio_invoice_REF-0089.txt,1,1,3,1199,0,Seeded modeled result; no desktop or web application executed.
true,false,fixture-0089,sim-local-baseline,1.0.0,2,document_0089.txt,2026-05-08_Northstar-Studio_invoice_REF-0089.txt,2026-05-08_invoice_REF-0089.txt,1,0,3,799,0,Seeded modeled result; no desktop or web application executed.
true,false,fixture-0089,sim-local-baseline,1.0.0,3,document_0089.txt,2026-05-08_Northstar-Studio_invoice_REF-0089.txt,2026-05-08_invoice_REF-0089.txt,1,0,2,1105,0,Seeded modeled result; no desktop or web application executed.
true,false,fixture-0089,sim-rule-baseline,1.0.0,1,document_0089.txt,2026-05-08_Northstar-Studio_invoice_REF-0089.txt,2026-05-08_invoice_REF-0089.txt,1,0,2,100,0,Seeded modeled result; no desktop or web application executed.
true,false,fixture-0089,sim-rule-baseline,1.0.0,2,document_0089.txt,2026-05-08_Northstar-Studio_invoice_REF-0089.txt,2026-05-08_invoice_REF-0089.txt,1,0,3,108,0,Seeded modeled result; no desktop or web application executed.
true,false,fixture-0089,sim-rule-baseline,1.0.0,3,document_0089.txt,2026-05-08_Northstar-Studio_invoice_REF-0089.txt,2026-05-08_invoice_REF-0089.txt,1,0,0,86,0,Seeded modeled result; no desktop or web application executed.
true,false,fixture-0090,sim-reference-workflow,1.0.0,1,document_0090.md,2026-06-09_Pinecone-Works_meeting-notes_REF-0090.md,2026-06-09_meeting-notes_REF-0090.md,1,0,3,562,0,Seeded modeled result; no desktop or web application executed.
true,false,fixture-0090,sim-reference-workflow,1.0.0,2,document_0090.md,2026-06-09_Pinecone-Works_meeting-notes_REF-0090.md,2026-06-09_meeting-notes_REF-0090.md,1,0,3,467,0,Seeded modeled result; no desktop or web application executed.
true,false,fixture-0090,sim-reference-workflow,1.0.0,3,document_0090.md,2026-06-09_Pinecone-Works_meeting-notes_REF-0090.md,2026-06-09_Pinecone-Works_meeting-notes_REF-0090.md,1,1,3,630,0,Seeded modeled result; no desktop or web application executed.
true,false,fixture-0090,sim-cloud-baseline,1.0.0,1,document_0090.md,2026-06-09_Pinecone-Works_meeting-notes_REF-0090.md,2026-06-09_Pinecone-Works_meeting-notes_REF-0090.md,1,1,3,686,0,Seeded modeled result; no desktop or web application executed.
true,false,fixture-0090,sim-cloud-baseline,1.0.0,2,document_0090.md,2026-06-09_Pinecone-Works_meeting-notes_REF-0090.md,2026-06-09_Pinecone-Works_meeting-notes_REF-0090.md,1,1,3,755,0,Seeded modeled result; no desktop or web application executed.
true,false,fixture-0090,sim-cloud-baseline,1.0.0,3,document_0090.md,2026-06-09_Pinecone-Works_meeting-notes_REF-0090.md,2026-06-09_Pinecone-Works_meeting-notes_REF-0090.md,1,1,3,840,0,Seeded modeled result; no desktop or web application executed.
true,false,fixture-0090,sim-local-baseline,1.0.0,1,document_0090.md,2026-06-09_Pinecone-Works_meeting-notes_REF-0090.md,2026-06-09_Pinecone-Works_meeting-notes_REF-0090.md,1,1,3,944,0,Seeded modeled result; no desktop or web application executed.
true,false,fixture-0090,sim-local-baseline,1.0.0,2,document_0090.md,2026-06-09_Pinecone-Works_meeting-notes_REF-0090.md,2026-06-09_meeting-notes_REF-0090.md,1,0,2,846,0,Seeded modeled result; no desktop or web application executed.
true,false,fixture-0090,sim-local-baseline,1.0.0,3,document_0090.md,2026-06-09_Pinecone-Works_meeting-notes_REF-0090.md,2026-06-09_meeting-notes_REF-0090.md,1,0,2,851,0,Seeded modeled result; no desktop or web application executed.
true,false,fixture-0090,sim-rule-baseline,1.0.0,1,document_0090.md,2026-06-09_Pinecone-Works_meeting-notes_REF-0090.md,2026-06-09_meeting-notes_REF-0090.md,1,0,1,76,0,Seeded modeled result; no desktop or web application executed.
true,false,fixture-0090,sim-rule-baseline,1.0.0,2,document_0090.md,2026-06-09_Pinecone-Works_meeting-notes_REF-0090.md,2026-06-09_meeting-notes_REF-0090.md,1,0,0,110,0,Seeded modeled result; no desktop or web application executed.
true,false,fixture-0090,sim-rule-baseline,1.0.0,3,document_0090.md,2026-06-09_Pinecone-Works_meeting-notes_REF-0090.md,2026-06-09_meeting-notes_REF-0090.md,1,0,0,71,0,Seeded modeled result; no desktop or web application executed.
true,false,fixture-0091,sim-reference-workflow,1.0.0,1,document_0091.csv,2026-07-10_Acme-Labs_invoice_REF-0091.csv,2026-07-10_Acme-Labs_invoice_REF-0091.csv,1,1,3,485,0,Seeded modeled result; no desktop or web application executed.
true,false,fixture-0091,sim-reference-workflow,1.0.0,2,document_0091.csv,2026-07-10_Acme-Labs_invoice_REF-0091.csv,2026-07-10_Acme-Labs_invoice_REF-0091.csv,1,1,3,444,0,Seeded modeled result; no desktop or web application executed.
true,false,fixture-0091,sim-reference-workflow,1.0.0,3,document_0091.csv,2026-07-10_Acme-Labs_invoice_REF-0091.csv,2026-07-10_Acme-Labs_invoice_REF-0091.csv,1,1,3,419,0,Seeded modeled result; no desktop or web application executed.
true,false,fixture-0091,sim-cloud-baseline,1.0.0,1,document_0091.csv,2026-07-10_Acme-Labs_invoice_REF-0091.csv,2026-07-10_Acme-Labs_invoice_REF-0091.csv,1,1,3,807,0,Seeded modeled result; no desktop or web application executed.
true,false,fixture-0091,sim-cloud-baseline,1.0.0,2,document_0091.csv,2026-07-10_Acme-Labs_invoice_REF-0091.csv,2026-07-10_invoice_REF-0091.csv,1,0,3,593,0,Seeded modeled result; no desktop or web application executed.
true,false,fixture-0091,sim-cloud-baseline,1.0.0,3,document_0091.csv,2026-07-10_Acme-Labs_invoice_REF-0091.csv,2026-07-10_invoice_REF-0091.csv,1,0,3,823,0,Seeded modeled result; no desktop or web application executed.
true,false,fixture-0091,sim-local-baseline,1.0.0,1,document_0091.csv,2026-07-10_Acme-Labs_invoice_REF-0091.csv,2026-07-10_invoice_REF-0091.csv,1,0,1,935,0,Seeded modeled result; no desktop or web application executed.
true,false,fixture-0091,sim-local-baseline,1.0.0,2,document_0091.csv,2026-07-10_Acme-Labs_invoice_REF-0091.csv,2026-07-10_invoice_REF-0091.csv,1,0,2,811,0,Seeded modeled result; no desktop or web application executed.
true,false,fixture-0091,sim-local-baseline,1.0.0,3,document_0091.csv,2026-07-10_Acme-Labs_invoice_REF-0091.csv,2026-07-10_invoice_REF-0091.csv,1,0,2,992,0,Seeded modeled result; no desktop or web application executed.
true,false,fixture-0091,sim-rule-baseline,1.0.0,1,document_0091.csv,2026-07-10_Acme-Labs_invoice_REF-0091.csv,2026-07-10_invoice_REF-0091.csv,1,0,1,106,0,Seeded modeled result; no desktop or web application executed.
true,false,fixture-0091,sim-rule-baseline,1.0.0,2,document_0091.csv,2026-07-10_Acme-Labs_invoice_REF-0091.csv,2026-07-10_invoice_REF-0091.csv,1,0,1,81,0,Seeded modeled result; no desktop or web application executed.
true,false,fixture-0091,sim-rule-baseline,1.0.0,3,document_0091.csv,2026-07-10_Acme-Labs_invoice_REF-0091.csv,2026-07-10_invoice_REF-0091.csv,1,0,2,84,0,Seeded modeled result; no desktop or web application executed.
true,false,fixture-0092,sim-reference-workflow,1.0.0,1,document_0092.json,2026-08-11_Riverstone-Co_meeting-notes_REF-0092.json,2026-08-11_Riverstone-Co_meeting-notes_REF-0092.json,1,1,3,481,0,Seeded modeled result; no desktop or web application executed.
true,false,fixture-0092,sim-reference-workflow,1.0.0,2,document_0092.json,2026-08-11_Riverstone-Co_meeting-notes_REF-0092.json,2026-08-11_Riverstone-Co_meeting-notes_REF-0092.json,1,1,3,566,0,Seeded modeled result; no desktop or web application executed.
true,false,fixture-0092,sim-reference-workflow,1.0.0,3,document_0092.json,2026-08-11_Riverstone-Co_meeting-notes_REF-0092.json,2026-08-11_Riverstone-Co_meeting-notes_REF-0092.json,1,1,3,505,0,Seeded modeled result; no desktop or web application executed.
true,false,fixture-0092,sim-cloud-baseline,1.0.0,1,document_0092.json,2026-08-11_Riverstone-Co_meeting-notes_REF-0092.json,2026-08-11_Riverstone-Co_meeting-notes_REF-0092.json,1,1,3,675,0,Seeded modeled result; no desktop or web application executed.
true,false,fixture-0092,sim-cloud-baseline,1.0.0,2,document_0092.json,2026-08-11_Riverstone-Co_meeting-notes_REF-0092.json,2026-08-11_Riverstone-Co_meeting-notes_REF-0092.json,1,1,3,915,0,Seeded modeled result; no desktop or web application executed.
true,false,fixture-0092,sim-cloud-baseline,1.0.0,3,document_0092.json,2026-08-11_Riverstone-Co_meeting-notes_REF-0092.json,2026-08-11_Riverstone-Co_meeting-notes_REF-0092.json,1,1,3,899,0,Seeded modeled result; no desktop or web application executed.
true,false,fixture-0092,sim-local-baseline,1.0.0,1,document_0092.json,2026-08-11_Riverstone-Co_meeting-notes_REF-0092.json,2026-08-11_meeting-notes_REF-0092.json,1,0,3,816,0,Seeded modeled result; no desktop or web application executed.
true,false,fixture-0092,sim-local-baseline,1.0.0,2,document_0092.json,2026-08-11_Riverstone-Co_meeting-notes_REF-0092.json,2026-08-11_Riverstone-Co_meeting-notes_REF-0092.json,1,1,3,1040,0,Seeded modeled result; no desktop or web application executed.
true,false,fixture-0092,sim-local-baseline,1.0.0,3,document_0092.json,2026-08-11_Riverstone-Co_meeting-notes_REF-0092.json,2026-08-11_Riverstone-Co_meeting-notes_REF-0092.json,1,1,3,786,0,Seeded modeled result; no desktop or web application executed.
true,false,fixture-0092,sim-rule-baseline,1.0.0,1,document_0092.json,2026-08-11_Riverstone-Co_meeting-notes_REF-0092.json,2026-08-11_Riverstone-Co_meeting-notes_REF-0092.json,1,1,3,101,0,Seeded modeled result; no desktop or web application executed.
true,false,fixture-0092,sim-rule-baseline,1.0.0,2,document_0092.json,2026-08-11_Riverstone-Co_meeting-notes_REF-0092.json,2026-08-11_Riverstone-Co_meeting-notes_REF-0092.json,1,1,3,86,0,Seeded modeled result; no desktop or web application executed.
true,false,fixture-0092,sim-rule-baseline,1.0.0,3,document_0092.json,2026-08-11_Riverstone-Co_meeting-notes_REF-0092.json,2026-08-11_Riverstone-Co_meeting-notes_REF-0092.json,1,1,3,83,0,Seeded modeled result; no desktop or web application executed.
true,false,fixture-0093,sim-reference-workflow,1.0.0,1,document_0093.xml,2026-09-12_Bluebird-Health_invoice_REF-0093.xml,2026-09-12_invoice_REF-0093.xml,1,0,3,641,0,Seeded modeled result; no desktop or web application executed.
true,false,fixture-0093,sim-reference-workflow,1.0.0,2,document_0093.xml,2026-09-12_Bluebird-Health_invoice_REF-0093.xml,2026-09-12_invoice_REF-0093.xml,1,0,3,494,0,Seeded modeled result; no desktop or web application executed.
true,false,fixture-0093,sim-reference-workflow,1.0.0,3,document_0093.xml,2026-09-12_Bluebird-Health_invoice_REF-0093.xml,2026-09-12_invoice_REF-0093.xml,1,0,3,590,0,Seeded modeled result; no desktop or web application executed.
true,false,fixture-0093,sim-cloud-baseline,1.0.0,1,document_0093.xml,2026-09-12_Bluebird-Health_invoice_REF-0093.xml,2026-09-12_Bluebird-Health_invoice_REF-0093.xml,1,1,3,586,0,Seeded modeled result; no desktop or web application executed.
true,false,fixture-0093,sim-cloud-baseline,1.0.0,2,document_0093.xml,2026-09-12_Bluebird-Health_invoice_REF-0093.xml,2026-09-12_Bluebird-Health_invoice_REF-0093.xml,1,1,3,829,0,Seeded modeled result; no desktop or web application executed.
true,false,fixture-0093,sim-cloud-baseline,1.0.0,3,document_0093.xml,2026-09-12_Bluebird-Health_invoice_REF-0093.xml,2026-09-12_Bluebird-Health_invoice_REF-0093.xml,1,1,3,864,0,Seeded modeled result; no desktop or web application executed.
true,false,fixture-0093,sim-local-baseline,1.0.0,1,document_0093.xml,2026-09-12_Bluebird-Health_invoice_REF-0093.xml,2026-09-12_invoice_REF-0093.xml,1,0,2,774,0,Seeded modeled result; no desktop or web application executed.
true,false,fixture-0093,sim-local-baseline,1.0.0,2,document_0093.xml,2026-09-12_Bluebird-Health_invoice_REF-0093.xml,2026-09-12_Bluebird-Health_invoice_REF-0093.xml,1,1,3,821,0,Seeded modeled result; no desktop or web application executed.
true,false,fixture-0093,sim-local-baseline,1.0.0,3,document_0093.xml,2026-09-12_Bluebird-Health_invoice_REF-0093.xml,2026-09-12_Bluebird-Health_invoice_REF-0093.xml,1,1,3,1036,0,Seeded modeled result; no desktop or web application executed.
true,false,fixture-0093,sim-rule-baseline,1.0.0,1,document_0093.xml,2026-09-12_Bluebird-Health_invoice_REF-0093.xml,2026-09-12_Bluebird-Health_invoice_REF-0093.xml,1,1,3,82,0,Seeded modeled result; no desktop or web application executed.
true,false,fixture-0093,sim-rule-baseline,1.0.0,2,document_0093.xml,2026-09-12_Bluebird-Health_invoice_REF-0093.xml,2026-09-12_invoice_REF-0093.xml,1,0,0,68,0,Seeded modeled result; no desktop or web application executed.
true,false,fixture-0093,sim-rule-baseline,1.0.0,3,document_0093.xml,2026-09-12_Bluebird-Health_invoice_REF-0093.xml,2026-09-12_invoice_REF-0093.xml,1,0,1,82,0,Seeded modeled result; no desktop or web application executed.
true,false,fixture-0094,sim-reference-workflow,1.0.0,1,document_0094.yaml,2026-10-13_Northstar-Studio_meeting-notes_REF-0094.yaml,2026-10-13_Northstar-Studio_meeting-notes_REF-0094.yaml,1,1,3,621,0,Seeded modeled result; no desktop or web application executed.
true,false,fixture-0094,sim-reference-workflow,1.0.0,2,document_0094.yaml,2026-10-13_Northstar-Studio_meeting-notes_REF-0094.yaml,2026-10-13_Northstar-Studio_meeting-notes_REF-0094.yaml,1,1,3,630,0,Seeded modeled result; no desktop or web application executed.
true,false,fixture-0094,sim-reference-workflow,1.0.0,3,document_0094.yaml,2026-10-13_Northstar-Studio_meeting-notes_REF-0094.yaml,2026-10-13_Northstar-Studio_meeting-notes_REF-0094.yaml,1,1,3,585,0,Seeded modeled result; no desktop or web application executed.
true,false,fixture-0094,sim-cloud-baseline,1.0.0,1,document_0094.yaml,2026-10-13_Northstar-Studio_meeting-notes_REF-0094.yaml,2026-10-13_Northstar-Studio_meeting-notes_REF-0094.yaml,1,1,3,838,0,Seeded modeled result; no desktop or web application executed.
true,false,fixture-0094,sim-cloud-baseline,1.0.0,2,document_0094.yaml,2026-10-13_Northstar-Studio_meeting-notes_REF-0094.yaml,2026-10-13_Northstar-Studio_meeting-notes_REF-0094.yaml,1,1,3,683,0,Seeded modeled result; no desktop or web application executed.
true,false,fixture-0094,sim-cloud-baseline,1.0.0,3,document_0094.yaml,2026-10-13_Northstar-Studio_meeting-notes_REF-0094.yaml,2026-10-13_meeting-notes_REF-0094.yaml,1,0,3,719,0,Seeded modeled result; no desktop or web application executed.
true,false,fixture-0094,sim-local-baseline,1.0.0,1,document_0094.yaml,2026-10-13_Northstar-Studio_meeting-notes_REF-0094.yaml,2026-10-13_Northstar-Studio_meeting-notes_REF-0094.yaml,1,1,3,1057,0,Seeded modeled result; no desktop or web application executed.
true,false,fixture-0094,sim-local-baseline,1.0.0,2,document_0094.yaml,2026-10-13_Northstar-Studio_meeting-notes_REF-0094.yaml,2026-10-13_Northstar-Studio_meeting-notes_REF-0094.yaml,1,1,3,913,0,Seeded modeled result; no desktop or web application executed.
true,false,fixture-0094,sim-local-baseline,1.0.0,3,document_0094.yaml,2026-10-13_Northstar-Studio_meeting-notes_REF-0094.yaml,2026-10-13_meeting-notes_REF-0094.yaml,1,0,2,937,0,Seeded modeled result; no desktop or web application executed.
true,false,fixture-0094,sim-rule-baseline,1.0.0,1,document_0094.yaml,2026-10-13_Northstar-Studio_meeting-notes_REF-0094.yaml,2026-10-13_meeting-notes_REF-0094.yaml,1,0,1,110,0,Seeded modeled result; no desktop or web application executed.
true,false,fixture-0094,sim-rule-baseline,1.0.0,2,document_0094.yaml,2026-10-13_Northstar-Studio_meeting-notes_REF-0094.yaml,2026-10-13_meeting-notes_REF-0094.yaml,1,0,0,108,0,Seeded modeled result; no desktop or web application executed.
true,false,fixture-0094,sim-rule-baseline,1.0.0,3,document_0094.yaml,2026-10-13_Northstar-Studio_meeting-notes_REF-0094.yaml,2026-10-13_meeting-notes_REF-0094.yaml,1,0,0,78,0,Seeded modeled result; no desktop or web application executed.
true,false,fixture-0095,sim-reference-workflow,1.0.0,1,document_0095.html,2026-11-14_Pinecone-Works_invoice_REF-0095.html,2026-11-14_Pinecone-Works_invoice_REF-0095.html,1,1,3,636,0,Seeded modeled result; no desktop or web application executed.
true,false,fixture-0095,sim-reference-workflow,1.0.0,2,document_0095.html,2026-11-14_Pinecone-Works_invoice_REF-0095.html,2026-11-14_Pinecone-Works_invoice_REF-0095.html,1,1,3,618,0,Seeded modeled result; no desktop or web application executed.
true,false,fixture-0095,sim-reference-workflow,1.0.0,3,document_0095.html,2026-11-14_Pinecone-Works_invoice_REF-0095.html,2026-11-14_Pinecone-Works_invoice_REF-0095.html,1,1,3,580,0,Seeded modeled result; no desktop or web application executed.
true,false,fixture-0095,sim-cloud-baseline,1.0.0,1,document_0095.html,2026-11-14_Pinecone-Works_invoice_REF-0095.html,2026-11-14_Pinecone-Works_invoice_REF-0095.html,1,1,3,848,0,Seeded modeled result; no desktop or web application executed.
true,false,fixture-0095,sim-cloud-baseline,1.0.0,2,document_0095.html,2026-11-14_Pinecone-Works_invoice_REF-0095.html,2026-11-14_Pinecone-Works_invoice_REF-0095.html,1,1,3,606,0,Seeded modeled result; no desktop or web application executed.
true,false,fixture-0095,sim-cloud-baseline,1.0.0,3,document_0095.html,2026-11-14_Pinecone-Works_invoice_REF-0095.html,2026-11-14_Pinecone-Works_invoice_REF-0095.html,1,1,3,655,0,Seeded modeled result; no desktop or web application executed.
true,false,fixture-0095,sim-local-baseline,1.0.0,1,document_0095.html,2026-11-14_Pinecone-Works_invoice_REF-0095.html,2026-11-14_Pinecone-Works_invoice_REF-0095.html,1,1,3,885,0,Seeded modeled result; no desktop or web application executed.
true,false,fixture-0095,sim-local-baseline,1.0.0,2,document_0095.html,2026-11-14_Pinecone-Works_invoice_REF-0095.html,2026-11-14_Pinecone-Works_invoice_REF-0095.html,1,1,3,775,0,Seeded modeled result; no desktop or web application executed.
true,false,fixture-0095,sim-local-baseline,1.0.0,3,document_0095.html,2026-11-14_Pinecone-Works_invoice_REF-0095.html,2026-11-14_Pinecone-Works_invoice_REF-0095.html,1,1,3,761,0,Seeded modeled result; no desktop or web application executed.
true,false,fixture-0095,sim-rule-baseline,1.0.0,1,document_0095.html,2026-11-14_Pinecone-Works_invoice_REF-0095.html,2026-11-14_invoice_REF-0095.html,1,0,2,69,0,Seeded modeled result; no desktop or web application executed.
true,false,fixture-0095,sim-rule-baseline,1.0.0,2,document_0095.html,2026-11-14_Pinecone-Works_invoice_REF-0095.html,2026-11-14_invoice_REF-0095.html,1,0,1,70,0,Seeded modeled result; no desktop or web application executed.
true,false,fixture-0095,sim-rule-baseline,1.0.0,3,document_0095.html,2026-11-14_Pinecone-Works_invoice_REF-0095.html,2026-11-14_invoice_REF-0095.html,1,0,2,92,0,Seeded modeled result; no desktop or web application executed.
true,false,fixture-0096,sim-reference-workflow,1.0.0,1,document_0096.eml,2026-12-15_Acme-Labs_meeting-notes_REF-0096.eml,2026-12-15_Acme-Labs_meeting-notes_REF-0096.eml,1,1,3,427,0,Seeded modeled result; no desktop or web application executed.
true,false,fixture-0096,sim-reference-workflow,1.0.0,2,document_0096.eml,2026-12-15_Acme-Labs_meeting-notes_REF-0096.eml,2026-12-15_Acme-Labs_meeting-notes_REF-0096.eml,1,1,3,576,0,Seeded modeled result; no desktop or web application executed.
true,false,fixture-0096,sim-reference-workflow,1.0.0,3,document_0096.eml,2026-12-15_Acme-Labs_meeting-notes_REF-0096.eml,2026-12-15_Acme-Labs_meeting-notes_REF-0096.eml,1,1,3,646,0,Seeded modeled result; no desktop or web application executed.
true,false,fixture-0096,sim-cloud-baseline,1.0.0,1,document_0096.eml,2026-12-15_Acme-Labs_meeting-notes_REF-0096.eml,2026-12-15_Acme-Labs_meeting-notes_REF-0096.eml,1,1,3,758,0,Seeded modeled result; no desktop or web application executed.
true,false,fixture-0096,sim-cloud-baseline,1.0.0,2,document_0096.eml,2026-12-15_Acme-Labs_meeting-notes_REF-0096.eml,2026-12-15_Acme-Labs_meeting-notes_REF-0096.eml,1,1,3,672,0,Seeded modeled result; no desktop or web application executed.
true,false,fixture-0096,sim-cloud-baseline,1.0.0,3,document_0096.eml,2026-12-15_Acme-Labs_meeting-notes_REF-0096.eml,2026-12-15_Acme-Labs_meeting-notes_REF-0096.eml,1,1,3,889,0,Seeded modeled result; no desktop or web application executed.
true,false,fixture-0096,sim-local-baseline,1.0.0,1,document_0096.eml,2026-12-15_Acme-Labs_meeting-notes_REF-0096.eml,2026-12-15/meeting-notes:REF-0096.eml,0,0,3,953,0,Seeded modeled result; no desktop or web application executed.
true,false,fixture-0096,sim-local-baseline,1.0.0,2,document_0096.eml,2026-12-15_Acme-Labs_meeting-notes_REF-0096.eml,2026-12-15_Acme-Labs_meeting-notes_REF-0096.eml,1,1,3,863,0,Seeded modeled result; no desktop or web application executed.
true,false,fixture-0096,sim-local-baseline,1.0.0,3,document_0096.eml,2026-12-15_Acme-Labs_meeting-notes_REF-0096.eml,2026-12-15_meeting-notes_REF-0096.eml,1,0,2,1171,0,Seeded modeled result; no desktop or web application executed.
true,false,fixture-0096,sim-rule-baseline,1.0.0,1,document_0096.eml,2026-12-15_Acme-Labs_meeting-notes_REF-0096.eml,2026-12-15_meeting-notes_REF-0096.eml,1,0,1,104,0,Seeded modeled result; no desktop or web application executed.
true,false,fixture-0096,sim-rule-baseline,1.0.0,2,document_0096.eml,2026-12-15_Acme-Labs_meeting-notes_REF-0096.eml,2026-12-15_meeting-notes_REF-0096.eml,1,0,2,88,0,Seeded modeled result; no desktop or web application executed.
true,false,fixture-0096,sim-rule-baseline,1.0.0,3,document_0096.eml,2026-12-15_Acme-Labs_meeting-notes_REF-0096.eml,2026-12-15_Acme-Labs_meeting-notes_REF-0096.eml,1,1,3,76,0,Seeded modeled result; no desktop or web application executed.
true,false,fixture-0097,sim-reference-workflow,1.0.0,1,document_0097.srt,2026-01-16_Riverstone-Co_invoice_REF-0097.srt,2026-01-16_Riverstone-Co_invoice_REF-0097.srt,1,1,3,482,0,Seeded modeled result; no desktop or web application executed.
true,false,fixture-0097,sim-reference-workflow,1.0.0,2,document_0097.srt,2026-01-16_Riverstone-Co_invoice_REF-0097.srt,2026-01-16_Riverstone-Co_invoice_REF-0097.srt,1,1,3,613,0,Seeded modeled result; no desktop or web application executed.
true,false,fixture-0097,sim-reference-workflow,1.0.0,3,document_0097.srt,2026-01-16_Riverstone-Co_invoice_REF-0097.srt,2026-01-16_Riverstone-Co_invoice_REF-0097.srt,1,1,3,647,0,Seeded modeled result; no desktop or web application executed.
true,false,fixture-0097,sim-cloud-baseline,1.0.0,1,document_0097.srt,2026-01-16_Riverstone-Co_invoice_REF-0097.srt,2026-01-16_Riverstone-Co_invoice_REF-0097.srt,1,1,3,686,0,Seeded modeled result; no desktop or web application executed.
true,false,fixture-0097,sim-cloud-baseline,1.0.0,2,document_0097.srt,2026-01-16_Riverstone-Co_invoice_REF-0097.srt,2026-01-16_Riverstone-Co_invoice_REF-0097.srt,1,1,3,789,0,Seeded modeled result; no desktop or web application executed.
true,false,fixture-0097,sim-cloud-baseline,1.0.0,3,document_0097.srt,2026-01-16_Riverstone-Co_invoice_REF-0097.srt,2026-01-16_Riverstone-Co_invoice_REF-0097.srt,1,1,3,574,0,Seeded modeled result; no desktop or web application executed.
true,false,fixture-0097,sim-local-baseline,1.0.0,1,document_0097.srt,2026-01-16_Riverstone-Co_invoice_REF-0097.srt,2026-01-16_invoice_REF-0097.srt,1,0,3,927,0,Seeded modeled result; no desktop or web application executed.
true,false,fixture-0097,sim-local-baseline,1.0.0,2,document_0097.srt,2026-01-16_Riverstone-Co_invoice_REF-0097.srt,2026-01-16_invoice_REF-0097.srt,1,0,1,1128,0,Seeded modeled result; no desktop or web application executed.
true,false,fixture-0097,sim-local-baseline,1.0.0,3,document_0097.srt,2026-01-16_Riverstone-Co_invoice_REF-0097.srt,2026-01-16_Riverstone-Co_invoice_REF-0097.srt,1,1,3,918,0,Seeded modeled result; no desktop or web application executed.
true,false,fixture-0097,sim-rule-baseline,1.0.0,1,document_0097.srt,2026-01-16_Riverstone-Co_invoice_REF-0097.srt,2026-01-16_invoice_REF-0097.srt,1,0,0,83,0,Seeded modeled result; no desktop or web application executed.
true,false,fixture-0097,sim-rule-baseline,1.0.0,2,document_0097.srt,2026-01-16_Riverstone-Co_invoice_REF-0097.srt,2026-01-16_invoice_REF-0097.srt,1,0,1,72,0,Seeded modeled result; no desktop or web application executed.
true,false,fixture-0097,sim-rule-baseline,1.0.0,3,document_0097.srt,2026-01-16_Riverstone-Co_invoice_REF-0097.srt,2026-01-16_invoice_REF-0097.srt,1,0,1,69,0,Seeded modeled result; no desktop or web application executed.
true,false,fixture-0098,sim-reference-workflow,1.0.0,1,document_0098.vtt,2026-02-17_Bluebird-Health_meeting-notes_REF-0098.vtt,2026-02-17_Bluebird-Health_meeting-notes_REF-0098.vtt,1,1,3,404,0,Seeded modeled result; no desktop or web application executed.
true,false,fixture-0098,sim-reference-workflow,1.0.0,2,document_0098.vtt,2026-02-17_Bluebird-Health_meeting-notes_REF-0098.vtt,2026-02-17_Bluebird-Health_meeting-notes_REF-0098.vtt,1,1,3,628,0,Seeded modeled result; no desktop or web application executed.
true,false,fixture-0098,sim-reference-workflow,1.0.0,3,document_0098.vtt,2026-02-17_Bluebird-Health_meeting-notes_REF-0098.vtt,2026-02-17_Bluebird-Health_meeting-notes_REF-0098.vtt,1,1,3,523,0,Seeded modeled result; no desktop or web application executed.
true,false,fixture-0098,sim-cloud-baseline,1.0.0,1,document_0098.vtt,2026-02-17_Bluebird-Health_meeting-notes_REF-0098.vtt,2026-02-17_Bluebird-Health_meeting-notes_REF-0098.vtt,1,1,3,805,0,Seeded modeled result; no desktop or web application executed.
true,false,fixture-0098,sim-cloud-baseline,1.0.0,2,document_0098.vtt,2026-02-17_Bluebird-Health_meeting-notes_REF-0098.vtt,2026-02-17_Bluebird-Health_meeting-notes_REF-0098.vtt,1,1,3,891,0,Seeded modeled result; no desktop or web application executed.
true,false,fixture-0098,sim-cloud-baseline,1.0.0,3,document_0098.vtt,2026-02-17_Bluebird-Health_meeting-notes_REF-0098.vtt,2026-02-17_Bluebird-Health_meeting-notes_REF-0098.vtt,1,1,3,661,0,Seeded modeled result; no desktop or web application executed.
true,false,fixture-0098,sim-local-baseline,1.0.0,1,document_0098.vtt,2026-02-17_Bluebird-Health_meeting-notes_REF-0098.vtt,2026-02-17_Bluebird-Health_meeting-notes_REF-0098.vtt,1,1,3,1175,0,Seeded modeled result; no desktop or web application executed.
true,false,fixture-0098,sim-local-baseline,1.0.0,2,document_0098.vtt,2026-02-17_Bluebird-Health_meeting-notes_REF-0098.vtt,2026-02-17_meeting-notes_REF-0098.vtt,1,0,2,1118,0,Seeded modeled result; no desktop or web application executed.
true,false,fixture-0098,sim-local-baseline,1.0.0,3,document_0098.vtt,2026-02-17_Bluebird-Health_meeting-notes_REF-0098.vtt,2026-02-17_meeting-notes_REF-0098.vtt,1,0,2,1165,0,Seeded modeled result; no desktop or web application executed.
true,false,fixture-0098,sim-rule-baseline,1.0.0,1,document_0098.vtt,2026-02-17_Bluebird-Health_meeting-notes_REF-0098.vtt,2026-02-17_meeting-notes_REF-0098.vtt,1,0,0,80,0,Seeded modeled result; no desktop or web application executed.
true,false,fixture-0098,sim-rule-baseline,1.0.0,2,document_0098.vtt,2026-02-17_Bluebird-Health_meeting-notes_REF-0098.vtt,2026-02-17_meeting-notes_REF-0098.vtt,1,0,0,80,0,Seeded modeled result; no desktop or web application executed.
true,false,fixture-0098,sim-rule-baseline,1.0.0,3,document_0098.vtt,2026-02-17_Bluebird-Health_meeting-notes_REF-0098.vtt,2026-02-17_meeting-notes_REF-0098.vtt,1,0,1,90,0,Seeded modeled result; no desktop or web application executed.
true,false,fixture-0099,sim-reference-workflow,1.0.0,1,document_0099.svg,2026-03-18_Northstar-Studio_invoice_REF-0099.svg,2026-03-18_Northstar-Studio_invoice_REF-0099.svg,1,1,3,481,0,Seeded modeled result; no desktop or web application executed.
true,false,fixture-0099,sim-reference-workflow,1.0.0,2,document_0099.svg,2026-03-18_Northstar-Studio_invoice_REF-0099.svg,2026-03-18_Northstar-Studio_invoice_REF-0099.svg,1,1,3,438,0,Seeded modeled result; no desktop or web application executed.
true,false,fixture-0099,sim-reference-workflow,1.0.0,3,document_0099.svg,2026-03-18_Northstar-Studio_invoice_REF-0099.svg,2026-03-18_Northstar-Studio_invoice_REF-0099.svg,1,1,3,510,0,Seeded modeled result; no desktop or web application executed.
true,false,fixture-0099,sim-cloud-baseline,1.0.0,1,document_0099.svg,2026-03-18_Northstar-Studio_invoice_REF-0099.svg,2026-03-18_Northstar-Studio_invoice_REF-0099.svg,1,1,3,671,0,Seeded modeled result; no desktop or web application executed.
true,false,fixture-0099,sim-cloud-baseline,1.0.0,2,document_0099.svg,2026-03-18_Northstar-Studio_invoice_REF-0099.svg,2026-03-18_Northstar-Studio_invoice_REF-0099.svg,1,1,3,617,0,Seeded modeled result; no desktop or web application executed.
true,false,fixture-0099,sim-cloud-baseline,1.0.0,3,document_0099.svg,2026-03-18_Northstar-Studio_invoice_REF-0099.svg,2026-03-18_invoice_REF-0099.svg,1,0,3,594,0,Seeded modeled result; no desktop or web application executed.
true,false,fixture-0099,sim-local-baseline,1.0.0,1,document_0099.svg,2026-03-18_Northstar-Studio_invoice_REF-0099.svg,2026-03-18_Northstar-Studio_invoice_REF-0099.svg,1,1,3,816,0,Seeded modeled result; no desktop or web application executed.
true,false,fixture-0099,sim-local-baseline,1.0.0,2,document_0099.svg,2026-03-18_Northstar-Studio_invoice_REF-0099.svg,2026-03-18_Northstar-Studio_invoice_REF-0099.svg,1,1,3,862,0,Seeded modeled result; no desktop or web application executed.
true,false,fixture-0099,sim-local-baseline,1.0.0,3,document_0099.svg,2026-03-18_Northstar-Studio_invoice_REF-0099.svg,2026-03-18_Northstar-Studio_invoice_REF-0099.svg,1,1,3,746,0,Seeded modeled result; no desktop or web application executed.
true,false,fixture-0099,sim-rule-baseline,1.0.0,1,document_0099.svg,2026-03-18_Northstar-Studio_invoice_REF-0099.svg,2026-03-18_invoice_REF-0099.svg,1,0,1,103,0,Seeded modeled result; no desktop or web application executed.
true,false,fixture-0099,sim-rule-baseline,1.0.0,2,document_0099.svg,2026-03-18_Northstar-Studio_invoice_REF-0099.svg,2026-03-18_invoice_REF-0099.svg,1,0,0,87,0,Seeded modeled result; no desktop or web application executed.
true,false,fixture-0099,sim-rule-baseline,1.0.0,3,document_0099.svg,2026-03-18_Northstar-Studio_invoice_REF-0099.svg,2026-03-18_Northstar-Studio_invoice_REF-0099.svg,1,1,3,77,0,Seeded modeled result; no desktop or web application executed.
true,false,fixture-0100,sim-reference-workflow,1.0.0,1,document_0100.txt,2026-04-19_Pinecone-Works_meeting-notes_REF-0100.txt,2026-04-19_Pinecone-Works_meeting-notes_REF-0100.txt,1,1,3,641,0,Seeded modeled result; no desktop or web application executed.
true,false,fixture-0100,sim-reference-workflow,1.0.0,2,document_0100.txt,2026-04-19_Pinecone-Works_meeting-notes_REF-0100.txt,2026-04-19_Pinecone-Works_meeting-notes_REF-0100.txt,1,1,3,585,0,Seeded modeled result; no desktop or web application executed.
true,false,fixture-0100,sim-reference-workflow,1.0.0,3,document_0100.txt,2026-04-19_Pinecone-Works_meeting-notes_REF-0100.txt,2026-04-19_Pinecone-Works_meeting-notes_REF-0100.txt,1,1,3,406,0,Seeded modeled result; no desktop or web application executed.
true,false,fixture-0100,sim-cloud-baseline,1.0.0,1,document_0100.txt,2026-04-19_Pinecone-Works_meeting-notes_REF-0100.txt,2026-04-19_Pinecone-Works_meeting-notes_REF-0100.txt,1,1,3,914,0,Seeded modeled result; no desktop or web application executed.
true,false,fixture-0100,sim-cloud-baseline,1.0.0,2,document_0100.txt,2026-04-19_Pinecone-Works_meeting-notes_REF-0100.txt,2026-04-19_meeting-notes_REF-0100.txt,1,0,2,617,0,Seeded modeled result; no desktop or web application executed.
true,false,fixture-0100,sim-cloud-baseline,1.0.0,3,document_0100.txt,2026-04-19_Pinecone-Works_meeting-notes_REF-0100.txt,2026-04-19_Pinecone-Works_meeting-notes_REF-0100.txt,1,1,3,898,0,Seeded modeled result; no desktop or web application executed.
true,false,fixture-0100,sim-local-baseline,1.0.0,1,document_0100.txt,2026-04-19_Pinecone-Works_meeting-notes_REF-0100.txt,2026-04-19_meeting-notes_REF-0100.txt,1,0,3,1148,0,Seeded modeled result; no desktop or web application executed.
true,false,fixture-0100,sim-local-baseline,1.0.0,2,document_0100.txt,2026-04-19_Pinecone-Works_meeting-notes_REF-0100.txt,2026-04-19_meeting-notes_REF-0100.txt,1,0,3,1149,0,Seeded modeled result; no desktop or web application executed.
true,false,fixture-0100,sim-local-baseline,1.0.0,3,document_0100.txt,2026-04-19_Pinecone-Works_meeting-notes_REF-0100.txt,2026-04-19_Pinecone-Works_meeting-notes_REF-0100.txt,1,1,3,1130,0,Seeded modeled result; no desktop or web application executed.
true,false,fixture-0100,sim-rule-baseline,1.0.0,1,document_0100.txt,2026-04-19_Pinecone-Works_meeting-notes_REF-0100.txt,2026-04-19_meeting-notes_REF-0100.txt,1,0,3,71,0,Seeded modeled result; no desktop or web application executed.
true,false,fixture-0100,sim-rule-baseline,1.0.0,2,document_0100.txt,2026-04-19_Pinecone-Works_meeting-notes_REF-0100.txt,2026-04-19_meeting-notes_REF-0100.txt,1,0,2,73,0,Seeded modeled result; no desktop or web application executed.
true,false,fixture-0100,sim-rule-baseline,1.0.0,3,document_0100.txt,2026-04-19_Pinecone-Works_meeting-notes_REF-0100.txt,2026-04-19_meeting-notes_REF-0100.txt,1,0,1,79,0,Seeded modeled result; no desktop or web application executed.
true,false,fixture-0101,sim-reference-workflow,1.0.0,1,document_0101.md,2026-05-20_Acme-Labs_invoice_REF-0101.md,2026-05-20_Acme-Labs_invoice_REF-0101.md,1,1,3,525,0,Seeded modeled result; no desktop or web application executed.
true,false,fixture-0101,sim-reference-workflow,1.0.0,2,document_0101.md,2026-05-20_Acme-Labs_invoice_REF-0101.md,2026-05-20_Acme-Labs_invoice_REF-0101.md,1,1,3,636,0,Seeded modeled result; no desktop or web application executed.
true,false,fixture-0101,sim-reference-workflow,1.0.0,3,document_0101.md,2026-05-20_Acme-Labs_invoice_REF-0101.md,2026-05-20_Acme-Labs_invoice_REF-0101.md,1,1,3,484,0,Seeded modeled result; no desktop or web application executed.
true,false,fixture-0101,sim-cloud-baseline,1.0.0,1,document_0101.md,2026-05-20_Acme-Labs_invoice_REF-0101.md,2026-05-20_Acme-Labs_invoice_REF-0101.md,1,1,3,708,0,Seeded modeled result; no desktop or web application executed.
true,false,fixture-0101,sim-cloud-baseline,1.0.0,2,document_0101.md,2026-05-20_Acme-Labs_invoice_REF-0101.md,2026-05-20_Acme-Labs_invoice_REF-0101.md,1,1,3,575,0,Seeded modeled result; no desktop or web application executed.
true,false,fixture-0101,sim-cloud-baseline,1.0.0,3,document_0101.md,2026-05-20_Acme-Labs_invoice_REF-0101.md,2026-05-20_Acme-Labs_invoice_REF-0101.md,1,1,3,645,0,Seeded modeled result; no desktop or web application executed.
true,false,fixture-0101,sim-local-baseline,1.0.0,1,document_0101.md,2026-05-20_Acme-Labs_invoice_REF-0101.md,2026-05-20_Acme-Labs_invoice_REF-0101.md,1,1,3,1105,0,Seeded modeled result; no desktop or web application executed.
true,false,fixture-0101,sim-local-baseline,1.0.0,2,document_0101.md,2026-05-20_Acme-Labs_invoice_REF-0101.md,2026-05-20_Acme-Labs_invoice_REF-0101.md,1,1,3,842,0,Seeded modeled result; no desktop or web application executed.
true,false,fixture-0101,sim-local-baseline,1.0.0,3,document_0101.md,2026-05-20_Acme-Labs_invoice_REF-0101.md,2026-05-20_Acme-Labs_invoice_REF-0101.md,1,1,3,1131,0,Seeded modeled result; no desktop or web application executed.
true,false,fixture-0101,sim-rule-baseline,1.0.0,1,document_0101.md,2026-05-20_Acme-Labs_invoice_REF-0101.md,2026-05-20_invoice_REF-0101.md,1,0,1,71,0,Seeded modeled result; no desktop or web application executed.
true,false,fixture-0101,sim-rule-baseline,1.0.0,2,document_0101.md,2026-05-20_Acme-Labs_invoice_REF-0101.md,2026-05-20_invoice_REF-0101.md,1,0,0,111,0,Seeded modeled result; no desktop or web application executed.
true,false,fixture-0101,sim-rule-baseline,1.0.0,3,document_0101.md,2026-05-20_Acme-Labs_invoice_REF-0101.md,2026-05-20_invoice_REF-0101.md,1,0,2,69,0,Seeded modeled result; no desktop or web application executed.
true,false,fixture-0102,sim-reference-workflow,1.0.0,1,document_0102.csv,2026-06-21_Riverstone-Co_meeting-notes_REF-0102.csv,2026-06-21_meeting-notes_REF-0102.csv,1,0,3,614,0,Seeded modeled result; no desktop or web application executed.
true,false,fixture-0102,sim-reference-workflow,1.0.0,2,document_0102.csv,2026-06-21_Riverstone-Co_meeting-notes_REF-0102.csv,2026-06-21_Riverstone-Co_meeting-notes_REF-0102.csv,1,1,3,467,0,Seeded modeled result; no desktop or web application executed.
true,false,fixture-0102,sim-reference-workflow,1.0.0,3,document_0102.csv,2026-06-21_Riverstone-Co_meeting-notes_REF-0102.csv,2026-06-21_Riverstone-Co_meeting-notes_REF-0102.csv,1,1,3,543,0,Seeded modeled result; no desktop or web application executed.
true,false,fixture-0102,sim-cloud-baseline,1.0.0,1,document_0102.csv,2026-06-21_Riverstone-Co_meeting-notes_REF-0102.csv,2026-06-21_Riverstone-Co_meeting-notes_REF-0102.csv,1,1,3,685,0,Seeded modeled result; no desktop or web application executed.
true,false,fixture-0102,sim-cloud-baseline,1.0.0,2,document_0102.csv,2026-06-21_Riverstone-Co_meeting-notes_REF-0102.csv,2026-06-21_Riverstone-Co_meeting-notes_REF-0102.csv,1,1,3,854,0,Seeded modeled result; no desktop or web application executed.
true,false,fixture-0102,sim-cloud-baseline,1.0.0,3,document_0102.csv,2026-06-21_Riverstone-Co_meeting-notes_REF-0102.csv,2026-06-21_meeting-notes_REF-0102.csv,1,0,3,855,0,Seeded modeled result; no desktop or web application executed.
true,false,fixture-0102,sim-local-baseline,1.0.0,1,document_0102.csv,2026-06-21_Riverstone-Co_meeting-notes_REF-0102.csv,2026-06-21_Riverstone-Co_meeting-notes_REF-0102.csv,1,1,3,1056,0,Seeded modeled result; no desktop or web application executed.
true,false,fixture-0102,sim-local-baseline,1.0.0,2,document_0102.csv,2026-06-21_Riverstone-Co_meeting-notes_REF-0102.csv,2026-06-21_meeting-notes_REF-0102.csv,1,0,1,897,0,Seeded modeled result; no desktop or web application executed.
true,false,fixture-0102,sim-local-baseline,1.0.0,3,document_0102.csv,2026-06-21_Riverstone-Co_meeting-notes_REF-0102.csv,2026-06-21_Riverstone-Co_meeting-notes_REF-0102.csv,1,1,3,766,0,Seeded modeled result; no desktop or web application executed.
true,false,fixture-0102,sim-rule-baseline,1.0.0,1,document_0102.csv,2026-06-21_Riverstone-Co_meeting-notes_REF-0102.csv,2026-06-21_meeting-notes_REF-0102.csv,1,0,2,111,0,Seeded modeled result; no desktop or web application executed.
true,false,fixture-0102,sim-rule-baseline,1.0.0,2,document_0102.csv,2026-06-21_Riverstone-Co_meeting-notes_REF-0102.csv,2026-06-21_Riverstone-Co_meeting-notes_REF-0102.csv,1,1,3,69,0,Seeded modeled result; no desktop or web application executed.
true,false,fixture-0102,sim-rule-baseline,1.0.0,3,document_0102.csv,2026-06-21_Riverstone-Co_meeting-notes_REF-0102.csv,2026-06-21_meeting-notes_REF-0102.csv,1,0,3,88,0,Seeded modeled result; no desktop or web application executed.
true,false,fixture-0103,sim-reference-workflow,1.0.0,1,document_0103.json,2026-07-22_Bluebird-Health_invoice_REF-0103.json,2026-07-22_Bluebird-Health_invoice_REF-0103.json,1,1,3,423,0,Seeded modeled result; no desktop or web application executed.
true,false,fixture-0103,sim-reference-workflow,1.0.0,2,document_0103.json,2026-07-22_Bluebird-Health_invoice_REF-0103.json,2026-07-22_Bluebird-Health_invoice_REF-0103.json,1,1,3,555,0,Seeded modeled result; no desktop or web application executed.
true,false,fixture-0103,sim-reference-workflow,1.0.0,3,document_0103.json,2026-07-22_Bluebird-Health_invoice_REF-0103.json,2026-07-22_invoice_REF-0103.json,1,0,3,464,0,Seeded modeled result; no desktop or web application executed.
true,false,fixture-0103,sim-cloud-baseline,1.0.0,1,document_0103.json,2026-07-22_Bluebird-Health_invoice_REF-0103.json,2026-07-22_Bluebird-Health_invoice_REF-0103.json,1,1,3,655,0,Seeded modeled result; no desktop or web application executed.
true,false,fixture-0103,sim-cloud-baseline,1.0.0,2,document_0103.json,2026-07-22_Bluebird-Health_invoice_REF-0103.json,2026-07-22_invoice_REF-0103.json,1,0,3,764,0,Seeded modeled result; no desktop or web application executed.
true,false,fixture-0103,sim-cloud-baseline,1.0.0,3,document_0103.json,2026-07-22_Bluebird-Health_invoice_REF-0103.json,2026-07-22_invoice_REF-0103.json,1,0,0,719,0,Seeded modeled result; no desktop or web application executed.
true,false,fixture-0103,sim-local-baseline,1.0.0,1,document_0103.json,2026-07-22_Bluebird-Health_invoice_REF-0103.json,2026-07-22_Bluebird-Health_invoice_REF-0103.json,1,1,3,854,0,Seeded modeled result; no desktop or web application executed.
true,false,fixture-0103,sim-local-baseline,1.0.0,2,document_0103.json,2026-07-22_Bluebird-Health_invoice_REF-0103.json,2026-07-22_Bluebird-Health_invoice_REF-0103.json,1,1,3,912,0,Seeded modeled result; no desktop or web application executed.
true,false,fixture-0103,sim-local-baseline,1.0.0,3,document_0103.json,2026-07-22_Bluebird-Health_invoice_REF-0103.json,2026-07-22_Bluebird-Health_invoice_REF-0103.json,1,1,3,914,0,Seeded modeled result; no desktop or web application executed.
true,false,fixture-0103,sim-rule-baseline,1.0.0,1,document_0103.json,2026-07-22_Bluebird-Health_invoice_REF-0103.json,2026-07-22_Bluebird-Health_invoice_REF-0103.json,1,1,3,112,0,Seeded modeled result; no desktop or web application executed.
true,false,fixture-0103,sim-rule-baseline,1.0.0,2,document_0103.json,2026-07-22_Bluebird-Health_invoice_REF-0103.json,2026-07-22_invoice_REF-0103.json,1,0,2,78,0,Seeded modeled result; no desktop or web application executed.
true,false,fixture-0103,sim-rule-baseline,1.0.0,3,document_0103.json,2026-07-22_Bluebird-Health_invoice_REF-0103.json,2026-07-22_Bluebird-Health_invoice_REF-0103.json,1,1,3,100,0,Seeded modeled result; no desktop or web application executed.
true,false,fixture-0104,sim-reference-workflow,1.0.0,1,document_0104.xml,2026-08-23_Northstar-Studio_meeting-notes_REF-0104.xml,2026-08-23_Northstar-Studio_meeting-notes_REF-0104.xml,1,1,3,482,0,Seeded modeled result; no desktop or web application executed.
true,false,fixture-0104,sim-reference-workflow,1.0.0,2,document_0104.xml,2026-08-23_Northstar-Studio_meeting-notes_REF-0104.xml,2026-08-23_Northstar-Studio_meeting-notes_REF-0104.xml,1,1,3,621,0,Seeded modeled result; no desktop or web application executed.
true,false,fixture-0104,sim-reference-workflow,1.0.0,3,document_0104.xml,2026-08-23_Northstar-Studio_meeting-notes_REF-0104.xml,2026-08-23_Northstar-Studio_meeting-notes_REF-0104.xml,1,1,3,539,0,Seeded modeled result; no desktop or web application executed.
true,false,fixture-0104,sim-cloud-baseline,1.0.0,1,document_0104.xml,2026-08-23_Northstar-Studio_meeting-notes_REF-0104.xml,2026-08-23_Northstar-Studio_meeting-notes_REF-0104.xml,0,1,3,635,1,Seeded modeled result; no desktop or web application executed.
true,false,fixture-0104,sim-cloud-baseline,1.0.0,2,document_0104.xml,2026-08-23_Northstar-Studio_meeting-notes_REF-0104.xml,2026-08-23_Northstar-Studio_meeting-notes_REF-0104.xml,1,1,3,713,0,Seeded modeled result; no desktop or web application executed.
true,false,fixture-0104,sim-cloud-baseline,1.0.0,3,document_0104.xml,2026-08-23_Northstar-Studio_meeting-notes_REF-0104.xml,2026-08-23_Northstar-Studio_meeting-notes_REF-0104.xml,1,1,3,801,0,Seeded modeled result; no desktop or web application executed.
true,false,fixture-0104,sim-local-baseline,1.0.0,1,document_0104.xml,2026-08-23_Northstar-Studio_meeting-notes_REF-0104.xml,2026-08-23_Northstar-Studio_meeting-notes_REF-0104.xml,1,1,3,862,0,Seeded modeled result; no desktop or web application executed.
true,false,fixture-0104,sim-local-baseline,1.0.0,2,document_0104.xml,2026-08-23_Northstar-Studio_meeting-notes_REF-0104.xml,2026-08-23_Northstar-Studio_meeting-notes_REF-0104.xml,1,1,3,823,0,Seeded modeled result; no desktop or web application executed.
true,false,fixture-0104,sim-local-baseline,1.0.0,3,document_0104.xml,2026-08-23_Northstar-Studio_meeting-notes_REF-0104.xml,2026-08-23_Northstar-Studio_meeting-notes_REF-0104.xml,1,1,3,828,0,Seeded modeled result; no desktop or web application executed.
true,false,fixture-0104,sim-rule-baseline,1.0.0,1,document_0104.xml,2026-08-23_Northstar-Studio_meeting-notes_REF-0104.xml,2026-08-23_meeting-notes_REF-0104.xml,1,0,2,87,0,Seeded modeled result; no desktop or web application executed.
true,false,fixture-0104,sim-rule-baseline,1.0.0,2,document_0104.xml,2026-08-23_Northstar-Studio_meeting-notes_REF-0104.xml,2026-08-23_meeting-notes_REF-0104.xml,1,0,1,80,0,Seeded modeled result; no desktop or web application executed.
true,false,fixture-0104,sim-rule-baseline,1.0.0,3,document_0104.xml,2026-08-23_Northstar-Studio_meeting-notes_REF-0104.xml,2026-08-23_meeting-notes_REF-0104.xml,1,0,0,77,0,Seeded modeled result; no desktop or web application executed.
true,false,fixture-0105,sim-reference-workflow,1.0.0,1,document_0105.yaml,2026-09-24_Pinecone-Works_invoice_REF-0105.yaml,2026-09-24_Pinecone-Works_invoice_REF-0105.yaml,1,1,3,404,0,Seeded modeled result; no desktop or web application executed.
true,false,fixture-0105,sim-reference-workflow,1.0.0,2,document_0105.yaml,2026-09-24_Pinecone-Works_invoice_REF-0105.yaml,2026-09-24_invoice_REF-0105.yaml,1,0,3,512,0,Seeded modeled result; no desktop or web application executed.
true,false,fixture-0105,sim-reference-workflow,1.0.0,3,document_0105.yaml,2026-09-24_Pinecone-Works_invoice_REF-0105.yaml,2026-09-24_invoice_REF-0105.yaml,1,0,3,392,0,Seeded modeled result; no desktop or web application executed.
true,false,fixture-0105,sim-cloud-baseline,1.0.0,1,document_0105.yaml,2026-09-24_Pinecone-Works_invoice_REF-0105.yaml,2026-09-24_invoice_REF-0105.yaml,1,0,3,785,0,Seeded modeled result; no desktop or web application executed.
true,false,fixture-0105,sim-cloud-baseline,1.0.0,2,document_0105.yaml,2026-09-24_Pinecone-Works_invoice_REF-0105.yaml,2026-09-24_Pinecone-Works_invoice_REF-0105.yaml,1,1,3,675,0,Seeded modeled result; no desktop or web application executed.
true,false,fixture-0105,sim-cloud-baseline,1.0.0,3,document_0105.yaml,2026-09-24_Pinecone-Works_invoice_REF-0105.yaml,2026-09-24_Pinecone-Works_invoice_REF-0105.yaml,1,1,3,685,0,Seeded modeled result; no desktop or web application executed.
true,false,fixture-0105,sim-local-baseline,1.0.0,1,document_0105.yaml,2026-09-24_Pinecone-Works_invoice_REF-0105.yaml,2026-09-24_Pinecone-Works_invoice_REF-0105.yaml,1,1,3,849,0,Seeded modeled result; no desktop or web application executed.
true,false,fixture-0105,sim-local-baseline,1.0.0,2,document_0105.yaml,2026-09-24_Pinecone-Works_invoice_REF-0105.yaml,2026-09-24_Pinecone-Works_invoice_REF-0105.yaml,1,1,3,935,0,Seeded modeled result; no desktop or web application executed.
true,false,fixture-0105,sim-local-baseline,1.0.0,3,document_0105.yaml,2026-09-24_Pinecone-Works_invoice_REF-0105.yaml,2026-09-24_Pinecone-Works_invoice_REF-0105.yaml,1,1,3,843,0,Seeded modeled result; no desktop or web application executed.
true,false,fixture-0105,sim-rule-baseline,1.0.0,1,document_0105.yaml,2026-09-24_Pinecone-Works_invoice_REF-0105.yaml,2026-09-24_invoice_REF-0105.yaml,1,0,3,100,0,Seeded modeled result; no desktop or web application executed.
true,false,fixture-0105,sim-rule-baseline,1.0.0,2,document_0105.yaml,2026-09-24_Pinecone-Works_invoice_REF-0105.yaml,2026-09-24_Pinecone-Works_invoice_REF-0105.yaml,1,1,3,75,0,Seeded modeled result; no desktop or web application executed.
true,false,fixture-0105,sim-rule-baseline,1.0.0,3,document_0105.yaml,2026-09-24_Pinecone-Works_invoice_REF-0105.yaml,2026-09-24_Pinecone-Works_invoice_REF-0105.yaml,1,1,3,103,0,Seeded modeled result; no desktop or web application executed.
true,false,fixture-0106,sim-reference-workflow,1.0.0,1,document_0106.html,2026-10-25_Acme-Labs_meeting-notes_REF-0106.html,2026-10-25_Acme-Labs_meeting-notes_REF-0106.html,1,1,3,391,0,Seeded modeled result; no desktop or web application executed.
true,false,fixture-0106,sim-reference-workflow,1.0.0,2,document_0106.html,2026-10-25_Acme-Labs_meeting-notes_REF-0106.html,2026-10-25_Acme-Labs_meeting-notes_REF-0106.html,1,1,3,477,0,Seeded modeled result; no desktop or web application executed.
true,false,fixture-0106,sim-reference-workflow,1.0.0,3,document_0106.html,2026-10-25_Acme-Labs_meeting-notes_REF-0106.html,2026-10-25_Acme-Labs_meeting-notes_REF-0106.html,1,1,3,582,0,Seeded modeled result; no desktop or web application executed.
true,false,fixture-0106,sim-cloud-baseline,1.0.0,1,document_0106.html,2026-10-25_Acme-Labs_meeting-notes_REF-0106.html,2026-10-25_Acme-Labs_meeting-notes_REF-0106.html,1,1,3,668,0,Seeded modeled result; no desktop or web application executed.
true,false,fixture-0106,sim-cloud-baseline,1.0.0,2,document_0106.html,2026-10-25_Acme-Labs_meeting-notes_REF-0106.html,2026-10-25_Acme-Labs_meeting-notes_REF-0106.html,1,1,3,652,0,Seeded modeled result; no desktop or web application executed.
true,false,fixture-0106,sim-cloud-baseline,1.0.0,3,document_0106.html,2026-10-25_Acme-Labs_meeting-notes_REF-0106.html,2026-10-25_meeting-notes_REF-0106.html,1,0,1,653,0,Seeded modeled result; no desktop or web application executed.
true,false,fixture-0106,sim-local-baseline,1.0.0,1,document_0106.html,2026-10-25_Acme-Labs_meeting-notes_REF-0106.html,2026-10-25_Acme-Labs_meeting-notes_REF-0106.html,1,1,3,746,0,Seeded modeled result; no desktop or web application executed.
true,false,fixture-0106,sim-local-baseline,1.0.0,2,document_0106.html,2026-10-25_Acme-Labs_meeting-notes_REF-0106.html,2026-10-25_meeting-notes_REF-0106.html,1,0,3,1211,0,Seeded modeled result; no desktop or web application executed.
true,false,fixture-0106,sim-local-baseline,1.0.0,3,document_0106.html,2026-10-25_Acme-Labs_meeting-notes_REF-0106.html,2026-10-25/meeting-notes:REF-0106.html,0,0,2,931,0,Seeded modeled result; no desktop or web application executed.
true,false,fixture-0106,sim-rule-baseline,1.0.0,1,document_0106.html,2026-10-25_Acme-Labs_meeting-notes_REF-0106.html,2026-10-25_Acme-Labs_meeting-notes_REF-0106.html,1,1,3,74,0,Seeded modeled result; no desktop or web application executed.
true,false,fixture-0106,sim-rule-baseline,1.0.0,2,document_0106.html,2026-10-25_Acme-Labs_meeting-notes_REF-0106.html,2026-10-25_meeting-notes_REF-0106.html,1,0,0,100,0,Seeded modeled result; no desktop or web application executed.
true,false,fixture-0106,sim-rule-baseline,1.0.0,3,document_0106.html,2026-10-25_Acme-Labs_meeting-notes_REF-0106.html,2026-10-25_meeting-notes_REF-0106.html,1,0,2,69,0,Seeded modeled result; no desktop or web application executed.
true,false,fixture-0107,sim-reference-workflow,1.0.0,1,document_0107.eml,2026-11-26_Riverstone-Co_invoice_REF-0107.eml,2026-11-26_Riverstone-Co_invoice_REF-0107.eml,1,1,3,438,0,Seeded modeled result; no desktop or web application executed.
true,false,fixture-0107,sim-reference-workflow,1.0.0,2,document_0107.eml,2026-11-26_Riverstone-Co_invoice_REF-0107.eml,2026-11-26_Riverstone-Co_invoice_REF-0107.eml,1,1,3,505,0,Seeded modeled result; no desktop or web application executed.
true,false,fixture-0107,sim-reference-workflow,1.0.0,3,document_0107.eml,2026-11-26_Riverstone-Co_invoice_REF-0107.eml,2026-11-26_Riverstone-Co_invoice_REF-0107.eml,1,1,3,490,0,Seeded modeled result; no desktop or web application executed.
true,false,fixture-0107,sim-cloud-baseline,1.0.0,1,document_0107.eml,2026-11-26_Riverstone-Co_invoice_REF-0107.eml,2026-11-26_Riverstone-Co_invoice_REF-0107.eml,1,1,3,575,0,Seeded modeled result; no desktop or web application executed.
true,false,fixture-0107,sim-cloud-baseline,1.0.0,2,document_0107.eml,2026-11-26_Riverstone-Co_invoice_REF-0107.eml,2026-11-26_Riverstone-Co_invoice_REF-0107.eml,1,1,3,628,0,Seeded modeled result; no desktop or web application executed.
true,false,fixture-0107,sim-cloud-baseline,1.0.0,3,document_0107.eml,2026-11-26_Riverstone-Co_invoice_REF-0107.eml,2026-11-26_Riverstone-Co_invoice_REF-0107.eml,1,1,3,645,0,Seeded modeled result; no desktop or web application executed.
true,false,fixture-0107,sim-local-baseline,1.0.0,1,document_0107.eml,2026-11-26_Riverstone-Co_invoice_REF-0107.eml,2026-11-26_Riverstone-Co_invoice_REF-0107.eml,1,1,3,941,0,Seeded modeled result; no desktop or web application executed.
true,false,fixture-0107,sim-local-baseline,1.0.0,2,document_0107.eml,2026-11-26_Riverstone-Co_invoice_REF-0107.eml,2026-11-26_Riverstone-Co_invoice_REF-0107.eml,1,1,3,991,0,Seeded modeled result; no desktop or web application executed.
true,false,fixture-0107,sim-local-baseline,1.0.0,3,document_0107.eml,2026-11-26_Riverstone-Co_invoice_REF-0107.eml,2026-11-26_Riverstone-Co_invoice_REF-0107.eml,1,1,3,740,0,Seeded modeled result; no desktop or web application executed.
true,false,fixture-0107,sim-rule-baseline,1.0.0,1,document_0107.eml,2026-11-26_Riverstone-Co_invoice_REF-0107.eml,2026-11-26_Riverstone-Co_invoice_REF-0107.eml,1,1,3,109,0,Seeded modeled result; no desktop or web application executed.
true,false,fixture-0107,sim-rule-baseline,1.0.0,2,document_0107.eml,2026-11-26_Riverstone-Co_invoice_REF-0107.eml,2026-11-26_Riverstone-Co_invoice_REF-0107.eml,1,1,3,92,0,Seeded modeled result; no desktop or web application executed.
true,false,fixture-0107,sim-rule-baseline,1.0.0,3,document_0107.eml,2026-11-26_Riverstone-Co_invoice_REF-0107.eml,2026-11-26_invoice_REF-0107.eml,1,0,1,83,0,Seeded modeled result; no desktop or web application executed.
true,false,fixture-0108,sim-reference-workflow,1.0.0,1,document_0108.srt,2026-12-27_Bluebird-Health_meeting-notes_REF-0108.srt,2026-12-27_Bluebird-Health_meeting-notes_REF-0108.srt,1,1,3,483,0,Seeded modeled result; no desktop or web application executed.
true,false,fixture-0108,sim-reference-workflow,1.0.0,2,document_0108.srt,2026-12-27_Bluebird-Health_meeting-notes_REF-0108.srt,2026-12-27_Bluebird-Health_meeting-notes_REF-0108.srt,1,1,3,588,0,Seeded modeled result; no desktop or web application executed.
true,false,fixture-0108,sim-reference-workflow,1.0.0,3,document_0108.srt,2026-12-27_Bluebird-Health_meeting-notes_REF-0108.srt,2026-12-27_Bluebird-Health_meeting-notes_REF-0108.srt,1,1,3,626,0,Seeded modeled result; no desktop or web application executed.
true,false,fixture-0108,sim-cloud-baseline,1.0.0,1,document_0108.srt,2026-12-27_Bluebird-Health_meeting-notes_REF-0108.srt,2026-12-27_meeting-notes_REF-0108.srt,1,0,2,638,0,Seeded modeled result; no desktop or web application executed.
true,false,fixture-0108,sim-cloud-baseline,1.0.0,2,document_0108.srt,2026-12-27_Bluebird-Health_meeting-notes_REF-0108.srt,2026-12-27_Bluebird-Health_meeting-notes_REF-0108.srt,1,1,3,915,0,Seeded modeled result; no desktop or web application executed.
true,false,fixture-0108,sim-cloud-baseline,1.0.0,3,document_0108.srt,2026-12-27_Bluebird-Health_meeting-notes_REF-0108.srt,2026-12-27_Bluebird-Health_meeting-notes_REF-0108.srt,1,1,3,763,0,Seeded modeled result; no desktop or web application executed.
true,false,fixture-0108,sim-local-baseline,1.0.0,1,document_0108.srt,2026-12-27_Bluebird-Health_meeting-notes_REF-0108.srt,2026-12-27_Bluebird-Health_meeting-notes_REF-0108.srt,1,1,3,947,0,Seeded modeled result; no desktop or web application executed.
true,false,fixture-0108,sim-local-baseline,1.0.0,2,document_0108.srt,2026-12-27_Bluebird-Health_meeting-notes_REF-0108.srt,2026-12-27_Bluebird-Health_meeting-notes_REF-0108.srt,1,1,3,927,0,Seeded modeled result; no desktop or web application executed.
true,false,fixture-0108,sim-local-baseline,1.0.0,3,document_0108.srt,2026-12-27_Bluebird-Health_meeting-notes_REF-0108.srt,2026-12-27/meeting-notes:REF-0108.srt,0,0,3,1033,0,Seeded modeled result; no desktop or web application executed.
true,false,fixture-0108,sim-rule-baseline,1.0.0,1,document_0108.srt,2026-12-27_Bluebird-Health_meeting-notes_REF-0108.srt,2026-12-27_meeting-notes_REF-0108.srt,1,0,1,104,0,Seeded modeled result; no desktop or web application executed.
true,false,fixture-0108,sim-rule-baseline,1.0.0,2,document_0108.srt,2026-12-27_Bluebird-Health_meeting-notes_REF-0108.srt,2026-12-27_Bluebird-Health_meeting-notes_REF-0108.srt,1,1,3,101,0,Seeded modeled result; no desktop or web application executed.
true,false,fixture-0108,sim-rule-baseline,1.0.0,3,document_0108.srt,2026-12-27_Bluebird-Health_meeting-notes_REF-0108.srt,2026-12-27_meeting-notes_REF-0108.srt,1,0,2,72,0,Seeded modeled result; no desktop or web application executed.
true,false,fixture-0109,sim-reference-workflow,1.0.0,1,document_0109.vtt,2026-01-01_Northstar-Studio_invoice_REF-0109.vtt,2026-01-01_Northstar-Studio_invoice_REF-0109.vtt,1,1,3,649,0,Seeded modeled result; no desktop or web application executed.
true,false,fixture-0109,sim-reference-workflow,1.0.0,2,document_0109.vtt,2026-01-01_Northstar-Studio_invoice_REF-0109.vtt,2026-01-01_Northstar-Studio_invoice_REF-0109.vtt,1,1,3,435,0,Seeded modeled result; no desktop or web application executed.
true,false,fixture-0109,sim-reference-workflow,1.0.0,3,document_0109.vtt,2026-01-01_Northstar-Studio_invoice_REF-0109.vtt,2026-01-01_Northstar-Studio_invoice_REF-0109.vtt,1,1,3,425,0,Seeded modeled result; no desktop or web application executed.
true,false,fixture-0109,sim-cloud-baseline,1.0.0,1,document_0109.vtt,2026-01-01_Northstar-Studio_invoice_REF-0109.vtt,2026-01-01_Northstar-Studio_invoice_REF-0109.vtt,1,1,3,674,0,Seeded modeled result; no desktop or web application executed.
true,false,fixture-0109,sim-cloud-baseline,1.0.0,2,document_0109.vtt,2026-01-01_Northstar-Studio_invoice_REF-0109.vtt,2026-01-01_invoice_REF-0109.vtt,1,0,3,634,0,Seeded modeled result; no desktop or web application executed.
true,false,fixture-0109,sim-cloud-baseline,1.0.0,3,document_0109.vtt,2026-01-01_Northstar-Studio_invoice_REF-0109.vtt,2026-01-01_invoice_REF-0109.vtt,1,0,2,669,0,Seeded modeled result; no desktop or web application executed.
true,false,fixture-0109,sim-local-baseline,1.0.0,1,document_0109.vtt,2026-01-01_Northstar-Studio_invoice_REF-0109.vtt,2026-01-01_Northstar-Studio_invoice_REF-0109.vtt,0,1,3,747,1,Seeded modeled result; no desktop or web application executed.
true,false,fixture-0109,sim-local-baseline,1.0.0,2,document_0109.vtt,2026-01-01_Northstar-Studio_invoice_REF-0109.vtt,2026-01-01_Northstar-Studio_invoice_REF-0109.vtt,1,1,3,1037,0,Seeded modeled result; no desktop or web application executed.
true,false,fixture-0109,sim-local-baseline,1.0.0,3,document_0109.vtt,2026-01-01_Northstar-Studio_invoice_REF-0109.vtt,2026-01-01_Northstar-Studio_invoice_REF-0109.vtt,1,1,3,923,0,Seeded modeled result; no desktop or web application executed.
true,false,fixture-0109,sim-rule-baseline,1.0.0,1,document_0109.vtt,2026-01-01_Northstar-Studio_invoice_REF-0109.vtt,2026-01-01_invoice_REF-0109.vtt,1,0,3,85,0,Seeded modeled result; no desktop or web application executed.
true,false,fixture-0109,sim-rule-baseline,1.0.0,2,document_0109.vtt,2026-01-01_Northstar-Studio_invoice_REF-0109.vtt,2026-01-01_Northstar-Studio_invoice_REF-0109.vtt,1,1,3,111,0,Seeded modeled result; no desktop or web application executed.
true,false,fixture-0109,sim-rule-baseline,1.0.0,3,document_0109.vtt,2026-01-01_Northstar-Studio_invoice_REF-0109.vtt,2026-01-01_invoice_REF-0109.vtt,1,0,0,112,0,Seeded modeled result; no desktop or web application executed.
true,false,fixture-0110,sim-reference-workflow,1.0.0,1,document_0110.svg,2026-02-02_Pinecone-Works_meeting-notes_REF-0110.svg,2026-02-02_Pinecone-Works_meeting-notes_REF-0110.svg,1,1,3,395,0,Seeded modeled result; no desktop or web application executed.
true,false,fixture-0110,sim-reference-workflow,1.0.0,2,document_0110.svg,2026-02-02_Pinecone-Works_meeting-notes_REF-0110.svg,2026-02-02_Pinecone-Works_meeting-notes_REF-0110.svg,1,1,3,439,0,Seeded modeled result; no desktop or web application executed.
true,false,fixture-0110,sim-reference-workflow,1.0.0,3,document_0110.svg,2026-02-02_Pinecone-Works_meeting-notes_REF-0110.svg,2026-02-02_meeting-notes_REF-0110.svg,1,0,0,613,0,Seeded modeled result; no desktop or web application executed.
true,false,fixture-0110,sim-cloud-baseline,1.0.0,1,document_0110.svg,2026-02-02_Pinecone-Works_meeting-notes_REF-0110.svg,2026-02-02_meeting-notes_REF-0110.svg,1,0,3,687,0,Seeded modeled result; no desktop or web application executed.
true,false,fixture-0110,sim-cloud-baseline,1.0.0,2,document_0110.svg,2026-02-02_Pinecone-Works_meeting-notes_REF-0110.svg,2026-02-02_Pinecone-Works_meeting-notes_REF-0110.svg,1,1,3,767,0,Seeded modeled result; no desktop or web application executed.
true,false,fixture-0110,sim-cloud-baseline,1.0.0,3,document_0110.svg,2026-02-02_Pinecone-Works_meeting-notes_REF-0110.svg,2026-02-02_meeting-notes_REF-0110.svg,1,0,3,737,0,Seeded modeled result; no desktop or web application executed.
true,false,fixture-0110,sim-local-baseline,1.0.0,1,document_0110.svg,2026-02-02_Pinecone-Works_meeting-notes_REF-0110.svg,2026-02-02_meeting-notes_REF-0110.svg,1,0,2,1004,0,Seeded modeled result; no desktop or web application executed.
true,false,fixture-0110,sim-local-baseline,1.0.0,2,document_0110.svg,2026-02-02_Pinecone-Works_meeting-notes_REF-0110.svg,2026-02-02_Pinecone-Works_meeting-notes_REF-0110.svg,1,1,3,1074,0,Seeded modeled result; no desktop or web application executed.
true,false,fixture-0110,sim-local-baseline,1.0.0,3,document_0110.svg,2026-02-02_Pinecone-Works_meeting-notes_REF-0110.svg,2026-02-02_Pinecone-Works_meeting-notes_REF-0110.svg,1,1,3,1051,0,Seeded modeled result; no desktop or web application executed.
true,false,fixture-0110,sim-rule-baseline,1.0.0,1,document_0110.svg,2026-02-02_Pinecone-Works_meeting-notes_REF-0110.svg,2026-02-02_meeting-notes_REF-0110.svg,1,0,0,91,0,Seeded modeled result; no desktop or web application executed.
true,false,fixture-0110,sim-rule-baseline,1.0.0,2,document_0110.svg,2026-02-02_Pinecone-Works_meeting-notes_REF-0110.svg,2026-02-02_meeting-notes_REF-0110.svg,1,0,0,86,0,Seeded modeled result; no desktop or web application executed.
true,false,fixture-0110,sim-rule-baseline,1.0.0,3,document_0110.svg,2026-02-02_Pinecone-Works_meeting-notes_REF-0110.svg,2026-02-02_meeting-notes_REF-0110.svg,1,0,1,78,0,Seeded modeled result; no desktop or web application executed.
true,false,fixture-0111,sim-reference-workflow,1.0.0,1,document_0111.txt,2026-03-03_Acme-Labs_invoice_REF-0111.txt,2026-03-03_Acme-Labs_invoice_REF-0111.txt,1,1,3,488,0,Seeded modeled result; no desktop or web application executed.
true,false,fixture-0111,sim-reference-workflow,1.0.0,2,document_0111.txt,2026-03-03_Acme-Labs_invoice_REF-0111.txt,2026-03-03_Acme-Labs_invoice_REF-0111.txt,1,1,3,542,0,Seeded modeled result; no desktop or web application executed.
true,false,fixture-0111,sim-reference-workflow,1.0.0,3,document_0111.txt,2026-03-03_Acme-Labs_invoice_REF-0111.txt,2026-03-03_Acme-Labs_invoice_REF-0111.txt,1,1,3,612,0,Seeded modeled result; no desktop or web application executed.
true,false,fixture-0111,sim-cloud-baseline,1.0.0,1,document_0111.txt,2026-03-03_Acme-Labs_invoice_REF-0111.txt,2026-03-03_Acme-Labs_invoice_REF-0111.txt,1,1,3,696,0,Seeded modeled result; no desktop or web application executed.
true,false,fixture-0111,sim-cloud-baseline,1.0.0,2,document_0111.txt,2026-03-03_Acme-Labs_invoice_REF-0111.txt,2026-03-03_invoice_REF-0111.txt,1,0,3,573,0,Seeded modeled result; no desktop or web application executed.
true,false,fixture-0111,sim-cloud-baseline,1.0.0,3,document_0111.txt,2026-03-03_Acme-Labs_invoice_REF-0111.txt,2026-03-03_Acme-Labs_invoice_REF-0111.txt,1,1,3,562,0,Seeded modeled result; no desktop or web application executed.
true,false,fixture-0111,sim-local-baseline,1.0.0,1,document_0111.txt,2026-03-03_Acme-Labs_invoice_REF-0111.txt,2026-03-03_invoice_REF-0111.txt,1,0,2,855,0,Seeded modeled result; no desktop or web application executed.
true,false,fixture-0111,sim-local-baseline,1.0.0,2,document_0111.txt,2026-03-03_Acme-Labs_invoice_REF-0111.txt,2026-03-03_Acme-Labs_invoice_REF-0111.txt,1,1,3,1054,0,Seeded modeled result; no desktop or web application executed.
true,false,fixture-0111,sim-local-baseline,1.0.0,3,document_0111.txt,2026-03-03_Acme-Labs_invoice_REF-0111.txt,2026-03-03_Acme-Labs_invoice_REF-0111.txt,1,1,3,855,0,Seeded modeled result; no desktop or web application executed.
true,false,fixture-0111,sim-rule-baseline,1.0.0,1,document_0111.txt,2026-03-03_Acme-Labs_invoice_REF-0111.txt,2026-03-03_invoice_REF-0111.txt,1,0,0,98,0,Seeded modeled result; no desktop or web application executed.
true,false,fixture-0111,sim-rule-baseline,1.0.0,2,document_0111.txt,2026-03-03_Acme-Labs_invoice_REF-0111.txt,2026-03-03_invoice_REF-0111.txt,1,0,2,93,0,Seeded modeled result; no desktop or web application executed.
true,false,fixture-0111,sim-rule-baseline,1.0.0,3,document_0111.txt,2026-03-03_Acme-Labs_invoice_REF-0111.txt,2026-03-03_invoice_REF-0111.txt,1,0,2,98,0,Seeded modeled result; no desktop or web application executed.
true,false,fixture-0112,sim-reference-workflow,1.0.0,1,document_0112.md,2026-04-04_Riverstone-Co_meeting-notes_REF-0112.md,2026-04-04_Riverstone-Co_meeting-notes_REF-0112.md,1,1,3,457,0,Seeded modeled result; no desktop or web application executed.
true,false,fixture-0112,sim-reference-workflow,1.0.0,2,document_0112.md,2026-04-04_Riverstone-Co_meeting-notes_REF-0112.md,2026-04-04_Riverstone-Co_meeting-notes_REF-0112.md,1,1,3,450,0,Seeded modeled result; no desktop or web application executed.
true,false,fixture-0112,sim-reference-workflow,1.0.0,3,document_0112.md,2026-04-04_Riverstone-Co_meeting-notes_REF-0112.md,2026-04-04_meeting-notes_REF-0112.md,1,0,2,556,0,Seeded modeled result; no desktop or web application executed.
true,false,fixture-0112,sim-cloud-baseline,1.0.0,1,document_0112.md,2026-04-04_Riverstone-Co_meeting-notes_REF-0112.md,2026-04-04_Riverstone-Co_meeting-notes_REF-0112.md,1,1,3,685,0,Seeded modeled result; no desktop or web application executed.
true,false,fixture-0112,sim-cloud-baseline,1.0.0,2,document_0112.md,2026-04-04_Riverstone-Co_meeting-notes_REF-0112.md,2026-04-04_Riverstone-Co_meeting-notes_REF-0112.md,1,1,3,700,0,Seeded modeled result; no desktop or web application executed.
true,false,fixture-0112,sim-cloud-baseline,1.0.0,3,document_0112.md,2026-04-04_Riverstone-Co_meeting-notes_REF-0112.md,2026-04-04_Riverstone-Co_meeting-notes_REF-0112.md,1,1,3,835,0,Seeded modeled result; no desktop or web application executed.
true,false,fixture-0112,sim-local-baseline,1.0.0,1,document_0112.md,2026-04-04_Riverstone-Co_meeting-notes_REF-0112.md,2026-04-04_Riverstone-Co_meeting-notes_REF-0112.md,1,1,3,952,0,Seeded modeled result; no desktop or web application executed.
true,false,fixture-0112,sim-local-baseline,1.0.0,2,document_0112.md,2026-04-04_Riverstone-Co_meeting-notes_REF-0112.md,2026-04-04_Riverstone-Co_meeting-notes_REF-0112.md,1,1,3,1146,0,Seeded modeled result; no desktop or web application executed.
true,false,fixture-0112,sim-local-baseline,1.0.0,3,document_0112.md,2026-04-04_Riverstone-Co_meeting-notes_REF-0112.md,2026-04-04_Riverstone-Co_meeting-notes_REF-0112.md,0,1,3,1038,1,Seeded modeled result; no desktop or web application executed.
true,false,fixture-0112,sim-rule-baseline,1.0.0,1,document_0112.md,2026-04-04_Riverstone-Co_meeting-notes_REF-0112.md,2026-04-04_meeting-notes_REF-0112.md,1,0,0,69,0,Seeded modeled result; no desktop or web application executed.
true,false,fixture-0112,sim-rule-baseline,1.0.0,2,document_0112.md,2026-04-04_Riverstone-Co_meeting-notes_REF-0112.md,2026-04-04_meeting-notes_REF-0112.md,1,0,2,99,0,Seeded modeled result; no desktop or web application executed.
true,false,fixture-0112,sim-rule-baseline,1.0.0,3,document_0112.md,2026-04-04_Riverstone-Co_meeting-notes_REF-0112.md,2026-04-04_meeting-notes_REF-0112.md,1,0,3,94,0,Seeded modeled result; no desktop or web application executed.
true,false,fixture-0113,sim-reference-workflow,1.0.0,1,document_0113.csv,2026-05-05_Bluebird-Health_invoice_REF-0113.csv,2026-05-05_Bluebird-Health_invoice_REF-0113.csv,1,1,3,632,0,Seeded modeled result; no desktop or web application executed.
true,false,fixture-0113,sim-reference-workflow,1.0.0,2,document_0113.csv,2026-05-05_Bluebird-Health_invoice_REF-0113.csv,2026-05-05_Bluebird-Health_invoice_REF-0113.csv,1,1,3,648,0,Seeded modeled result; no desktop or web application executed.
true,false,fixture-0113,sim-reference-workflow,1.0.0,3,document_0113.csv,2026-05-05_Bluebird-Health_invoice_REF-0113.csv,2026-05-05_Bluebird-Health_invoice_REF-0113.csv,1,1,3,488,0,Seeded modeled result; no desktop or web application executed.
true,false,fixture-0113,sim-cloud-baseline,1.0.0,1,document_0113.csv,2026-05-05_Bluebird-Health_invoice_REF-0113.csv,2026-05-05_Bluebird-Health_invoice_REF-0113.csv,1,1,3,894,0,Seeded modeled result; no desktop or web application executed.
true,false,fixture-0113,sim-cloud-baseline,1.0.0,2,document_0113.csv,2026-05-05_Bluebird-Health_invoice_REF-0113.csv,2026-05-05_Bluebird-Health_invoice_REF-0113.csv,1,1,3,644,0,Seeded modeled result; no desktop or web application executed.
true,false,fixture-0113,sim-cloud-baseline,1.0.0,3,document_0113.csv,2026-05-05_Bluebird-Health_invoice_REF-0113.csv,2026-05-05_invoice_REF-0113.csv,1,0,3,713,0,Seeded modeled result; no desktop or web application executed.
true,false,fixture-0113,sim-local-baseline,1.0.0,1,document_0113.csv,2026-05-05_Bluebird-Health_invoice_REF-0113.csv,2026-05-05_invoice_REF-0113.csv,1,0,2,1064,0,Seeded modeled result; no desktop or web application executed.
true,false,fixture-0113,sim-local-baseline,1.0.0,2,document_0113.csv,2026-05-05_Bluebird-Health_invoice_REF-0113.csv,2026-05-05_Bluebird-Health_invoice_REF-0113.csv,0,1,3,1140,1,Seeded modeled result; no desktop or web application executed.
true,false,fixture-0113,sim-local-baseline,1.0.0,3,document_0113.csv,2026-05-05_Bluebird-Health_invoice_REF-0113.csv,2026-05-05_Bluebird-Health_invoice_REF-0113.csv,1,1,3,1051,0,Seeded modeled result; no desktop or web application executed.
true,false,fixture-0113,sim-rule-baseline,1.0.0,1,document_0113.csv,2026-05-05_Bluebird-Health_invoice_REF-0113.csv,2026-05-05_invoice_REF-0113.csv,1,0,2,79,0,Seeded modeled result; no desktop or web application executed.
true,false,fixture-0113,sim-rule-baseline,1.0.0,2,document_0113.csv,2026-05-05_Bluebird-Health_invoice_REF-0113.csv,2026-05-05_Bluebird-Health_invoice_REF-0113.csv,1,1,3,101,0,Seeded modeled result; no desktop or web application executed.
true,false,fixture-0113,sim-rule-baseline,1.0.0,3,document_0113.csv,2026-05-05_Bluebird-Health_invoice_REF-0113.csv,2026-05-05_invoice_REF-0113.csv,1,0,2,70,0,Seeded modeled result; no desktop or web application executed.
true,false,fixture-0114,sim-reference-workflow,1.0.0,1,document_0114.json,2026-06-06_Northstar-Studio_meeting-notes_REF-0114.json,2026-06-06_Northstar-Studio_meeting-notes_REF-0114.json,1,1,3,435,0,Seeded modeled result; no desktop or web application executed.
true,false,fixture-0114,sim-reference-workflow,1.0.0,2,document_0114.json,2026-06-06_Northstar-Studio_meeting-notes_REF-0114.json,2026-06-06_meeting-notes_REF-0114.json,1,0,3,413,0,Seeded modeled result; no desktop or web application executed.
true,false,fixture-0114,sim-reference-workflow,1.0.0,3,document_0114.json,2026-06-06_Northstar-Studio_meeting-notes_REF-0114.json,2026-06-06_Northstar-Studio_meeting-notes_REF-0114.json,1,1,3,404,0,Seeded modeled result; no desktop or web application executed.
true,false,fixture-0114,sim-cloud-baseline,1.0.0,1,document_0114.json,2026-06-06_Northstar-Studio_meeting-notes_REF-0114.json,2026-06-06_Northstar-Studio_meeting-notes_REF-0114.json,1,1,3,712,0,Seeded modeled result; no desktop or web application executed.
true,false,fixture-0114,sim-cloud-baseline,1.0.0,2,document_0114.json,2026-06-06_Northstar-Studio_meeting-notes_REF-0114.json,2026-06-06_meeting-notes_REF-0114.json,1,0,3,891,0,Seeded modeled result; no desktop or web application executed.
true,false,fixture-0114,sim-cloud-baseline,1.0.0,3,document_0114.json,2026-06-06_Northstar-Studio_meeting-notes_REF-0114.json,2026-06-06_Northstar-Studio_meeting-notes_REF-0114.json,1,1,3,642,0,Seeded modeled result; no desktop or web application executed.
true,false,fixture-0114,sim-local-baseline,1.0.0,1,document_0114.json,2026-06-06_Northstar-Studio_meeting-notes_REF-0114.json,2026-06-06_Northstar-Studio_meeting-notes_REF-0114.json,1,1,3,1085,0,Seeded modeled result; no desktop or web application executed.
true,false,fixture-0114,sim-local-baseline,1.0.0,2,document_0114.json,2026-06-06_Northstar-Studio_meeting-notes_REF-0114.json,2026-06-06_Northstar-Studio_meeting-notes_REF-0114.json,1,1,3,831,0,Seeded modeled result; no desktop or web application executed.
true,false,fixture-0114,sim-local-baseline,1.0.0,3,document_0114.json,2026-06-06_Northstar-Studio_meeting-notes_REF-0114.json,2026-06-06_Northstar-Studio_meeting-notes_REF-0114.json,1,1,3,1007,0,Seeded modeled result; no desktop or web application executed.
true,false,fixture-0114,sim-rule-baseline,1.0.0,1,document_0114.json,2026-06-06_Northstar-Studio_meeting-notes_REF-0114.json,2026-06-06_Northstar-Studio_meeting-notes_REF-0114.json,1,1,3,82,0,Seeded modeled result; no desktop or web application executed.
true,false,fixture-0114,sim-rule-baseline,1.0.0,2,document_0114.json,2026-06-06_Northstar-Studio_meeting-notes_REF-0114.json,2026-06-06_meeting-notes_REF-0114.json,1,0,3,83,0,Seeded modeled result; no desktop or web application executed.
true,false,fixture-0114,sim-rule-baseline,1.0.0,3,document_0114.json,2026-06-06_Northstar-Studio_meeting-notes_REF-0114.json,2026-06-06_meeting-notes_REF-0114.json,1,0,3,91,0,Seeded modeled result; no desktop or web application executed.
true,false,fixture-0115,sim-reference-workflow,1.0.0,1,document_0115.xml,2026-07-07_Pinecone-Works_invoice_REF-0115.xml,2026-07-07_invoice_REF-0115.xml,1,0,3,494,0,Seeded modeled result; no desktop or web application executed.
true,false,fixture-0115,sim-reference-workflow,1.0.0,2,document_0115.xml,2026-07-07_Pinecone-Works_invoice_REF-0115.xml,2026-07-07_Pinecone-Works_invoice_REF-0115.xml,1,1,3,432,0,Seeded modeled result; no desktop or web application executed.
true,false,fixture-0115,sim-reference-workflow,1.0.0,3,document_0115.xml,2026-07-07_Pinecone-Works_invoice_REF-0115.xml,2026-07-07_Pinecone-Works_invoice_REF-0115.xml,1,1,3,393,0,Seeded modeled result; no desktop or web application executed.
true,false,fixture-0115,sim-cloud-baseline,1.0.0,1,document_0115.xml,2026-07-07_Pinecone-Works_invoice_REF-0115.xml,2026-07-07_Pinecone-Works_invoice_REF-0115.xml,1,1,3,863,0,Seeded modeled result; no desktop or web application executed.
true,false,fixture-0115,sim-cloud-baseline,1.0.0,2,document_0115.xml,2026-07-07_Pinecone-Works_invoice_REF-0115.xml,2026-07-07_Pinecone-Works_invoice_REF-0115.xml,1,1,3,568,0,Seeded modeled result; no desktop or web application executed.
true,false,fixture-0115,sim-cloud-baseline,1.0.0,3,document_0115.xml,2026-07-07_Pinecone-Works_invoice_REF-0115.xml,2026-07-07_Pinecone-Works_invoice_REF-0115.xml,1,1,3,688,0,Seeded modeled result; no desktop or web application executed.
true,false,fixture-0115,sim-local-baseline,1.0.0,1,document_0115.xml,2026-07-07_Pinecone-Works_invoice_REF-0115.xml,2026-07-07_invoice_REF-0115.xml,1,0,1,1045,0,Seeded modeled result; no desktop or web application executed.
true,false,fixture-0115,sim-local-baseline,1.0.0,2,document_0115.xml,2026-07-07_Pinecone-Works_invoice_REF-0115.xml,2026-07-07_Pinecone-Works_invoice_REF-0115.xml,1,1,3,884,0,Seeded modeled result; no desktop or web application executed.
true,false,fixture-0115,sim-local-baseline,1.0.0,3,document_0115.xml,2026-07-07_Pinecone-Works_invoice_REF-0115.xml,2026-07-07_invoice_REF-0115.xml,1,0,1,1038,0,Seeded modeled result; no desktop or web application executed.
true,false,fixture-0115,sim-rule-baseline,1.0.0,1,document_0115.xml,2026-07-07_Pinecone-Works_invoice_REF-0115.xml,2026-07-07_invoice_REF-0115.xml,1,0,3,85,0,Seeded modeled result; no desktop or web application executed.
true,false,fixture-0115,sim-rule-baseline,1.0.0,2,document_0115.xml,2026-07-07_Pinecone-Works_invoice_REF-0115.xml,2026-07-07_invoice_REF-0115.xml,1,0,1,109,0,Seeded modeled result; no desktop or web application executed.
true,false,fixture-0115,sim-rule-baseline,1.0.0,3,document_0115.xml,2026-07-07_Pinecone-Works_invoice_REF-0115.xml,2026-07-07_invoice_REF-0115.xml,1,0,0,71,0,Seeded modeled result; no desktop or web application executed.
true,false,fixture-0116,sim-reference-workflow,1.0.0,1,document_0116.yaml,2026-08-08_Acme-Labs_meeting-notes_REF-0116.yaml,2026-08-08_meeting-notes_REF-0116.yaml,1,0,3,511,0,Seeded modeled result; no desktop or web application executed.
true,false,fixture-0116,sim-reference-workflow,1.0.0,2,document_0116.yaml,2026-08-08_Acme-Labs_meeting-notes_REF-0116.yaml,2026-08-08_Acme-Labs_meeting-notes_REF-0116.yaml,1,1,3,502,0,Seeded modeled result; no desktop or web application executed.
true,false,fixture-0116,sim-reference-workflow,1.0.0,3,document_0116.yaml,2026-08-08_Acme-Labs_meeting-notes_REF-0116.yaml,2026-08-08_Acme-Labs_meeting-notes_REF-0116.yaml,1,1,3,485,0,Seeded modeled result; no desktop or web application executed.
true,false,fixture-0116,sim-cloud-baseline,1.0.0,1,document_0116.yaml,2026-08-08_Acme-Labs_meeting-notes_REF-0116.yaml,2026-08-08_Acme-Labs_meeting-notes_REF-0116.yaml,1,1,3,854,0,Seeded modeled result; no desktop or web application executed.
true,false,fixture-0116,sim-cloud-baseline,1.0.0,2,document_0116.yaml,2026-08-08_Acme-Labs_meeting-notes_REF-0116.yaml,2026-08-08_meeting-notes_REF-0116.yaml,1,0,3,817,0,Seeded modeled result; no desktop or web application executed.
true,false,fixture-0116,sim-cloud-baseline,1.0.0,3,document_0116.yaml,2026-08-08_Acme-Labs_meeting-notes_REF-0116.yaml,2026-08-08_Acme-Labs_meeting-notes_REF-0116.yaml,1,1,3,832,0,Seeded modeled result; no desktop or web application executed.
true,false,fixture-0116,sim-local-baseline,1.0.0,1,document_0116.yaml,2026-08-08_Acme-Labs_meeting-notes_REF-0116.yaml,2026-08-08_Acme-Labs_meeting-notes_REF-0116.yaml,1,1,3,1050,0,Seeded modeled result; no desktop or web application executed.
true,false,fixture-0116,sim-local-baseline,1.0.0,2,document_0116.yaml,2026-08-08_Acme-Labs_meeting-notes_REF-0116.yaml,2026-08-08_Acme-Labs_meeting-notes_REF-0116.yaml,1,1,3,1025,0,Seeded modeled result; no desktop or web application executed.
true,false,fixture-0116,sim-local-baseline,1.0.0,3,document_0116.yaml,2026-08-08_Acme-Labs_meeting-notes_REF-0116.yaml,2026-08-08_meeting-notes_REF-0116.yaml,1,0,2,1202,0,Seeded modeled result; no desktop or web application executed.
true,false,fixture-0116,sim-rule-baseline,1.0.0,1,document_0116.yaml,2026-08-08_Acme-Labs_meeting-notes_REF-0116.yaml,2026-08-08_meeting-notes_REF-0116.yaml,1,0,1,87,0,Seeded modeled result; no desktop or web application executed.
true,false,fixture-0116,sim-rule-baseline,1.0.0,2,document_0116.yaml,2026-08-08_Acme-Labs_meeting-notes_REF-0116.yaml,2026-08-08_meeting-notes_REF-0116.yaml,1,0,2,71,0,Seeded modeled result; no desktop or web application executed.
true,false,fixture-0116,sim-rule-baseline,1.0.0,3,document_0116.yaml,2026-08-08_Acme-Labs_meeting-notes_REF-0116.yaml,2026-08-08_meeting-notes_REF-0116.yaml,1,0,2,80,0,Seeded modeled result; no desktop or web application executed.
true,false,fixture-0117,sim-reference-workflow,1.0.0,1,document_0117.html,2026-09-09_Riverstone-Co_invoice_REF-0117.html,2026-09-09_Riverstone-Co_invoice_REF-0117.html,1,1,3,481,0,Seeded modeled result; no desktop or web application executed.
true,false,fixture-0117,sim-reference-workflow,1.0.0,2,document_0117.html,2026-09-09_Riverstone-Co_invoice_REF-0117.html,2026-09-09_Riverstone-Co_invoice_REF-0117.html,1,1,3,475,0,Seeded modeled result; no desktop or web application executed.
true,false,fixture-0117,sim-reference-workflow,1.0.0,3,document_0117.html,2026-09-09_Riverstone-Co_invoice_REF-0117.html,2026-09-09_invoice_REF-0117.html,1,0,2,631,0,Seeded modeled result; no desktop or web application executed.
true,false,fixture-0117,sim-cloud-baseline,1.0.0,1,document_0117.html,2026-09-09_Riverstone-Co_invoice_REF-0117.html,2026-09-09_invoice_REF-0117.html,1,0,3,754,0,Seeded modeled result; no desktop or web application executed.
true,false,fixture-0117,sim-cloud-baseline,1.0.0,2,document_0117.html,2026-09-09_Riverstone-Co_invoice_REF-0117.html,2026-09-09_invoice_REF-0117.html,1,0,3,777,0,Seeded modeled result; no desktop or web application executed.
true,false,fixture-0117,sim-cloud-baseline,1.0.0,3,document_0117.html,2026-09-09_Riverstone-Co_invoice_REF-0117.html,2026-09-09_Riverstone-Co_invoice_REF-0117.html,1,1,3,842,0,Seeded modeled result; no desktop or web application executed.
true,false,fixture-0117,sim-local-baseline,1.0.0,1,document_0117.html,2026-09-09_Riverstone-Co_invoice_REF-0117.html,2026-09-09_invoice_REF-0117.html,1,0,2,1056,0,Seeded modeled result; no desktop or web application executed.
true,false,fixture-0117,sim-local-baseline,1.0.0,2,document_0117.html,2026-09-09_Riverstone-Co_invoice_REF-0117.html,2026-09-09_invoice_REF-0117.html,1,0,3,1132,0,Seeded modeled result; no desktop or web application executed.
true,false,fixture-0117,sim-local-baseline,1.0.0,3,document_0117.html,2026-09-09_Riverstone-Co_invoice_REF-0117.html,2026-09-09_Riverstone-Co_invoice_REF-0117.html,1,1,3,920,0,Seeded modeled result; no desktop or web application executed.
true,false,fixture-0117,sim-rule-baseline,1.0.0,1,document_0117.html,2026-09-09_Riverstone-Co_invoice_REF-0117.html,2026-09-09_invoice_REF-0117.html,1,0,1,98,0,Seeded modeled result; no desktop or web application executed.
true,false,fixture-0117,sim-rule-baseline,1.0.0,2,document_0117.html,2026-09-09_Riverstone-Co_invoice_REF-0117.html,2026-09-09_invoice_REF-0117.html,1,0,2,92,0,Seeded modeled result; no desktop or web application executed.
true,false,fixture-0117,sim-rule-baseline,1.0.0,3,document_0117.html,2026-09-09_Riverstone-Co_invoice_REF-0117.html,2026-09-09_Riverstone-Co_invoice_REF-0117.html,1,1,3,98,0,Seeded modeled result; no desktop or web application executed.
true,false,fixture-0118,sim-reference-workflow,1.0.0,1,document_0118.eml,2026-10-10_Bluebird-Health_meeting-notes_REF-0118.eml,2026-10-10_Bluebird-Health_meeting-notes_REF-0118.eml,1,1,3,586,0,Seeded modeled result; no desktop or web application executed.
true,false,fixture-0118,sim-reference-workflow,1.0.0,2,document_0118.eml,2026-10-10_Bluebird-Health_meeting-notes_REF-0118.eml,2026-10-10_Bluebird-Health_meeting-notes_REF-0118.eml,1,1,3,649,0,Seeded modeled result; no desktop or web application executed.
true,false,fixture-0118,sim-reference-workflow,1.0.0,3,document_0118.eml,2026-10-10_Bluebird-Health_meeting-notes_REF-0118.eml,2026-10-10_Bluebird-Health_meeting-notes_REF-0118.eml,1,1,3,549,0,Seeded modeled result; no desktop or web application executed.
true,false,fixture-0118,sim-cloud-baseline,1.0.0,1,document_0118.eml,2026-10-10_Bluebird-Health_meeting-notes_REF-0118.eml,2026-10-10_meeting-notes_REF-0118.eml,1,0,2,594,0,Seeded modeled result; no desktop or web application executed.
true,false,fixture-0118,sim-cloud-baseline,1.0.0,2,document_0118.eml,2026-10-10_Bluebird-Health_meeting-notes_REF-0118.eml,2026-10-10_Bluebird-Health_meeting-notes_REF-0118.eml,1,1,3,648,0,Seeded modeled result; no desktop or web application executed.
true,false,fixture-0118,sim-cloud-baseline,1.0.0,3,document_0118.eml,2026-10-10_Bluebird-Health_meeting-notes_REF-0118.eml,2026-10-10_Bluebird-Health_meeting-notes_REF-0118.eml,1,1,3,904,0,Seeded modeled result; no desktop or web application executed.
true,false,fixture-0118,sim-local-baseline,1.0.0,1,document_0118.eml,2026-10-10_Bluebird-Health_meeting-notes_REF-0118.eml,2026-10-10_meeting-notes_REF-0118.eml,1,0,2,866,0,Seeded modeled result; no desktop or web application executed.
true,false,fixture-0118,sim-local-baseline,1.0.0,2,document_0118.eml,2026-10-10_Bluebird-Health_meeting-notes_REF-0118.eml,2026-10-10_Bluebird-Health_meeting-notes_REF-0118.eml,1,1,3,1091,0,Seeded modeled result; no desktop or web application executed.
true,false,fixture-0118,sim-local-baseline,1.0.0,3,document_0118.eml,2026-10-10_Bluebird-Health_meeting-notes_REF-0118.eml,2026-10-10_Bluebird-Health_meeting-notes_REF-0118.eml,0,1,3,834,0,Seeded modeled result; no desktop or web application executed.
true,false,fixture-0118,sim-rule-baseline,1.0.0,1,document_0118.eml,2026-10-10_Bluebird-Health_meeting-notes_REF-0118.eml,2026-10-10_meeting-notes_REF-0118.eml,1,0,0,94,0,Seeded modeled result; no desktop or web application executed.
true,false,fixture-0118,sim-rule-baseline,1.0.0,2,document_0118.eml,2026-10-10_Bluebird-Health_meeting-notes_REF-0118.eml,2026-10-10_meeting-notes_REF-0118.eml,1,0,2,88,0,Seeded modeled result; no desktop or web application executed.
true,false,fixture-0118,sim-rule-baseline,1.0.0,3,document_0118.eml,2026-10-10_Bluebird-Health_meeting-notes_REF-0118.eml,2026-10-10_meeting-notes_REF-0118.eml,1,0,2,78,0,Seeded modeled result; no desktop or web application executed.
true,false,fixture-0119,sim-reference-workflow,1.0.0,1,document_0119.srt,2026-11-11_Northstar-Studio_invoice_REF-0119.srt,2026-11-11_Northstar-Studio_invoice_REF-0119.srt,1,1,3,518,0,Seeded modeled result; no desktop or web application executed.
true,false,fixture-0119,sim-reference-workflow,1.0.0,2,document_0119.srt,2026-11-11_Northstar-Studio_invoice_REF-0119.srt,2026-11-11_Northstar-Studio_invoice_REF-0119.srt,1,1,3,566,0,Seeded modeled result; no desktop or web application executed.
true,false,fixture-0119,sim-reference-workflow,1.0.0,3,document_0119.srt,2026-11-11_Northstar-Studio_invoice_REF-0119.srt,2026-11-11_Northstar-Studio_invoice_REF-0119.srt,1,1,3,426,0,Seeded modeled result; no desktop or web application executed.
true,false,fixture-0119,sim-cloud-baseline,1.0.0,1,document_0119.srt,2026-11-11_Northstar-Studio_invoice_REF-0119.srt,2026-11-11_Northstar-Studio_invoice_REF-0119.srt,1,1,3,735,0,Seeded modeled result; no desktop or web application executed.
true,false,fixture-0119,sim-cloud-baseline,1.0.0,2,document_0119.srt,2026-11-11_Northstar-Studio_invoice_REF-0119.srt,2026-11-11_Northstar-Studio_invoice_REF-0119.srt,1,1,3,793,0,Seeded modeled result; no desktop or web application executed.
true,false,fixture-0119,sim-cloud-baseline,1.0.0,3,document_0119.srt,2026-11-11_Northstar-Studio_invoice_REF-0119.srt,2026-11-11_Northstar-Studio_invoice_REF-0119.srt,1,1,3,925,0,Seeded modeled result; no desktop or web application executed.
true,false,fixture-0119,sim-local-baseline,1.0.0,1,document_0119.srt,2026-11-11_Northstar-Studio_invoice_REF-0119.srt,2026-11-11_Northstar-Studio_invoice_REF-0119.srt,1,1,3,967,0,Seeded modeled result; no desktop or web application executed.
true,false,fixture-0119,sim-local-baseline,1.0.0,2,document_0119.srt,2026-11-11_Northstar-Studio_invoice_REF-0119.srt,2026-11-11_Northstar-Studio_invoice_REF-0119.srt,0,1,3,1199,0,Seeded modeled result; no desktop or web application executed.
true,false,fixture-0119,sim-local-baseline,1.0.0,3,document_0119.srt,2026-11-11_Northstar-Studio_invoice_REF-0119.srt,2026-11-11_Northstar-Studio_invoice_REF-0119.srt,1,1,3,857,0,Seeded modeled result; no desktop or web application executed.
true,false,fixture-0119,sim-rule-baseline,1.0.0,1,document_0119.srt,2026-11-11_Northstar-Studio_invoice_REF-0119.srt,2026-11-11_invoice_REF-0119.srt,1,0,2,94,0,Seeded modeled result; no desktop or web application executed.
true,false,fixture-0119,sim-rule-baseline,1.0.0,2,document_0119.srt,2026-11-11_Northstar-Studio_invoice_REF-0119.srt,2026-11-11_invoice_REF-0119.srt,1,0,1,74,0,Seeded modeled result; no desktop or web application executed.
true,false,fixture-0119,sim-rule-baseline,1.0.0,3,document_0119.srt,2026-11-11_Northstar-Studio_invoice_REF-0119.srt,2026-11-11_invoice_REF-0119.srt,1,0,0,103,0,Seeded modeled result; no desktop or web application executed.
true,false,fixture-0120,sim-reference-workflow,1.0.0,1,document_0120.vtt,2026-12-12_Pinecone-Works_meeting-notes_REF-0120.vtt,2026-12-12_Pinecone-Works_meeting-notes_REF-0120.vtt,1,1,3,421,0,Seeded modeled result; no desktop or web application executed.
true,false,fixture-0120,sim-reference-workflow,1.0.0,2,document_0120.vtt,2026-12-12_Pinecone-Works_meeting-notes_REF-0120.vtt,2026-12-12_Pinecone-Works_meeting-notes_REF-0120.vtt,1,1,3,469,0,Seeded modeled result; no desktop or web application executed.
true,false,fixture-0120,sim-reference-workflow,1.0.0,3,document_0120.vtt,2026-12-12_Pinecone-Works_meeting-notes_REF-0120.vtt,2026-12-12_Pinecone-Works_meeting-notes_REF-0120.vtt,1,1,3,513,0,Seeded modeled result; no desktop or web application executed.
true,false,fixture-0120,sim-cloud-baseline,1.0.0,1,document_0120.vtt,2026-12-12_Pinecone-Works_meeting-notes_REF-0120.vtt,2026-12-12_Pinecone-Works_meeting-notes_REF-0120.vtt,1,1,3,658,0,Seeded modeled result; no desktop or web application executed.
true,false,fixture-0120,sim-cloud-baseline,1.0.0,2,document_0120.vtt,2026-12-12_Pinecone-Works_meeting-notes_REF-0120.vtt,2026-12-12_meeting-notes_REF-0120.vtt,1,0,2,742,0,Seeded modeled result; no desktop or web application executed.
true,false,fixture-0120,sim-cloud-baseline,1.0.0,3,document_0120.vtt,2026-12-12_Pinecone-Works_meeting-notes_REF-0120.vtt,2026-12-12_meeting-notes_REF-0120.vtt,1,0,3,609,0,Seeded modeled result; no desktop or web application executed.
true,false,fixture-0120,sim-local-baseline,1.0.0,1,document_0120.vtt,2026-12-12_Pinecone-Works_meeting-notes_REF-0120.vtt,2026-12-12_meeting-notes_REF-0120.vtt,1,0,3,944,0,Seeded modeled result; no desktop or web application executed.
true,false,fixture-0120,sim-local-baseline,1.0.0,2,document_0120.vtt,2026-12-12_Pinecone-Works_meeting-notes_REF-0120.vtt,2026-12-12_Pinecone-Works_meeting-notes_REF-0120.vtt,1,1,3,1003,0,Seeded modeled result; no desktop or web application executed.
true,false,fixture-0120,sim-local-baseline,1.0.0,3,document_0120.vtt,2026-12-12_Pinecone-Works_meeting-notes_REF-0120.vtt,2026-12-12_Pinecone-Works_meeting-notes_REF-0120.vtt,1,1,3,1061,0,Seeded modeled result; no desktop or web application executed.
true,false,fixture-0120,sim-rule-baseline,1.0.0,1,document_0120.vtt,2026-12-12_Pinecone-Works_meeting-notes_REF-0120.vtt,2026-12-12_meeting-notes_REF-0120.vtt,1,0,0,76,0,Seeded modeled result; no desktop or web application executed.
true,false,fixture-0120,sim-rule-baseline,1.0.0,2,document_0120.vtt,2026-12-12_Pinecone-Works_meeting-notes_REF-0120.vtt,2026-12-12_meeting-notes_REF-0120.vtt,1,0,1,86,0,Seeded modeled result; no desktop or web application executed.
true,false,fixture-0120,sim-rule-baseline,1.0.0,3,document_0120.vtt,2026-12-12_Pinecone-Works_meeting-notes_REF-0120.vtt,2026-12-12_meeting-notes_REF-0120.vtt,1,0,2,102,0,Seeded modeled result; no desktop or web application executed.
true,false,fixture-0121,sim-reference-workflow,1.0.0,1,document_0121.svg,2026-01-13_Acme-Labs_invoice_REF-0121.svg,2026-01-13_Acme-Labs_invoice_REF-0121.svg,1,1,3,459,0,Seeded modeled result; no desktop or web application executed.
true,false,fixture-0121,sim-reference-workflow,1.0.0,2,document_0121.svg,2026-01-13_Acme-Labs_invoice_REF-0121.svg,2026-01-13_invoice_REF-0121.svg,1,0,2,552,0,Seeded modeled result; no desktop or web application executed.
true,false,fixture-0121,sim-reference-workflow,1.0.0,3,document_0121.svg,2026-01-13_Acme-Labs_invoice_REF-0121.svg,2026-01-13_Acme-Labs_invoice_REF-0121.svg,1,1,3,532,0,Seeded modeled result; no desktop or web application executed.
true,false,fixture-0121,sim-cloud-baseline,1.0.0,1,document_0121.svg,2026-01-13_Acme-Labs_invoice_REF-0121.svg,2026-01-13_Acme-Labs_invoice_REF-0121.svg,1,1,3,557,0,Seeded modeled result; no desktop or web application executed.
true,false,fixture-0121,sim-cloud-baseline,1.0.0,2,document_0121.svg,2026-01-13_Acme-Labs_invoice_REF-0121.svg,2026-01-13_Acme-Labs_invoice_REF-0121.svg,1,1,3,692,0,Seeded modeled result; no desktop or web application executed.
true,false,fixture-0121,sim-cloud-baseline,1.0.0,3,document_0121.svg,2026-01-13_Acme-Labs_invoice_REF-0121.svg,2026-01-13_Acme-Labs_invoice_REF-0121.svg,1,1,3,824,0,Seeded modeled result; no desktop or web application executed.
true,false,fixture-0121,sim-local-baseline,1.0.0,1,document_0121.svg,2026-01-13_Acme-Labs_invoice_REF-0121.svg,2026-01-13_invoice_REF-0121.svg,1,0,3,740,0,Seeded modeled result; no desktop or web application executed.
true,false,fixture-0121,sim-local-baseline,1.0.0,2,document_0121.svg,2026-01-13_Acme-Labs_invoice_REF-0121.svg,2026-01-13_Acme-Labs_invoice_REF-0121.svg,1,1,3,1081,0,Seeded modeled result; no desktop or web application executed.
true,false,fixture-0121,sim-local-baseline,1.0.0,3,document_0121.svg,2026-01-13_Acme-Labs_invoice_REF-0121.svg,2026-01-13_Acme-Labs_invoice_REF-0121.svg,1,1,3,1195,0,Seeded modeled result; no desktop or web application executed.
true,false,fixture-0121,sim-rule-baseline,1.0.0,1,document_0121.svg,2026-01-13_Acme-Labs_invoice_REF-0121.svg,2026-01-13_invoice_REF-0121.svg,1,0,2,95,0,Seeded modeled result; no desktop or web application executed.
true,false,fixture-0121,sim-rule-baseline,1.0.0,2,document_0121.svg,2026-01-13_Acme-Labs_invoice_REF-0121.svg,2026-01-13_Acme-Labs_invoice_REF-0121.svg,1,1,3,83,0,Seeded modeled result; no desktop or web application executed.
true,false,fixture-0121,sim-rule-baseline,1.0.0,3,document_0121.svg,2026-01-13_Acme-Labs_invoice_REF-0121.svg,2026-01-13_invoice_REF-0121.svg,1,0,1,107,0,Seeded modeled result; no desktop or web application executed.
true,false,fixture-0122,sim-reference-workflow,1.0.0,1,document_0122.txt,2026-02-14_Riverstone-Co_meeting-notes_REF-0122.txt,2026-02-14_Riverstone-Co_meeting-notes_REF-0122.txt,1,1,3,595,0,Seeded modeled result; no desktop or web application executed.
true,false,fixture-0122,sim-reference-workflow,1.0.0,2,document_0122.txt,2026-02-14_Riverstone-Co_meeting-notes_REF-0122.txt,2026-02-14_Riverstone-Co_meeting-notes_REF-0122.txt,1,1,3,520,0,Seeded modeled result; no desktop or web application executed.
true,false,fixture-0122,sim-reference-workflow,1.0.0,3,document_0122.txt,2026-02-14_Riverstone-Co_meeting-notes_REF-0122.txt,2026-02-14_meeting-notes_REF-0122.txt,1,0,3,441,0,Seeded modeled result; no desktop or web application executed.
true,false,fixture-0122,sim-cloud-baseline,1.0.0,1,document_0122.txt,2026-02-14_Riverstone-Co_meeting-notes_REF-0122.txt,2026-02-14_Riverstone-Co_meeting-notes_REF-0122.txt,1,1,3,878,0,Seeded modeled result; no desktop or web application executed.
true,false,fixture-0122,sim-cloud-baseline,1.0.0,2,document_0122.txt,2026-02-14_Riverstone-Co_meeting-notes_REF-0122.txt,2026-02-14_Riverstone-Co_meeting-notes_REF-0122.txt,1,1,3,610,0,Seeded modeled result; no desktop or web application executed.
true,false,fixture-0122,sim-cloud-baseline,1.0.0,3,document_0122.txt,2026-02-14_Riverstone-Co_meeting-notes_REF-0122.txt,2026-02-14_Riverstone-Co_meeting-notes_REF-0122.txt,1,1,3,904,0,Seeded modeled result; no desktop or web application executed.
true,false,fixture-0122,sim-local-baseline,1.0.0,1,document_0122.txt,2026-02-14_Riverstone-Co_meeting-notes_REF-0122.txt,2026-02-14_meeting-notes_REF-0122.txt,1,0,2,791,0,Seeded modeled result; no desktop or web application executed.
true,false,fixture-0122,sim-local-baseline,1.0.0,2,document_0122.txt,2026-02-14_Riverstone-Co_meeting-notes_REF-0122.txt,2026-02-14_Riverstone-Co_meeting-notes_REF-0122.txt,1,1,3,802,0,Seeded modeled result; no desktop or web application executed.
true,false,fixture-0122,sim-local-baseline,1.0.0,3,document_0122.txt,2026-02-14_Riverstone-Co_meeting-notes_REF-0122.txt,2026-02-14_Riverstone-Co_meeting-notes_REF-0122.txt,1,1,3,1103,0,Seeded modeled result; no desktop or web application executed.
true,false,fixture-0122,sim-rule-baseline,1.0.0,1,document_0122.txt,2026-02-14_Riverstone-Co_meeting-notes_REF-0122.txt,2026-02-14_meeting-notes_REF-0122.txt,1,0,2,83,0,Seeded modeled result; no desktop or web application executed.
true,false,fixture-0122,sim-rule-baseline,1.0.0,2,document_0122.txt,2026-02-14_Riverstone-Co_meeting-notes_REF-0122.txt,2026-02-14_meeting-notes_REF-0122.txt,1,0,0,104,0,Seeded modeled result; no desktop or web application executed.
true,false,fixture-0122,sim-rule-baseline,1.0.0,3,document_0122.txt,2026-02-14_Riverstone-Co_meeting-notes_REF-0122.txt,2026-02-14_meeting-notes_REF-0122.txt,1,0,2,98,0,Seeded modeled result; no desktop or web application executed.
true,false,fixture-0123,sim-reference-workflow,1.0.0,1,document_0123.md,2026-03-15_Bluebird-Health_invoice_REF-0123.md,2026-03-15_Bluebird-Health_invoice_REF-0123.md,1,1,3,541,0,Seeded modeled result; no desktop or web application executed.
true,false,fixture-0123,sim-reference-workflow,1.0.0,2,document_0123.md,2026-03-15_Bluebird-Health_invoice_REF-0123.md,2026-03-15_invoice_REF-0123.md,1,0,2,485,0,Seeded modeled result; no desktop or web application executed.
true,false,fixture-0123,sim-reference-workflow,1.0.0,3,document_0123.md,2026-03-15_Bluebird-Health_invoice_REF-0123.md,2026-03-15_Bluebird-Health_invoice_REF-0123.md,1,1,3,433,0,Seeded modeled result; no desktop or web application executed.
true,false,fixture-0123,sim-cloud-baseline,1.0.0,1,document_0123.md,2026-03-15_Bluebird-Health_invoice_REF-0123.md,2026-03-15_Bluebird-Health_invoice_REF-0123.md,1,1,3,803,0,Seeded modeled result; no desktop or web application executed.
true,false,fixture-0123,sim-cloud-baseline,1.0.0,2,document_0123.md,2026-03-15_Bluebird-Health_invoice_REF-0123.md,2026-03-15_Bluebird-Health_invoice_REF-0123.md,1,1,3,814,0,Seeded modeled result; no desktop or web application executed.
true,false,fixture-0123,sim-cloud-baseline,1.0.0,3,document_0123.md,2026-03-15_Bluebird-Health_invoice_REF-0123.md,2026-03-15_Bluebird-Health_invoice_REF-0123.md,1,1,3,652,0,Seeded modeled result; no desktop or web application executed.
true,false,fixture-0123,sim-local-baseline,1.0.0,1,document_0123.md,2026-03-15_Bluebird-Health_invoice_REF-0123.md,2026-03-15_Bluebird-Health_invoice_REF-0123.md,1,1,3,1018,0,Seeded modeled result; no desktop or web application executed.
true,false,fixture-0123,sim-local-baseline,1.0.0,2,document_0123.md,2026-03-15_Bluebird-Health_invoice_REF-0123.md,2026-03-15_invoice_REF-0123.md,1,0,3,966,0,Seeded modeled result; no desktop or web application executed.
true,false,fixture-0123,sim-local-baseline,1.0.0,3,document_0123.md,2026-03-15_Bluebird-Health_invoice_REF-0123.md,2026-03-15_Bluebird-Health_invoice_REF-0123.md,1,1,3,1058,0,Seeded modeled result; no desktop or web application executed.
true,false,fixture-0123,sim-rule-baseline,1.0.0,1,document_0123.md,2026-03-15_Bluebird-Health_invoice_REF-0123.md,2026-03-15_invoice_REF-0123.md,1,0,2,109,0,Seeded modeled result; no desktop or web application executed.
true,false,fixture-0123,sim-rule-baseline,1.0.0,2,document_0123.md,2026-03-15_Bluebird-Health_invoice_REF-0123.md,2026-03-15_invoice_REF-0123.md,1,0,0,94,0,Seeded modeled result; no desktop or web application executed.
true,false,fixture-0123,sim-rule-baseline,1.0.0,3,document_0123.md,2026-03-15_Bluebird-Health_invoice_REF-0123.md,2026-03-15_invoice_REF-0123.md,1,0,1,90,0,Seeded modeled result; no desktop or web application executed.
true,false,fixture-0124,sim-reference-workflow,1.0.0,1,document_0124.csv,2026-04-16_Northstar-Studio_meeting-notes_REF-0124.csv,2026-04-16_Northstar-Studio_meeting-notes_REF-0124.csv,1,1,3,581,0,Seeded modeled result; no desktop or web application executed.
true,false,fixture-0124,sim-reference-workflow,1.0.0,2,document_0124.csv,2026-04-16_Northstar-Studio_meeting-notes_REF-0124.csv,2026-04-16_Northstar-Studio_meeting-notes_REF-0124.csv,1,1,3,553,0,Seeded modeled result; no desktop or web application executed.
true,false,fixture-0124,sim-reference-workflow,1.0.0,3,document_0124.csv,2026-04-16_Northstar-Studio_meeting-notes_REF-0124.csv,2026-04-16_Northstar-Studio_meeting-notes_REF-0124.csv,1,1,3,591,0,Seeded modeled result; no desktop or web application executed.
true,false,fixture-0124,sim-cloud-baseline,1.0.0,1,document_0124.csv,2026-04-16_Northstar-Studio_meeting-notes_REF-0124.csv,2026-04-16_Northstar-Studio_meeting-notes_REF-0124.csv,1,1,3,558,0,Seeded modeled result; no desktop or web application executed.
true,false,fixture-0124,sim-cloud-baseline,1.0.0,2,document_0124.csv,2026-04-16_Northstar-Studio_meeting-notes_REF-0124.csv,2026-04-16_Northstar-Studio_meeting-notes_REF-0124.csv,1,1,3,764,0,Seeded modeled result; no desktop or web application executed.
true,false,fixture-0124,sim-cloud-baseline,1.0.0,3,document_0124.csv,2026-04-16_Northstar-Studio_meeting-notes_REF-0124.csv,2026-04-16_Northstar-Studio_meeting-notes_REF-0124.csv,1,1,3,736,0,Seeded modeled result; no desktop or web application executed.
true,false,fixture-0124,sim-local-baseline,1.0.0,1,document_0124.csv,2026-04-16_Northstar-Studio_meeting-notes_REF-0124.csv,2026-04-16_Northstar-Studio_meeting-notes_REF-0124.csv,1,1,3,1044,0,Seeded modeled result; no desktop or web application executed.
true,false,fixture-0124,sim-local-baseline,1.0.0,2,document_0124.csv,2026-04-16_Northstar-Studio_meeting-notes_REF-0124.csv,2026-04-16_Northstar-Studio_meeting-notes_REF-0124.csv,1,1,3,1128,0,Seeded modeled result; no desktop or web application executed.
true,false,fixture-0124,sim-local-baseline,1.0.0,3,document_0124.csv,2026-04-16_Northstar-Studio_meeting-notes_REF-0124.csv,2026-04-16_meeting-notes_REF-0124.csv,1,0,2,1008,0,Seeded modeled result; no desktop or web application executed.
true,false,fixture-0124,sim-rule-baseline,1.0.0,1,document_0124.csv,2026-04-16_Northstar-Studio_meeting-notes_REF-0124.csv,2026-04-16_Northstar-Studio_meeting-notes_REF-0124.csv,1,1,3,105,0,Seeded modeled result; no desktop or web application executed.
true,false,fixture-0124,sim-rule-baseline,1.0.0,2,document_0124.csv,2026-04-16_Northstar-Studio_meeting-notes_REF-0124.csv,2026-04-16_meeting-notes_REF-0124.csv,1,0,2,86,0,Seeded modeled result; no desktop or web application executed.
true,false,fixture-0124,sim-rule-baseline,1.0.0,3,document_0124.csv,2026-04-16_Northstar-Studio_meeting-notes_REF-0124.csv,2026-04-16_meeting-notes_REF-0124.csv,1,0,2,104,0,Seeded modeled result; no desktop or web application executed.
true,false,fixture-0125,sim-reference-workflow,1.0.0,1,document_0125.json,2026-05-17_Pinecone-Works_invoice_REF-0125.json,2026-05-17_Pinecone-Works_invoice_REF-0125.json,1,1,3,539,0,Seeded modeled result; no desktop or web application executed.
true,false,fixture-0125,sim-reference-workflow,1.0.0,2,document_0125.json,2026-05-17_Pinecone-Works_invoice_REF-0125.json,2026-05-17_Pinecone-Works_invoice_REF-0125.json,1,1,3,417,0,Seeded modeled result; no desktop or web application executed.
true,false,fixture-0125,sim-reference-workflow,1.0.0,3,document_0125.json,2026-05-17_Pinecone-Works_invoice_REF-0125.json,2026-05-17_Pinecone-Works_invoice_REF-0125.json,1,1,3,517,0,Seeded modeled result; no desktop or web application executed.
true,false,fixture-0125,sim-cloud-baseline,1.0.0,1,document_0125.json,2026-05-17_Pinecone-Works_invoice_REF-0125.json,2026-05-17_Pinecone-Works_invoice_REF-0125.json,1,1,3,884,0,Seeded modeled result; no desktop or web application executed.
true,false,fixture-0125,sim-cloud-baseline,1.0.0,2,document_0125.json,2026-05-17_Pinecone-Works_invoice_REF-0125.json,2026-05-17_invoice_REF-0125.json,1,0,3,680,0,Seeded modeled result; no desktop or web application executed.
true,false,fixture-0125,sim-cloud-baseline,1.0.0,3,document_0125.json,2026-05-17_Pinecone-Works_invoice_REF-0125.json,2026-05-17_Pinecone-Works_invoice_REF-0125.json,1,1,3,634,0,Seeded modeled result; no desktop or web application executed.
true,false,fixture-0125,sim-local-baseline,1.0.0,1,document_0125.json,2026-05-17_Pinecone-Works_invoice_REF-0125.json,2026-05-17_Pinecone-Works_invoice_REF-0125.json,1,1,3,1125,0,Seeded modeled result; no desktop or web application executed.
true,false,fixture-0125,sim-local-baseline,1.0.0,2,document_0125.json,2026-05-17_Pinecone-Works_invoice_REF-0125.json,2026-05-17_invoice_REF-0125.json,1,0,1,844,0,Seeded modeled result; no desktop or web application executed.
true,false,fixture-0125,sim-local-baseline,1.0.0,3,document_0125.json,2026-05-17_Pinecone-Works_invoice_REF-0125.json,2026-05-17_invoice_REF-0125.json,1,0,2,735,0,Seeded modeled result; no desktop or web application executed.
true,false,fixture-0125,sim-rule-baseline,1.0.0,1,document_0125.json,2026-05-17_Pinecone-Works_invoice_REF-0125.json,2026-05-17_invoice_REF-0125.json,1,0,1,101,0,Seeded modeled result; no desktop or web application executed.
true,false,fixture-0125,sim-rule-baseline,1.0.0,2,document_0125.json,2026-05-17_Pinecone-Works_invoice_REF-0125.json,2026-05-17_invoice_REF-0125.json,1,0,2,82,0,Seeded modeled result; no desktop or web application executed.
true,false,fixture-0125,sim-rule-baseline,1.0.0,3,document_0125.json,2026-05-17_Pinecone-Works_invoice_REF-0125.json,2026-05-17_invoice_REF-0125.json,1,0,0,80,0,Seeded modeled result; no desktop or web application executed.
true,false,fixture-0126,sim-reference-workflow,1.0.0,1,document_0126.xml,2026-06-18_Acme-Labs_meeting-notes_REF-0126.xml,2026-06-18_Acme-Labs_meeting-notes_REF-0126.xml,1,1,3,435,0,Seeded modeled result; no desktop or web application executed.
true,false,fixture-0126,sim-reference-workflow,1.0.0,2,document_0126.xml,2026-06-18_Acme-Labs_meeting-notes_REF-0126.xml,2026-06-18_Acme-Labs_meeting-notes_REF-0126.xml,1,1,3,407,0,Seeded modeled result; no desktop or web application executed.
true,false,fixture-0126,sim-reference-workflow,1.0.0,3,document_0126.xml,2026-06-18_Acme-Labs_meeting-notes_REF-0126.xml,2026-06-18_Acme-Labs_meeting-notes_REF-0126.xml,1,1,3,491,0,Seeded modeled result; no desktop or web application executed.
true,false,fixture-0126,sim-cloud-baseline,1.0.0,1,document_0126.xml,2026-06-18_Acme-Labs_meeting-notes_REF-0126.xml,2026-06-18_Acme-Labs_meeting-notes_REF-0126.xml,1,1,3,580,0,Seeded modeled result; no desktop or web application executed.
true,false,fixture-0126,sim-cloud-baseline,1.0.0,2,document_0126.xml,2026-06-18_Acme-Labs_meeting-notes_REF-0126.xml,2026-06-18_Acme-Labs_meeting-notes_REF-0126.xml,1,1,3,633,0,Seeded modeled result; no desktop or web application executed.
true,false,fixture-0126,sim-cloud-baseline,1.0.0,3,document_0126.xml,2026-06-18_Acme-Labs_meeting-notes_REF-0126.xml,2026-06-18_Acme-Labs_meeting-notes_REF-0126.xml,1,1,3,761,0,Seeded modeled result; no desktop or web application executed.
true,false,fixture-0126,sim-local-baseline,1.0.0,1,document_0126.xml,2026-06-18_Acme-Labs_meeting-notes_REF-0126.xml,2026-06-18_meeting-notes_REF-0126.xml,1,0,3,1196,0,Seeded modeled result; no desktop or web application executed.
true,false,fixture-0126,sim-local-baseline,1.0.0,2,document_0126.xml,2026-06-18_Acme-Labs_meeting-notes_REF-0126.xml,2026-06-18_Acme-Labs_meeting-notes_REF-0126.xml,1,1,3,837,0,Seeded modeled result; no desktop or web application executed.
true,false,fixture-0126,sim-local-baseline,1.0.0,3,document_0126.xml,2026-06-18_Acme-Labs_meeting-notes_REF-0126.xml,2026-06-18_meeting-notes_REF-0126.xml,1,0,3,1221,0,Seeded modeled result; no desktop or web application executed.
true,false,fixture-0126,sim-rule-baseline,1.0.0,1,document_0126.xml,2026-06-18_Acme-Labs_meeting-notes_REF-0126.xml,2026-06-18_Acme-Labs_meeting-notes_REF-0126.xml,1,1,3,109,0,Seeded modeled result; no desktop or web application executed.
true,false,fixture-0126,sim-rule-baseline,1.0.0,2,document_0126.xml,2026-06-18_Acme-Labs_meeting-notes_REF-0126.xml,2026-06-18_meeting-notes_REF-0126.xml,1,0,2,101,0,Seeded modeled result; no desktop or web application executed.
true,false,fixture-0126,sim-rule-baseline,1.0.0,3,document_0126.xml,2026-06-18_Acme-Labs_meeting-notes_REF-0126.xml,2026-06-18_meeting-notes_REF-0126.xml,1,0,2,91,0,Seeded modeled result; no desktop or web application executed.
true,false,fixture-0127,sim-reference-workflow,1.0.0,1,document_0127.yaml,2026-07-19_Riverstone-Co_invoice_REF-0127.yaml,2026-07-19_Riverstone-Co_invoice_REF-0127.yaml,1,1,3,442,0,Seeded modeled result; no desktop or web application executed.
true,false,fixture-0127,sim-reference-workflow,1.0.0,2,document_0127.yaml,2026-07-19_Riverstone-Co_invoice_REF-0127.yaml,2026-07-19_Riverstone-Co_invoice_REF-0127.yaml,1,1,3,522,0,Seeded modeled result; no desktop or web application executed.
true,false,fixture-0127,sim-reference-workflow,1.0.0,3,document_0127.yaml,2026-07-19_Riverstone-Co_invoice_REF-0127.yaml,2026-07-19_Riverstone-Co_invoice_REF-0127.yaml,1,1,3,455,0,Seeded modeled result; no desktop or web application executed.
true,false,fixture-0127,sim-cloud-baseline,1.0.0,1,document_0127.yaml,2026-07-19_Riverstone-Co_invoice_REF-0127.yaml,2026-07-19_Riverstone-Co_invoice_REF-0127.yaml,1,1,3,760,0,Seeded modeled result; no desktop or web application executed.
true,false,fixture-0127,sim-cloud-baseline,1.0.0,2,document_0127.yaml,2026-07-19_Riverstone-Co_invoice_REF-0127.yaml,2026-07-19_Riverstone-Co_invoice_REF-0127.yaml,1,1,3,876,0,Seeded modeled result; no desktop or web application executed.
true,false,fixture-0127,sim-cloud-baseline,1.0.0,3,document_0127.yaml,2026-07-19_Riverstone-Co_invoice_REF-0127.yaml,2026-07-19_Riverstone-Co_invoice_REF-0127.yaml,1,1,3,844,0,Seeded modeled result; no desktop or web application executed.
true,false,fixture-0127,sim-local-baseline,1.0.0,1,document_0127.yaml,2026-07-19_Riverstone-Co_invoice_REF-0127.yaml,2026-07-19/invoice:REF-0127.yaml,0,0,1,1118,0,Seeded modeled result; no desktop or web application executed.
true,false,fixture-0127,sim-local-baseline,1.0.0,2,document_0127.yaml,2026-07-19_Riverstone-Co_invoice_REF-0127.yaml,2026-07-19_Riverstone-Co_invoice_REF-0127.yaml,1,1,3,803,0,Seeded modeled result; no desktop or web application executed.
true,false,fixture-0127,sim-local-baseline,1.0.0,3,document_0127.yaml,2026-07-19_Riverstone-Co_invoice_REF-0127.yaml,2026-07-19_Riverstone-Co_invoice_REF-0127.yaml,1,1,3,984,0,Seeded modeled result; no desktop or web application executed.
true,false,fixture-0127,sim-rule-baseline,1.0.0,1,document_0127.yaml,2026-07-19_Riverstone-Co_invoice_REF-0127.yaml,2026-07-19_invoice_REF-0127.yaml,1,0,1,71,0,Seeded modeled result; no desktop or web application executed.
true,false,fixture-0127,sim-rule-baseline,1.0.0,2,document_0127.yaml,2026-07-19_Riverstone-Co_invoice_REF-0127.yaml,2026-07-19_Riverstone-Co_invoice_REF-0127.yaml,1,1,3,106,0,Seeded modeled result; no desktop or web application executed.
true,false,fixture-0127,sim-rule-baseline,1.0.0,3,document_0127.yaml,2026-07-19_Riverstone-Co_invoice_REF-0127.yaml,2026-07-19_invoice_REF-0127.yaml,1,0,2,102,0,Seeded modeled result; no desktop or web application executed.
true,false,fixture-0128,sim-reference-workflow,1.0.0,1,document_0128.html,2026-08-20_Bluebird-Health_meeting-notes_REF-0128.html,2026-08-20_Bluebird-Health_meeting-notes_REF-0128.html,1,1,3,594,0,Seeded modeled result; no desktop or web application executed.
true,false,fixture-0128,sim-reference-workflow,1.0.0,2,document_0128.html,2026-08-20_Bluebird-Health_meeting-notes_REF-0128.html,2026-08-20_Bluebird-Health_meeting-notes_REF-0128.html,1,1,3,589,0,Seeded modeled result; no desktop or web application executed.
true,false,fixture-0128,sim-reference-workflow,1.0.0,3,document_0128.html,2026-08-20_Bluebird-Health_meeting-notes_REF-0128.html,2026-08-20_Bluebird-Health_meeting-notes_REF-0128.html,1,1,3,506,0,Seeded modeled result; no desktop or web application executed.
true,false,fixture-0128,sim-cloud-baseline,1.0.0,1,document_0128.html,2026-08-20_Bluebird-Health_meeting-notes_REF-0128.html,2026-08-20_Bluebird-Health_meeting-notes_REF-0128.html,1,1,3,595,0,Seeded modeled result; no desktop or web application executed.
true,false,fixture-0128,sim-cloud-baseline,1.0.0,2,document_0128.html,2026-08-20_Bluebird-Health_meeting-notes_REF-0128.html,2026-08-20_Bluebird-Health_meeting-notes_REF-0128.html,1,1,3,609,0,Seeded modeled result; no desktop or web application executed.
true,false,fixture-0128,sim-cloud-baseline,1.0.0,3,document_0128.html,2026-08-20_Bluebird-Health_meeting-notes_REF-0128.html,2026-08-20_Bluebird-Health_meeting-notes_REF-0128.html,1,1,3,856,0,Seeded modeled result; no desktop or web application executed.
true,false,fixture-0128,sim-local-baseline,1.0.0,1,document_0128.html,2026-08-20_Bluebird-Health_meeting-notes_REF-0128.html,2026-08-20_meeting-notes_REF-0128.html,1,0,3,839,0,Seeded modeled result; no desktop or web application executed.
true,false,fixture-0128,sim-local-baseline,1.0.0,2,document_0128.html,2026-08-20_Bluebird-Health_meeting-notes_REF-0128.html,2026-08-20_meeting-notes_REF-0128.html,1,0,2,892,0,Seeded modeled result; no desktop or web application executed.
true,false,fixture-0128,sim-local-baseline,1.0.0,3,document_0128.html,2026-08-20_Bluebird-Health_meeting-notes_REF-0128.html,2026-08-20_meeting-notes_REF-0128.html,1,0,1,1138,0,Seeded modeled result; no desktop or web application executed.
true,false,fixture-0128,sim-rule-baseline,1.0.0,1,document_0128.html,2026-08-20_Bluebird-Health_meeting-notes_REF-0128.html,2026-08-20_meeting-notes_REF-0128.html,1,0,1,99,0,Seeded modeled result; no desktop or web application executed.
true,false,fixture-0128,sim-rule-baseline,1.0.0,2,document_0128.html,2026-08-20_Bluebird-Health_meeting-notes_REF-0128.html,2026-08-20_meeting-notes_REF-0128.html,1,0,1,104,0,Seeded modeled result; no desktop or web application executed.
true,false,fixture-0128,sim-rule-baseline,1.0.0,3,document_0128.html,2026-08-20_Bluebird-Health_meeting-notes_REF-0128.html,2026-08-20_Bluebird-Health_meeting-notes_REF-0128.html,1,1,3,95,0,Seeded modeled result; no desktop or web application executed.
true,false,fixture-0129,sim-reference-workflow,1.0.0,1,document_0129.eml,2026-09-21_Northstar-Studio_invoice_REF-0129.eml,2026-09-21_Northstar-Studio_invoice_REF-0129.eml,1,1,3,435,0,Seeded modeled result; no desktop or web application executed.
true,false,fixture-0129,sim-reference-workflow,1.0.0,2,document_0129.eml,2026-09-21_Northstar-Studio_invoice_REF-0129.eml,2026-09-21_Northstar-Studio_invoice_REF-0129.eml,1,1,3,460,0,Seeded modeled result; no desktop or web application executed.
true,false,fixture-0129,sim-reference-workflow,1.0.0,3,document_0129.eml,2026-09-21_Northstar-Studio_invoice_REF-0129.eml,2026-09-21_Northstar-Studio_invoice_REF-0129.eml,1,1,3,623,0,Seeded modeled result; no desktop or web application executed.
true,false,fixture-0129,sim-cloud-baseline,1.0.0,1,document_0129.eml,2026-09-21_Northstar-Studio_invoice_REF-0129.eml,2026-09-21_Northstar-Studio_invoice_REF-0129.eml,1,1,3,822,0,Seeded modeled result; no desktop or web application executed.
true,false,fixture-0129,sim-cloud-baseline,1.0.0,2,document_0129.eml,2026-09-21_Northstar-Studio_invoice_REF-0129.eml,2026-09-21_Northstar-Studio_invoice_REF-0129.eml,1,1,3,620,0,Seeded modeled result; no desktop or web application executed.
true,false,fixture-0129,sim-cloud-baseline,1.0.0,3,document_0129.eml,2026-09-21_Northstar-Studio_invoice_REF-0129.eml,2026-09-21_Northstar-Studio_invoice_REF-0129.eml,1,1,3,637,0,Seeded modeled result; no desktop or web application executed.
true,false,fixture-0129,sim-local-baseline,1.0.0,1,document_0129.eml,2026-09-21_Northstar-Studio_invoice_REF-0129.eml,2026-09-21_Northstar-Studio_invoice_REF-0129.eml,1,1,3,875,0,Seeded modeled result; no desktop or web application executed.
true,false,fixture-0129,sim-local-baseline,1.0.0,2,document_0129.eml,2026-09-21_Northstar-Studio_invoice_REF-0129.eml,2026-09-21_invoice_REF-0129.eml,1,0,1,889,0,Seeded modeled result; no desktop or web application executed.
true,false,fixture-0129,sim-local-baseline,1.0.0,3,document_0129.eml,2026-09-21_Northstar-Studio_invoice_REF-0129.eml,2026-09-21_Northstar-Studio_invoice_REF-0129.eml,1,1,3,776,0,Seeded modeled result; no desktop or web application executed.
true,false,fixture-0129,sim-rule-baseline,1.0.0,1,document_0129.eml,2026-09-21_Northstar-Studio_invoice_REF-0129.eml,2026-09-21_invoice_REF-0129.eml,1,0,2,90,0,Seeded modeled result; no desktop or web application executed.
true,false,fixture-0129,sim-rule-baseline,1.0.0,2,document_0129.eml,2026-09-21_Northstar-Studio_invoice_REF-0129.eml,2026-09-21_Northstar-Studio_invoice_REF-0129.eml,1,1,3,100,0,Seeded modeled result; no desktop or web application executed.
true,false,fixture-0129,sim-rule-baseline,1.0.0,3,document_0129.eml,2026-09-21_Northstar-Studio_invoice_REF-0129.eml,2026-09-21_invoice_REF-0129.eml,1,0,2,102,0,Seeded modeled result; no desktop or web application executed.
true,false,fixture-0130,sim-reference-workflow,1.0.0,1,document_0130.srt,2026-10-22_Pinecone-Works_meeting-notes_REF-0130.srt,2026-10-22_Pinecone-Works_meeting-notes_REF-0130.srt,1,1,3,603,0,Seeded modeled result; no desktop or web application executed.
true,false,fixture-0130,sim-reference-workflow,1.0.0,2,document_0130.srt,2026-10-22_Pinecone-Works_meeting-notes_REF-0130.srt,2026-10-22_Pinecone-Works_meeting-notes_REF-0130.srt,1,1,3,496,0,Seeded modeled result; no desktop or web application executed.
true,false,fixture-0130,sim-reference-workflow,1.0.0,3,document_0130.srt,2026-10-22_Pinecone-Works_meeting-notes_REF-0130.srt,2026-10-22_Pinecone-Works_meeting-notes_REF-0130.srt,1,1,3,462,0,Seeded modeled result; no desktop or web application executed.
true,false,fixture-0130,sim-cloud-baseline,1.0.0,1,document_0130.srt,2026-10-22_Pinecone-Works_meeting-notes_REF-0130.srt,2026-10-22_Pinecone-Works_meeting-notes_REF-0130.srt,1,1,3,888,0,Seeded modeled result; no desktop or web application executed.
true,false,fixture-0130,sim-cloud-baseline,1.0.0,2,document_0130.srt,2026-10-22_Pinecone-Works_meeting-notes_REF-0130.srt,2026-10-22_Pinecone-Works_meeting-notes_REF-0130.srt,1,1,3,783,0,Seeded modeled result; no desktop or web application executed.
true,false,fixture-0130,sim-cloud-baseline,1.0.0,3,document_0130.srt,2026-10-22_Pinecone-Works_meeting-notes_REF-0130.srt,2026-10-22_Pinecone-Works_meeting-notes_REF-0130.srt,1,1,3,631,0,Seeded modeled result; no desktop or web application executed.
true,false,fixture-0130,sim-local-baseline,1.0.0,1,document_0130.srt,2026-10-22_Pinecone-Works_meeting-notes_REF-0130.srt,2026-10-22_meeting-notes_REF-0130.srt,1,0,3,856,0,Seeded modeled result; no desktop or web application executed.
true,false,fixture-0130,sim-local-baseline,1.0.0,2,document_0130.srt,2026-10-22_Pinecone-Works_meeting-notes_REF-0130.srt,2026-10-22_Pinecone-Works_meeting-notes_REF-0130.srt,1,1,3,843,0,Seeded modeled result; no desktop or web application executed.
true,false,fixture-0130,sim-local-baseline,1.0.0,3,document_0130.srt,2026-10-22_Pinecone-Works_meeting-notes_REF-0130.srt,2026-10-22_Pinecone-Works_meeting-notes_REF-0130.srt,1,1,3,738,0,Seeded modeled result; no desktop or web application executed.
true,false,fixture-0130,sim-rule-baseline,1.0.0,1,document_0130.srt,2026-10-22_Pinecone-Works_meeting-notes_REF-0130.srt,2026-10-22_Pinecone-Works_meeting-notes_REF-0130.srt,1,1,3,109,0,Seeded modeled result; no desktop or web application executed.
true,false,fixture-0130,sim-rule-baseline,1.0.0,2,document_0130.srt,2026-10-22_Pinecone-Works_meeting-notes_REF-0130.srt,2026-10-22_meeting-notes_REF-0130.srt,1,0,1,78,0,Seeded modeled result; no desktop or web application executed.
true,false,fixture-0130,sim-rule-baseline,1.0.0,3,document_0130.srt,2026-10-22_Pinecone-Works_meeting-notes_REF-0130.srt,2026-10-22_meeting-notes_REF-0130.srt,1,0,2,78,0,Seeded modeled result; no desktop or web application executed.
true,false,fixture-0131,sim-reference-workflow,1.0.0,1,document_0131.vtt,2026-11-23_Acme-Labs_invoice_REF-0131.vtt,2026-11-23_Acme-Labs_invoice_REF-0131.vtt,1,1,3,563,0,Seeded modeled result; no desktop or web application executed.
true,false,fixture-0131,sim-reference-workflow,1.0.0,2,document_0131.vtt,2026-11-23_Acme-Labs_invoice_REF-0131.vtt,2026-11-23_Acme-Labs_invoice_REF-0131.vtt,1,1,3,620,0,Seeded modeled result; no desktop or web application executed.
true,false,fixture-0131,sim-reference-workflow,1.0.0,3,document_0131.vtt,2026-11-23_Acme-Labs_invoice_REF-0131.vtt,2026-11-23_invoice_REF-0131.vtt,1,0,3,450,0,Seeded modeled result; no desktop or web application executed.
true,false,fixture-0131,sim-cloud-baseline,1.0.0,1,document_0131.vtt,2026-11-23_Acme-Labs_invoice_REF-0131.vtt,2026-11-23_Acme-Labs_invoice_REF-0131.vtt,1,1,3,785,0,Seeded modeled result; no desktop or web application executed.
true,false,fixture-0131,sim-cloud-baseline,1.0.0,2,document_0131.vtt,2026-11-23_Acme-Labs_invoice_REF-0131.vtt,2026-11-23_Acme-Labs_invoice_REF-0131.vtt,1,1,3,782,0,Seeded modeled result; no desktop or web application executed.
true,false,fixture-0131,sim-cloud-baseline,1.0.0,3,document_0131.vtt,2026-11-23_Acme-Labs_invoice_REF-0131.vtt,2026-11-23_invoice_REF-0131.vtt,1,0,3,826,0,Seeded modeled result; no desktop or web application executed.
true,false,fixture-0131,sim-local-baseline,1.0.0,1,document_0131.vtt,2026-11-23_Acme-Labs_invoice_REF-0131.vtt,2026-11-23_invoice_REF-0131.vtt,1,0,2,917,0,Seeded modeled result; no desktop or web application executed.
true,false,fixture-0131,sim-local-baseline,1.0.0,2,document_0131.vtt,2026-11-23_Acme-Labs_invoice_REF-0131.vtt,2026-11-23_Acme-Labs_invoice_REF-0131.vtt,1,1,3,1198,0,Seeded modeled result; no desktop or web application executed.
true,false,fixture-0131,sim-local-baseline,1.0.0,3,document_0131.vtt,2026-11-23_Acme-Labs_invoice_REF-0131.vtt,2026-11-23_invoice_REF-0131.vtt,1,0,2,802,0,Seeded modeled result; no desktop or web application executed.
true,false,fixture-0131,sim-rule-baseline,1.0.0,1,document_0131.vtt,2026-11-23_Acme-Labs_invoice_REF-0131.vtt,2026-11-23_invoice_REF-0131.vtt,1,0,2,106,0,Seeded modeled result; no desktop or web application executed.
true,false,fixture-0131,sim-rule-baseline,1.0.0,2,document_0131.vtt,2026-11-23_Acme-Labs_invoice_REF-0131.vtt,2026-11-23_invoice_REF-0131.vtt,1,0,0,109,0,Seeded modeled result; no desktop or web application executed.
true,false,fixture-0131,sim-rule-baseline,1.0.0,3,document_0131.vtt,2026-11-23_Acme-Labs_invoice_REF-0131.vtt,2026-11-23_invoice_REF-0131.vtt,1,0,2,101,0,Seeded modeled result; no desktop or web application executed.
true,false,fixture-0132,sim-reference-workflow,1.0.0,1,document_0132.svg,2026-12-24_Riverstone-Co_meeting-notes_REF-0132.svg,2026-12-24_Riverstone-Co_meeting-notes_REF-0132.svg,1,1,3,556,0,Seeded modeled result; no desktop or web application executed.
true,false,fixture-0132,sim-reference-workflow,1.0.0,2,document_0132.svg,2026-12-24_Riverstone-Co_meeting-notes_REF-0132.svg,2026-12-24_Riverstone-Co_meeting-notes_REF-0132.svg,1,1,3,471,0,Seeded modeled result; no desktop or web application executed.
true,false,fixture-0132,sim-reference-workflow,1.0.0,3,document_0132.svg,2026-12-24_Riverstone-Co_meeting-notes_REF-0132.svg,2026-12-24_Riverstone-Co_meeting-notes_REF-0132.svg,1,1,3,433,0,Seeded modeled result; no desktop or web application executed.
true,false,fixture-0132,sim-cloud-baseline,1.0.0,1,document_0132.svg,2026-12-24_Riverstone-Co_meeting-notes_REF-0132.svg,2026-12-24_Riverstone-Co_meeting-notes_REF-0132.svg,1,1,3,646,0,Seeded modeled result; no desktop or web application executed.
true,false,fixture-0132,sim-cloud-baseline,1.0.0,2,document_0132.svg,2026-12-24_Riverstone-Co_meeting-notes_REF-0132.svg,2026-12-24_Riverstone-Co_meeting-notes_REF-0132.svg,1,1,3,675,0,Seeded modeled result; no desktop or web application executed.
true,false,fixture-0132,sim-cloud-baseline,1.0.0,3,document_0132.svg,2026-12-24_Riverstone-Co_meeting-notes_REF-0132.svg,2026-12-24_Riverstone-Co_meeting-notes_REF-0132.svg,1,1,3,923,0,Seeded modeled result; no desktop or web application executed.
true,false,fixture-0132,sim-local-baseline,1.0.0,1,document_0132.svg,2026-12-24_Riverstone-Co_meeting-notes_REF-0132.svg,2026-12-24_meeting-notes_REF-0132.svg,1,0,1,747,0,Seeded modeled result; no desktop or web application executed.
true,false,fixture-0132,sim-local-baseline,1.0.0,2,document_0132.svg,2026-12-24_Riverstone-Co_meeting-notes_REF-0132.svg,2026-12-24_Riverstone-Co_meeting-notes_REF-0132.svg,1,1,3,742,0,Seeded modeled result; no desktop or web application executed.
true,false,fixture-0132,sim-local-baseline,1.0.0,3,document_0132.svg,2026-12-24_Riverstone-Co_meeting-notes_REF-0132.svg,2026-12-24_Riverstone-Co_meeting-notes_REF-0132.svg,1,1,3,934,0,Seeded modeled result; no desktop or web application executed.
true,false,fixture-0132,sim-rule-baseline,1.0.0,1,document_0132.svg,2026-12-24_Riverstone-Co_meeting-notes_REF-0132.svg,2026-12-24_meeting-notes_REF-0132.svg,1,0,1,77,0,Seeded modeled result; no desktop or web application executed.
true,false,fixture-0132,sim-rule-baseline,1.0.0,2,document_0132.svg,2026-12-24_Riverstone-Co_meeting-notes_REF-0132.svg,2026-12-24_meeting-notes_REF-0132.svg,1,0,1,86,0,Seeded modeled result; no desktop or web application executed.
true,false,fixture-0132,sim-rule-baseline,1.0.0,3,document_0132.svg,2026-12-24_Riverstone-Co_meeting-notes_REF-0132.svg,2026-12-24_meeting-notes_REF-0132.svg,1,0,0,107,0,Seeded modeled result; no desktop or web application executed.
true,false,fixture-0133,sim-reference-workflow,1.0.0,1,document_0133.txt,2026-01-25_Bluebird-Health_invoice_REF-0133.txt,2026-01-25_Bluebird-Health_invoice_REF-0133.txt,1,1,3,420,0,Seeded modeled result; no desktop or web application executed.
true,false,fixture-0133,sim-reference-workflow,1.0.0,2,document_0133.txt,2026-01-25_Bluebird-Health_invoice_REF-0133.txt,2026-01-25_Bluebird-Health_invoice_REF-0133.txt,1,1,3,631,0,Seeded modeled result; no desktop or web application executed.
true,false,fixture-0133,sim-reference-workflow,1.0.0,3,document_0133.txt,2026-01-25_Bluebird-Health_invoice_REF-0133.txt,2026-01-25_invoice_REF-0133.txt,1,0,3,596,0,Seeded modeled result; no desktop or web application executed.
true,false,fixture-0133,sim-cloud-baseline,1.0.0,1,document_0133.txt,2026-01-25_Bluebird-Health_invoice_REF-0133.txt,2026-01-25_Bluebird-Health_invoice_REF-0133.txt,1,1,3,591,0,Seeded modeled result; no desktop or web application executed.
true,false,fixture-0133,sim-cloud-baseline,1.0.0,2,document_0133.txt,2026-01-25_Bluebird-Health_invoice_REF-0133.txt,2026-01-25_Bluebird-Health_invoice_REF-0133.txt,1,1,3,685,0,Seeded modeled result; no desktop or web application executed.
true,false,fixture-0133,sim-cloud-baseline,1.0.0,3,document_0133.txt,2026-01-25_Bluebird-Health_invoice_REF-0133.txt,2026-01-25_invoice_REF-0133.txt,1,0,3,662,0,Seeded modeled result; no desktop or web application executed.
true,false,fixture-0133,sim-local-baseline,1.0.0,1,document_0133.txt,2026-01-25_Bluebird-Health_invoice_REF-0133.txt,2026-01-25_Bluebird-Health_invoice_REF-0133.txt,1,1,3,942,0,Seeded modeled result; no desktop or web application executed.
true,false,fixture-0133,sim-local-baseline,1.0.0,2,document_0133.txt,2026-01-25_Bluebird-Health_invoice_REF-0133.txt,2026-01-25_Bluebird-Health_invoice_REF-0133.txt,1,1,3,1197,0,Seeded modeled result; no desktop or web application executed.
true,false,fixture-0133,sim-local-baseline,1.0.0,3,document_0133.txt,2026-01-25_Bluebird-Health_invoice_REF-0133.txt,2026-01-25_Bluebird-Health_invoice_REF-0133.txt,1,1,3,849,0,Seeded modeled result; no desktop or web application executed.
true,false,fixture-0133,sim-rule-baseline,1.0.0,1,document_0133.txt,2026-01-25_Bluebird-Health_invoice_REF-0133.txt,2026-01-25_invoice_REF-0133.txt,1,0,2,72,0,Seeded modeled result; no desktop or web application executed.
true,false,fixture-0133,sim-rule-baseline,1.0.0,2,document_0133.txt,2026-01-25_Bluebird-Health_invoice_REF-0133.txt,2026-01-25_invoice_REF-0133.txt,1,0,2,102,0,Seeded modeled result; no desktop or web application executed.
true,false,fixture-0133,sim-rule-baseline,1.0.0,3,document_0133.txt,2026-01-25_Bluebird-Health_invoice_REF-0133.txt,2026-01-25_invoice_REF-0133.txt,1,0,3,97,0,Seeded modeled result; no desktop or web application executed.
true,false,fixture-0134,sim-reference-workflow,1.0.0,1,document_0134.md,2026-02-26_Northstar-Studio_meeting-notes_REF-0134.md,2026-02-26_Northstar-Studio_meeting-notes_REF-0134.md,1,1,3,605,0,Seeded modeled result; no desktop or web application executed.
true,false,fixture-0134,sim-reference-workflow,1.0.0,2,document_0134.md,2026-02-26_Northstar-Studio_meeting-notes_REF-0134.md,2026-02-26_Northstar-Studio_meeting-notes_REF-0134.md,1,1,3,634,0,Seeded modeled result; no desktop or web application executed.
true,false,fixture-0134,sim-reference-workflow,1.0.0,3,document_0134.md,2026-02-26_Northstar-Studio_meeting-notes_REF-0134.md,2026-02-26_Northstar-Studio_meeting-notes_REF-0134.md,1,1,3,552,0,Seeded modeled result; no desktop or web application executed.
true,false,fixture-0134,sim-cloud-baseline,1.0.0,1,document_0134.md,2026-02-26_Northstar-Studio_meeting-notes_REF-0134.md,2026-02-26_Northstar-Studio_meeting-notes_REF-0134.md,1,1,3,873,0,Seeded modeled result; no desktop or web application executed.
true,false,fixture-0134,sim-cloud-baseline,1.0.0,2,document_0134.md,2026-02-26_Northstar-Studio_meeting-notes_REF-0134.md,2026-02-26_Northstar-Studio_meeting-notes_REF-0134.md,1,1,3,679,0,Seeded modeled result; no desktop or web application executed.
true,false,fixture-0134,sim-cloud-baseline,1.0.0,3,document_0134.md,2026-02-26_Northstar-Studio_meeting-notes_REF-0134.md,2026-02-26_meeting-notes_REF-0134.md,1,0,3,810,0,Seeded modeled result; no desktop or web application executed.
true,false,fixture-0134,sim-local-baseline,1.0.0,1,document_0134.md,2026-02-26_Northstar-Studio_meeting-notes_REF-0134.md,2026-02-26_Northstar-Studio_meeting-notes_REF-0134.md,1,1,3,900,0,Seeded modeled result; no desktop or web application executed.
true,false,fixture-0134,sim-local-baseline,1.0.0,2,document_0134.md,2026-02-26_Northstar-Studio_meeting-notes_REF-0134.md,2026-02-26_meeting-notes_REF-0134.md,1,0,2,995,0,Seeded modeled result; no desktop or web application executed.
true,false,fixture-0134,sim-local-baseline,1.0.0,3,document_0134.md,2026-02-26_Northstar-Studio_meeting-notes_REF-0134.md,2026-02-26_Northstar-Studio_meeting-notes_REF-0134.md,1,1,3,1165,0,Seeded modeled result; no desktop or web application executed.
true,false,fixture-0134,sim-rule-baseline,1.0.0,1,document_0134.md,2026-02-26_Northstar-Studio_meeting-notes_REF-0134.md,2026-02-26_Northstar-Studio_meeting-notes_REF-0134.md,1,1,3,71,0,Seeded modeled result; no desktop or web application executed.
true,false,fixture-0134,sim-rule-baseline,1.0.0,2,document_0134.md,2026-02-26_Northstar-Studio_meeting-notes_REF-0134.md,2026-02-26_meeting-notes_REF-0134.md,1,0,2,112,0,Seeded modeled result; no desktop or web application executed.
true,false,fixture-0134,sim-rule-baseline,1.0.0,3,document_0134.md,2026-02-26_Northstar-Studio_meeting-notes_REF-0134.md,2026-02-26_Northstar-Studio_meeting-notes_REF-0134.md,1,1,3,101,0,Seeded modeled result; no desktop or web application executed.
true,false,fixture-0135,sim-reference-workflow,1.0.0,1,document_0135.csv,2026-03-27_Pinecone-Works_invoice_REF-0135.csv,2026-03-27_Pinecone-Works_invoice_REF-0135.csv,1,1,3,413,0,Seeded modeled result; no desktop or web application executed.
true,false,fixture-0135,sim-reference-workflow,1.0.0,2,document_0135.csv,2026-03-27_Pinecone-Works_invoice_REF-0135.csv,2026-03-27_Pinecone-Works_invoice_REF-0135.csv,1,1,3,634,0,Seeded modeled result; no desktop or web application executed.
true,false,fixture-0135,sim-reference-workflow,1.0.0,3,document_0135.csv,2026-03-27_Pinecone-Works_invoice_REF-0135.csv,2026-03-27_Pinecone-Works_invoice_REF-0135.csv,1,1,3,394,0,Seeded modeled result; no desktop or web application executed.
true,false,fixture-0135,sim-cloud-baseline,1.0.0,1,document_0135.csv,2026-03-27_Pinecone-Works_invoice_REF-0135.csv,2026-03-27_invoice_REF-0135.csv,1,0,2,681,0,Seeded modeled result; no desktop or web application executed.
true,false,fixture-0135,sim-cloud-baseline,1.0.0,2,document_0135.csv,2026-03-27_Pinecone-Works_invoice_REF-0135.csv,2026-03-27_Pinecone-Works_invoice_REF-0135.csv,1,1,3,865,0,Seeded modeled result; no desktop or web application executed.
true,false,fixture-0135,sim-cloud-baseline,1.0.0,3,document_0135.csv,2026-03-27_Pinecone-Works_invoice_REF-0135.csv,2026-03-27_Pinecone-Works_invoice_REF-0135.csv,1,1,3,693,0,Seeded modeled result; no desktop or web application executed.
true,false,fixture-0135,sim-local-baseline,1.0.0,1,document_0135.csv,2026-03-27_Pinecone-Works_invoice_REF-0135.csv,2026-03-27_invoice_REF-0135.csv,1,0,3,891,0,Seeded modeled result; no desktop or web application executed.
true,false,fixture-0135,sim-local-baseline,1.0.0,2,document_0135.csv,2026-03-27_Pinecone-Works_invoice_REF-0135.csv,2026-03-27_invoice_REF-0135.csv,1,0,2,911,0,Seeded modeled result; no desktop or web application executed.
true,false,fixture-0135,sim-local-baseline,1.0.0,3,document_0135.csv,2026-03-27_Pinecone-Works_invoice_REF-0135.csv,2026-03-27_Pinecone-Works_invoice_REF-0135.csv,1,1,3,1133,0,Seeded modeled result; no desktop or web application executed.
true,false,fixture-0135,sim-rule-baseline,1.0.0,1,document_0135.csv,2026-03-27_Pinecone-Works_invoice_REF-0135.csv,2026-03-27_Pinecone-Works_invoice_REF-0135.csv,1,1,3,79,0,Seeded modeled result; no desktop or web application executed.
true,false,fixture-0135,sim-rule-baseline,1.0.0,2,document_0135.csv,2026-03-27_Pinecone-Works_invoice_REF-0135.csv,2026-03-27_invoice_REF-0135.csv,1,0,1,89,0,Seeded modeled result; no desktop or web application executed.
true,false,fixture-0135,sim-rule-baseline,1.0.0,3,document_0135.csv,2026-03-27_Pinecone-Works_invoice_REF-0135.csv,2026-03-27_invoice_REF-0135.csv,1,0,3,74,0,Seeded modeled result; no desktop or web application executed.
true,false,fixture-0136,sim-reference-workflow,1.0.0,1,document_0136.json,2026-04-01_Acme-Labs_meeting-notes_REF-0136.json,2026-04-01_Acme-Labs_meeting-notes_REF-0136.json,1,1,3,417,0,Seeded modeled result; no desktop or web application executed.
true,false,fixture-0136,sim-reference-workflow,1.0.0,2,document_0136.json,2026-04-01_Acme-Labs_meeting-notes_REF-0136.json,2026-04-01_Acme-Labs_meeting-notes_REF-0136.json,1,1,3,477,0,Seeded modeled result; no desktop or web application executed.
true,false,fixture-0136,sim-reference-workflow,1.0.0,3,document_0136.json,2026-04-01_Acme-Labs_meeting-notes_REF-0136.json,2026-04-01_Acme-Labs_meeting-notes_REF-0136.json,1,1,3,449,0,Seeded modeled result; no desktop or web application executed.
true,false,fixture-0136,sim-cloud-baseline,1.0.0,1,document_0136.json,2026-04-01_Acme-Labs_meeting-notes_REF-0136.json,2026-04-01_Acme-Labs_meeting-notes_REF-0136.json,1,1,3,862,0,Seeded modeled result; no desktop or web application executed.
true,false,fixture-0136,sim-cloud-baseline,1.0.0,2,document_0136.json,2026-04-01_Acme-Labs_meeting-notes_REF-0136.json,2026-04-01_meeting-notes_REF-0136.json,1,0,3,782,0,Seeded modeled result; no desktop or web application executed.
true,false,fixture-0136,sim-cloud-baseline,1.0.0,3,document_0136.json,2026-04-01_Acme-Labs_meeting-notes_REF-0136.json,2026-04-01_meeting-notes_REF-0136.json,1,0,3,569,0,Seeded modeled result; no desktop or web application executed.
true,false,fixture-0136,sim-local-baseline,1.0.0,1,document_0136.json,2026-04-01_Acme-Labs_meeting-notes_REF-0136.json,2026-04-01_meeting-notes_REF-0136.json,1,0,3,893,0,Seeded modeled result; no desktop or web application executed.
true,false,fixture-0136,sim-local-baseline,1.0.0,2,document_0136.json,2026-04-01_Acme-Labs_meeting-notes_REF-0136.json,2026-04-01_meeting-notes_REF-0136.json,1,0,3,997,0,Seeded modeled result; no desktop or web application executed.
true,false,fixture-0136,sim-local-baseline,1.0.0,3,document_0136.json,2026-04-01_Acme-Labs_meeting-notes_REF-0136.json,2026-04-01_Acme-Labs_meeting-notes_REF-0136.json,1,1,3,912,0,Seeded modeled result; no desktop or web application executed.
true,false,fixture-0136,sim-rule-baseline,1.0.0,1,document_0136.json,2026-04-01_Acme-Labs_meeting-notes_REF-0136.json,2026-04-01_meeting-notes_REF-0136.json,1,0,2,108,0,Seeded modeled result; no desktop or web application executed.
true,false,fixture-0136,sim-rule-baseline,1.0.0,2,document_0136.json,2026-04-01_Acme-Labs_meeting-notes_REF-0136.json,2026-04-01_meeting-notes_REF-0136.json,1,0,0,74,0,Seeded modeled result; no desktop or web application executed.
true,false,fixture-0136,sim-rule-baseline,1.0.0,3,document_0136.json,2026-04-01_Acme-Labs_meeting-notes_REF-0136.json,2026-04-01_meeting-notes_REF-0136.json,1,0,0,104,0,Seeded modeled result; no desktop or web application executed.
true,false,fixture-0137,sim-reference-workflow,1.0.0,1,document_0137.xml,2026-05-02_Riverstone-Co_invoice_REF-0137.xml,2026-05-02_Riverstone-Co_invoice_REF-0137.xml,1,1,3,468,0,Seeded modeled result; no desktop or web application executed.
true,false,fixture-0137,sim-reference-workflow,1.0.0,2,document_0137.xml,2026-05-02_Riverstone-Co_invoice_REF-0137.xml,2026-05-02_Riverstone-Co_invoice_REF-0137.xml,1,1,3,643,0,Seeded modeled result; no desktop or web application executed.
true,false,fixture-0137,sim-reference-workflow,1.0.0,3,document_0137.xml,2026-05-02_Riverstone-Co_invoice_REF-0137.xml,2026-05-02_invoice_REF-0137.xml,1,0,3,602,0,Seeded modeled result; no desktop or web application executed.
true,false,fixture-0137,sim-cloud-baseline,1.0.0,1,document_0137.xml,2026-05-02_Riverstone-Co_invoice_REF-0137.xml,2026-05-02_Riverstone-Co_invoice_REF-0137.xml,1,1,3,725,0,Seeded modeled result; no desktop or web application executed.
true,false,fixture-0137,sim-cloud-baseline,1.0.0,2,document_0137.xml,2026-05-02_Riverstone-Co_invoice_REF-0137.xml,2026-05-02_invoice_REF-0137.xml,1,0,2,748,0,Seeded modeled result; no desktop or web application executed.
true,false,fixture-0137,sim-cloud-baseline,1.0.0,3,document_0137.xml,2026-05-02_Riverstone-Co_invoice_REF-0137.xml,2026-05-02_Riverstone-Co_invoice_REF-0137.xml,1,1,3,591,0,Seeded modeled result; no desktop or web application executed.
true,false,fixture-0137,sim-local-baseline,1.0.0,1,document_0137.xml,2026-05-02_Riverstone-Co_invoice_REF-0137.xml,2026-05-02_Riverstone-Co_invoice_REF-0137.xml,1,1,3,992,0,Seeded modeled result; no desktop or web application executed.
true,false,fixture-0137,sim-local-baseline,1.0.0,2,document_0137.xml,2026-05-02_Riverstone-Co_invoice_REF-0137.xml,2026-05-02/invoice:REF-0137.xml,0,0,3,841,1,Seeded modeled result; no desktop or web application executed.
true,false,fixture-0137,sim-local-baseline,1.0.0,3,document_0137.xml,2026-05-02_Riverstone-Co_invoice_REF-0137.xml,2026-05-02_Riverstone-Co_invoice_REF-0137.xml,1,1,3,1050,0,Seeded modeled result; no desktop or web application executed.
true,false,fixture-0137,sim-rule-baseline,1.0.0,1,document_0137.xml,2026-05-02_Riverstone-Co_invoice_REF-0137.xml,2026-05-02_invoice_REF-0137.xml,1,0,1,112,0,Seeded modeled result; no desktop or web application executed.
true,false,fixture-0137,sim-rule-baseline,1.0.0,2,document_0137.xml,2026-05-02_Riverstone-Co_invoice_REF-0137.xml,2026-05-02_invoice_REF-0137.xml,1,0,1,89,0,Seeded modeled result; no desktop or web application executed.
true,false,fixture-0137,sim-rule-baseline,1.0.0,3,document_0137.xml,2026-05-02_Riverstone-Co_invoice_REF-0137.xml,2026-05-02_invoice_REF-0137.xml,1,0,1,84,0,Seeded modeled result; no desktop or web application executed.
true,false,fixture-0138,sim-reference-workflow,1.0.0,1,document_0138.yaml,2026-06-03_Bluebird-Health_meeting-notes_REF-0138.yaml,2026-06-03_Bluebird-Health_meeting-notes_REF-0138.yaml,1,1,3,640,0,Seeded modeled result; no desktop or web application executed.
true,false,fixture-0138,sim-reference-workflow,1.0.0,2,document_0138.yaml,2026-06-03_Bluebird-Health_meeting-notes_REF-0138.yaml,2026-06-03_Bluebird-Health_meeting-notes_REF-0138.yaml,1,1,3,571,0,Seeded modeled result; no desktop or web application executed.
true,false,fixture-0138,sim-reference-workflow,1.0.0,3,document_0138.yaml,2026-06-03_Bluebird-Health_meeting-notes_REF-0138.yaml,2026-06-03_Bluebird-Health_meeting-notes_REF-0138.yaml,1,1,3,454,0,Seeded modeled result; no desktop or web application executed.
true,false,fixture-0138,sim-cloud-baseline,1.0.0,1,document_0138.yaml,2026-06-03_Bluebird-Health_meeting-notes_REF-0138.yaml,2026-06-03_Bluebird-Health_meeting-notes_REF-0138.yaml,1,1,3,884,0,Seeded modeled result; no desktop or web application executed.
true,false,fixture-0138,sim-cloud-baseline,1.0.0,2,document_0138.yaml,2026-06-03_Bluebird-Health_meeting-notes_REF-0138.yaml,2026-06-03_meeting-notes_REF-0138.yaml,1,0,2,726,0,Seeded modeled result; no desktop or web application executed.
true,false,fixture-0138,sim-cloud-baseline,1.0.0,3,document_0138.yaml,2026-06-03_Bluebird-Health_meeting-notes_REF-0138.yaml,2026-06-03_Bluebird-Health_meeting-notes_REF-0138.yaml,1,1,3,809,0,Seeded modeled result; no desktop or web application executed.
true,false,fixture-0138,sim-local-baseline,1.0.0,1,document_0138.yaml,2026-06-03_Bluebird-Health_meeting-notes_REF-0138.yaml,2026-06-03_Bluebird-Health_meeting-notes_REF-0138.yaml,1,1,3,874,0,Seeded modeled result; no desktop or web application executed.
true,false,fixture-0138,sim-local-baseline,1.0.0,2,document_0138.yaml,2026-06-03_Bluebird-Health_meeting-notes_REF-0138.yaml,2026-06-03_Bluebird-Health_meeting-notes_REF-0138.yaml,1,1,3,1099,0,Seeded modeled result; no desktop or web application executed.
true,false,fixture-0138,sim-local-baseline,1.0.0,3,document_0138.yaml,2026-06-03_Bluebird-Health_meeting-notes_REF-0138.yaml,2026-06-03_Bluebird-Health_meeting-notes_REF-0138.yaml,1,1,3,1202,0,Seeded modeled result; no desktop or web application executed.
true,false,fixture-0138,sim-rule-baseline,1.0.0,1,document_0138.yaml,2026-06-03_Bluebird-Health_meeting-notes_REF-0138.yaml,2026-06-03_meeting-notes_REF-0138.yaml,1,0,1,74,0,Seeded modeled result; no desktop or web application executed.
true,false,fixture-0138,sim-rule-baseline,1.0.0,2,document_0138.yaml,2026-06-03_Bluebird-Health_meeting-notes_REF-0138.yaml,2026-06-03_meeting-notes_REF-0138.yaml,1,0,1,79,0,Seeded modeled result; no desktop or web application executed.
true,false,fixture-0138,sim-rule-baseline,1.0.0,3,document_0138.yaml,2026-06-03_Bluebird-Health_meeting-notes_REF-0138.yaml,2026-06-03_meeting-notes_REF-0138.yaml,1,0,0,79,0,Seeded modeled result; no desktop or web application executed.
true,false,fixture-0139,sim-reference-workflow,1.0.0,1,document_0139.html,2026-07-04_Northstar-Studio_invoice_REF-0139.html,2026-07-04_Northstar-Studio_invoice_REF-0139.html,1,1,3,531,0,Seeded modeled result; no desktop or web application executed.
true,false,fixture-0139,sim-reference-workflow,1.0.0,2,document_0139.html,2026-07-04_Northstar-Studio_invoice_REF-0139.html,2026-07-04_Northstar-Studio_invoice_REF-0139.html,1,1,3,559,0,Seeded modeled result; no desktop or web application executed.
true,false,fixture-0139,sim-reference-workflow,1.0.0,3,document_0139.html,2026-07-04_Northstar-Studio_invoice_REF-0139.html,2026-07-04_Northstar-Studio_invoice_REF-0139.html,1,1,3,577,0,Seeded modeled result; no desktop or web application executed.
true,false,fixture-0139,sim-cloud-baseline,1.0.0,1,document_0139.html,2026-07-04_Northstar-Studio_invoice_REF-0139.html,2026-07-04_Northstar-Studio_invoice_REF-0139.html,1,1,3,749,0,Seeded modeled result; no desktop or web application executed.
true,false,fixture-0139,sim-cloud-baseline,1.0.0,2,document_0139.html,2026-07-04_Northstar-Studio_invoice_REF-0139.html,2026-07-04_Northstar-Studio_invoice_REF-0139.html,1,1,3,569,0,Seeded modeled result; no desktop or web application executed.
true,false,fixture-0139,sim-cloud-baseline,1.0.0,3,document_0139.html,2026-07-04_Northstar-Studio_invoice_REF-0139.html,2026-07-04_Northstar-Studio_invoice_REF-0139.html,1,1,3,662,0,Seeded modeled result; no desktop or web application executed.
true,false,fixture-0139,sim-local-baseline,1.0.0,1,document_0139.html,2026-07-04_Northstar-Studio_invoice_REF-0139.html,2026-07-04_Northstar-Studio_invoice_REF-0139.html,1,1,3,751,0,Seeded modeled result; no desktop or web application executed.
true,false,fixture-0139,sim-local-baseline,1.0.0,2,document_0139.html,2026-07-04_Northstar-Studio_invoice_REF-0139.html,2026-07-04_invoice_REF-0139.html,1,0,3,1204,0,Seeded modeled result; no desktop or web application executed.
true,false,fixture-0139,sim-local-baseline,1.0.0,3,document_0139.html,2026-07-04_Northstar-Studio_invoice_REF-0139.html,2026-07-04_invoice_REF-0139.html,1,0,3,1167,0,Seeded modeled result; no desktop or web application executed.
true,false,fixture-0139,sim-rule-baseline,1.0.0,1,document_0139.html,2026-07-04_Northstar-Studio_invoice_REF-0139.html,2026-07-04_invoice_REF-0139.html,1,0,2,82,0,Seeded modeled result; no desktop or web application executed.
true,false,fixture-0139,sim-rule-baseline,1.0.0,2,document_0139.html,2026-07-04_Northstar-Studio_invoice_REF-0139.html,2026-07-04_Northstar-Studio_invoice_REF-0139.html,1,1,3,110,0,Seeded modeled result; no desktop or web application executed.
true,false,fixture-0139,sim-rule-baseline,1.0.0,3,document_0139.html,2026-07-04_Northstar-Studio_invoice_REF-0139.html,2026-07-04_Northstar-Studio_invoice_REF-0139.html,1,1,3,82,0,Seeded modeled result; no desktop or web application executed.
true,false,fixture-0140,sim-reference-workflow,1.0.0,1,document_0140.eml,2026-08-05_Pinecone-Works_meeting-notes_REF-0140.eml,2026-08-05_Pinecone-Works_meeting-notes_REF-0140.eml,1,1,3,634,0,Seeded modeled result; no desktop or web application executed.
true,false,fixture-0140,sim-reference-workflow,1.0.0,2,document_0140.eml,2026-08-05_Pinecone-Works_meeting-notes_REF-0140.eml,2026-08-05_Pinecone-Works_meeting-notes_REF-0140.eml,1,1,3,615,0,Seeded modeled result; no desktop or web application executed.
true,false,fixture-0140,sim-reference-workflow,1.0.0,3,document_0140.eml,2026-08-05_Pinecone-Works_meeting-notes_REF-0140.eml,2026-08-05_Pinecone-Works_meeting-notes_REF-0140.eml,1,1,3,570,0,Seeded modeled result; no desktop or web application executed.
true,false,fixture-0140,sim-cloud-baseline,1.0.0,1,document_0140.eml,2026-08-05_Pinecone-Works_meeting-notes_REF-0140.eml,2026-08-05_Pinecone-Works_meeting-notes_REF-0140.eml,1,1,3,883,0,Seeded modeled result; no desktop or web application executed.
true,false,fixture-0140,sim-cloud-baseline,1.0.0,2,document_0140.eml,2026-08-05_Pinecone-Works_meeting-notes_REF-0140.eml,2026-08-05_Pinecone-Works_meeting-notes_REF-0140.eml,1,1,3,857,0,Seeded modeled result; no desktop or web application executed.
true,false,fixture-0140,sim-cloud-baseline,1.0.0,3,document_0140.eml,2026-08-05_Pinecone-Works_meeting-notes_REF-0140.eml,2026-08-05_Pinecone-Works_meeting-notes_REF-0140.eml,1,1,3,721,0,Seeded modeled result; no desktop or web application executed.
true,false,fixture-0140,sim-local-baseline,1.0.0,1,document_0140.eml,2026-08-05_Pinecone-Works_meeting-notes_REF-0140.eml,2026-08-05_Pinecone-Works_meeting-notes_REF-0140.eml,1,1,3,1211,0,Seeded modeled result; no desktop or web application executed.
true,false,fixture-0140,sim-local-baseline,1.0.0,2,document_0140.eml,2026-08-05_Pinecone-Works_meeting-notes_REF-0140.eml,2026-08-05_Pinecone-Works_meeting-notes_REF-0140.eml,1,1,3,761,0,Seeded modeled result; no desktop or web application executed.
true,false,fixture-0140,sim-local-baseline,1.0.0,3,document_0140.eml,2026-08-05_Pinecone-Works_meeting-notes_REF-0140.eml,2026-08-05_Pinecone-Works_meeting-notes_REF-0140.eml,1,1,3,947,0,Seeded modeled result; no desktop or web application executed.
true,false,fixture-0140,sim-rule-baseline,1.0.0,1,document_0140.eml,2026-08-05_Pinecone-Works_meeting-notes_REF-0140.eml,2026-08-05_meeting-notes_REF-0140.eml,1,0,1,70,0,Seeded modeled result; no desktop or web application executed.
true,false,fixture-0140,sim-rule-baseline,1.0.0,2,document_0140.eml,2026-08-05_Pinecone-Works_meeting-notes_REF-0140.eml,2026-08-05_meeting-notes_REF-0140.eml,1,0,2,103,0,Seeded modeled result; no desktop or web application executed.
true,false,fixture-0140,sim-rule-baseline,1.0.0,3,document_0140.eml,2026-08-05_Pinecone-Works_meeting-notes_REF-0140.eml,2026-08-05_meeting-notes_REF-0140.eml,1,0,0,95,0,Seeded modeled result; no desktop or web application executed.
true,false,fixture-0141,sim-reference-workflow,1.0.0,1,document_0141.srt,2026-09-06_Acme-Labs_invoice_REF-0141.srt,2026-09-06_Acme-Labs_invoice_REF-0141.srt,1,1,3,640,0,Seeded modeled result; no desktop or web application executed.
true,false,fixture-0141,sim-reference-workflow,1.0.0,2,document_0141.srt,2026-09-06_Acme-Labs_invoice_REF-0141.srt,2026-09-06_Acme-Labs_invoice_REF-0141.srt,1,1,3,524,0,Seeded modeled result; no desktop or web application executed.
true,false,fixture-0141,sim-reference-workflow,1.0.0,3,document_0141.srt,2026-09-06_Acme-Labs_invoice_REF-0141.srt,2026-09-06_Acme-Labs_invoice_REF-0141.srt,1,1,3,642,0,Seeded modeled result; no desktop or web application executed.
true,false,fixture-0141,sim-cloud-baseline,1.0.0,1,document_0141.srt,2026-09-06_Acme-Labs_invoice_REF-0141.srt,2026-09-06_Acme-Labs_invoice_REF-0141.srt,1,1,3,802,0,Seeded modeled result; no desktop or web application executed.
true,false,fixture-0141,sim-cloud-baseline,1.0.0,2,document_0141.srt,2026-09-06_Acme-Labs_invoice_REF-0141.srt,2026-09-06_Acme-Labs_invoice_REF-0141.srt,1,1,3,681,0,Seeded modeled result; no desktop or web application executed.
true,false,fixture-0141,sim-cloud-baseline,1.0.0,3,document_0141.srt,2026-09-06_Acme-Labs_invoice_REF-0141.srt,2026-09-06_Acme-Labs_invoice_REF-0141.srt,1,1,3,625,0,Seeded modeled result; no desktop or web application executed.
true,false,fixture-0141,sim-local-baseline,1.0.0,1,document_0141.srt,2026-09-06_Acme-Labs_invoice_REF-0141.srt,2026-09-06_Acme-Labs_invoice_REF-0141.srt,0,1,3,803,0,Seeded modeled result; no desktop or web application executed.
true,false,fixture-0141,sim-local-baseline,1.0.0,2,document_0141.srt,2026-09-06_Acme-Labs_invoice_REF-0141.srt,2026-09-06_Acme-Labs_invoice_REF-0141.srt,0,1,3,769,1,Seeded modeled result; no desktop or web application executed.
true,false,fixture-0141,sim-local-baseline,1.0.0,3,document_0141.srt,2026-09-06_Acme-Labs_invoice_REF-0141.srt,2026-09-06_invoice_REF-0141.srt,1,0,3,1037,0,Seeded modeled result; no desktop or web application executed.
true,false,fixture-0141,sim-rule-baseline,1.0.0,1,document_0141.srt,2026-09-06_Acme-Labs_invoice_REF-0141.srt,2026-09-06_invoice_REF-0141.srt,1,0,1,110,0,Seeded modeled result; no desktop or web application executed.
true,false,fixture-0141,sim-rule-baseline,1.0.0,2,document_0141.srt,2026-09-06_Acme-Labs_invoice_REF-0141.srt,2026-09-06_invoice_REF-0141.srt,1,0,1,78,0,Seeded modeled result; no desktop or web application executed.
true,false,fixture-0141,sim-rule-baseline,1.0.0,3,document_0141.srt,2026-09-06_Acme-Labs_invoice_REF-0141.srt,2026-09-06_invoice_REF-0141.srt,1,0,2,90,0,Seeded modeled result; no desktop or web application executed.
true,false,fixture-0142,sim-reference-workflow,1.0.0,1,document_0142.vtt,2026-10-07_Riverstone-Co_meeting-notes_REF-0142.vtt,2026-10-07_Riverstone-Co_meeting-notes_REF-0142.vtt,1,1,3,633,0,Seeded modeled result; no desktop or web application executed.
true,false,fixture-0142,sim-reference-workflow,1.0.0,2,document_0142.vtt,2026-10-07_Riverstone-Co_meeting-notes_REF-0142.vtt,2026-10-07_Riverstone-Co_meeting-notes_REF-0142.vtt,1,1,3,505,0,Seeded modeled result; no desktop or web application executed.
true,false,fixture-0142,sim-reference-workflow,1.0.0,3,document_0142.vtt,2026-10-07_Riverstone-Co_meeting-notes_REF-0142.vtt,2026-10-07_Riverstone-Co_meeting-notes_REF-0142.vtt,1,1,3,539,0,Seeded modeled result; no desktop or web application executed.
true,false,fixture-0142,sim-cloud-baseline,1.0.0,1,document_0142.vtt,2026-10-07_Riverstone-Co_meeting-notes_REF-0142.vtt,2026-10-07_Riverstone-Co_meeting-notes_REF-0142.vtt,1,1,3,869,0,Seeded modeled result; no desktop or web application executed.
true,false,fixture-0142,sim-cloud-baseline,1.0.0,2,document_0142.vtt,2026-10-07_Riverstone-Co_meeting-notes_REF-0142.vtt,2026-10-07_Riverstone-Co_meeting-notes_REF-0142.vtt,1,1,3,675,0,Seeded modeled result; no desktop or web application executed.
true,false,fixture-0142,sim-cloud-baseline,1.0.0,3,document_0142.vtt,2026-10-07_Riverstone-Co_meeting-notes_REF-0142.vtt,2026-10-07_Riverstone-Co_meeting-notes_REF-0142.vtt,1,1,3,825,0,Seeded modeled result; no desktop or web application executed.
true,false,fixture-0142,sim-local-baseline,1.0.0,1,document_0142.vtt,2026-10-07_Riverstone-Co_meeting-notes_REF-0142.vtt,2026-10-07_meeting-notes_REF-0142.vtt,1,0,2,864,0,Seeded modeled result; no desktop or web application executed.
true,false,fixture-0142,sim-local-baseline,1.0.0,2,document_0142.vtt,2026-10-07_Riverstone-Co_meeting-notes_REF-0142.vtt,2026-10-07_Riverstone-Co_meeting-notes_REF-0142.vtt,1,1,3,915,0,Seeded modeled result; no desktop or web application executed.
true,false,fixture-0142,sim-local-baseline,1.0.0,3,document_0142.vtt,2026-10-07_Riverstone-Co_meeting-notes_REF-0142.vtt,2026-10-07_Riverstone-Co_meeting-notes_REF-0142.vtt,1,1,3,855,0,Seeded modeled result; no desktop or web application executed.
true,false,fixture-0142,sim-rule-baseline,1.0.0,1,document_0142.vtt,2026-10-07_Riverstone-Co_meeting-notes_REF-0142.vtt,2026-10-07_meeting-notes_REF-0142.vtt,1,0,1,74,0,Seeded modeled result; no desktop or web application executed.
true,false,fixture-0142,sim-rule-baseline,1.0.0,2,document_0142.vtt,2026-10-07_Riverstone-Co_meeting-notes_REF-0142.vtt,2026-10-07_meeting-notes_REF-0142.vtt,1,0,2,69,0,Seeded modeled result; no desktop or web application executed.
true,false,fixture-0142,sim-rule-baseline,1.0.0,3,document_0142.vtt,2026-10-07_Riverstone-Co_meeting-notes_REF-0142.vtt,2026-10-07_meeting-notes_REF-0142.vtt,1,0,1,72,0,Seeded modeled result; no desktop or web application executed.
true,false,fixture-0143,sim-reference-workflow,1.0.0,1,document_0143.svg,2026-11-08_Bluebird-Health_invoice_REF-0143.svg,2026-11-08_Bluebird-Health_invoice_REF-0143.svg,1,1,3,558,0,Seeded modeled result; no desktop or web application executed.
true,false,fixture-0143,sim-reference-workflow,1.0.0,2,document_0143.svg,2026-11-08_Bluebird-Health_invoice_REF-0143.svg,2026-11-08_Bluebird-Health_invoice_REF-0143.svg,1,1,3,457,0,Seeded modeled result; no desktop or web application executed.
true,false,fixture-0143,sim-reference-workflow,1.0.0,3,document_0143.svg,2026-11-08_Bluebird-Health_invoice_REF-0143.svg,2026-11-08_Bluebird-Health_invoice_REF-0143.svg,1,1,3,451,0,Seeded modeled result; no desktop or web application executed.
true,false,fixture-0143,sim-cloud-baseline,1.0.0,1,document_0143.svg,2026-11-08_Bluebird-Health_invoice_REF-0143.svg,2026-11-08_Bluebird-Health_invoice_REF-0143.svg,1,1,3,808,0,Seeded modeled result; no desktop or web application executed.
true,false,fixture-0143,sim-cloud-baseline,1.0.0,2,document_0143.svg,2026-11-08_Bluebird-Health_invoice_REF-0143.svg,2026-11-08_Bluebird-Health_invoice_REF-0143.svg,1,1,3,766,0,Seeded modeled result; no desktop or web application executed.
true,false,fixture-0143,sim-cloud-baseline,1.0.0,3,document_0143.svg,2026-11-08_Bluebird-Health_invoice_REF-0143.svg,2026-11-08_Bluebird-Health_invoice_REF-0143.svg,1,1,3,760,0,Seeded modeled result; no desktop or web application executed.
true,false,fixture-0143,sim-local-baseline,1.0.0,1,document_0143.svg,2026-11-08_Bluebird-Health_invoice_REF-0143.svg,2026-11-08_Bluebird-Health_invoice_REF-0143.svg,1,1,3,833,0,Seeded modeled result; no desktop or web application executed.
true,false,fixture-0143,sim-local-baseline,1.0.0,2,document_0143.svg,2026-11-08_Bluebird-Health_invoice_REF-0143.svg,2026-11-08_Bluebird-Health_invoice_REF-0143.svg,1,1,3,1202,0,Seeded modeled result; no desktop or web application executed.
true,false,fixture-0143,sim-local-baseline,1.0.0,3,document_0143.svg,2026-11-08_Bluebird-Health_invoice_REF-0143.svg,2026-11-08_invoice_REF-0143.svg,1,0,2,1171,0,Seeded modeled result; no desktop or web application executed.
true,false,fixture-0143,sim-rule-baseline,1.0.0,1,document_0143.svg,2026-11-08_Bluebird-Health_invoice_REF-0143.svg,2026-11-08_invoice_REF-0143.svg,1,0,0,107,0,Seeded modeled result; no desktop or web application executed.
true,false,fixture-0143,sim-rule-baseline,1.0.0,2,document_0143.svg,2026-11-08_Bluebird-Health_invoice_REF-0143.svg,2026-11-08_invoice_REF-0143.svg,1,0,1,70,0,Seeded modeled result; no desktop or web application executed.
true,false,fixture-0143,sim-rule-baseline,1.0.0,3,document_0143.svg,2026-11-08_Bluebird-Health_invoice_REF-0143.svg,2026-11-08_Bluebird-Health_invoice_REF-0143.svg,1,1,3,107,0,Seeded modeled result; no desktop or web application executed.
true,false,fixture-0144,sim-reference-workflow,1.0.0,1,document_0144.txt,2026-12-09_Northstar-Studio_meeting-notes_REF-0144.txt,2026-12-09_Northstar-Studio_meeting-notes_REF-0144.txt,1,1,3,524,0,Seeded modeled result; no desktop or web application executed.
true,false,fixture-0144,sim-reference-workflow,1.0.0,2,document_0144.txt,2026-12-09_Northstar-Studio_meeting-notes_REF-0144.txt,2026-12-09_Northstar-Studio_meeting-notes_REF-0144.txt,1,1,3,434,0,Seeded modeled result; no desktop or web application executed.
true,false,fixture-0144,sim-reference-workflow,1.0.0,3,document_0144.txt,2026-12-09_Northstar-Studio_meeting-notes_REF-0144.txt,2026-12-09_Northstar-Studio_meeting-notes_REF-0144.txt,1,1,3,467,0,Seeded modeled result; no desktop or web application executed.
true,false,fixture-0144,sim-cloud-baseline,1.0.0,1,document_0144.txt,2026-12-09_Northstar-Studio_meeting-notes_REF-0144.txt,2026-12-09_Northstar-Studio_meeting-notes_REF-0144.txt,1,1,3,780,0,Seeded modeled result; no desktop or web application executed.
true,false,fixture-0144,sim-cloud-baseline,1.0.0,2,document_0144.txt,2026-12-09_Northstar-Studio_meeting-notes_REF-0144.txt,2026-12-09_Northstar-Studio_meeting-notes_REF-0144.txt,1,1,3,919,0,Seeded modeled result; no desktop or web application executed.
true,false,fixture-0144,sim-cloud-baseline,1.0.0,3,document_0144.txt,2026-12-09_Northstar-Studio_meeting-notes_REF-0144.txt,2026-12-09_meeting-notes_REF-0144.txt,1,0,3,604,0,Seeded modeled result; no desktop or web application executed.
true,false,fixture-0144,sim-local-baseline,1.0.0,1,document_0144.txt,2026-12-09_Northstar-Studio_meeting-notes_REF-0144.txt,2026-12-09_Northstar-Studio_meeting-notes_REF-0144.txt,1,1,3,946,0,Seeded modeled result; no desktop or web application executed.
true,false,fixture-0144,sim-local-baseline,1.0.0,2,document_0144.txt,2026-12-09_Northstar-Studio_meeting-notes_REF-0144.txt,2026-12-09_meeting-notes_REF-0144.txt,1,0,2,807,0,Seeded modeled result; no desktop or web application executed.
true,false,fixture-0144,sim-local-baseline,1.0.0,3,document_0144.txt,2026-12-09_Northstar-Studio_meeting-notes_REF-0144.txt,2026-12-09_meeting-notes_REF-0144.txt,1,0,2,839,0,Seeded modeled result; no desktop or web application executed.
true,false,fixture-0144,sim-rule-baseline,1.0.0,1,document_0144.txt,2026-12-09_Northstar-Studio_meeting-notes_REF-0144.txt,2026-12-09_meeting-notes_REF-0144.txt,1,0,1,102,0,Seeded modeled result; no desktop or web application executed.
true,false,fixture-0144,sim-rule-baseline,1.0.0,2,document_0144.txt,2026-12-09_Northstar-Studio_meeting-notes_REF-0144.txt,2026-12-09_meeting-notes_REF-0144.txt,1,0,0,93,0,Seeded modeled result; no desktop or web application executed.
true,false,fixture-0144,sim-rule-baseline,1.0.0,3,document_0144.txt,2026-12-09_Northstar-Studio_meeting-notes_REF-0144.txt,2026-12-09_meeting-notes_REF-0144.txt,1,0,2,80,0,Seeded modeled result; no desktop or web application executed.
true,false,fixture-0145,sim-reference-workflow,1.0.0,1,document_0145.md,2026-01-10_Pinecone-Works_invoice_REF-0145.md,2026-01-10_Pinecone-Works_invoice_REF-0145.md,1,1,3,414,0,Seeded modeled result; no desktop or web application executed.
true,false,fixture-0145,sim-reference-workflow,1.0.0,2,document_0145.md,2026-01-10_Pinecone-Works_invoice_REF-0145.md,2026-01-10_Pinecone-Works_invoice_REF-0145.md,1,1,3,561,0,Seeded modeled result; no desktop or web application executed.
true,false,fixture-0145,sim-reference-workflow,1.0.0,3,document_0145.md,2026-01-10_Pinecone-Works_invoice_REF-0145.md,2026-01-10_Pinecone-Works_invoice_REF-0145.md,1,1,3,419,0,Seeded modeled result; no desktop or web application executed.
true,false,fixture-0145,sim-cloud-baseline,1.0.0,1,document_0145.md,2026-01-10_Pinecone-Works_invoice_REF-0145.md,2026-01-10_Pinecone-Works_invoice_REF-0145.md,1,1,3,822,0,Seeded modeled result; no desktop or web application executed.
true,false,fixture-0145,sim-cloud-baseline,1.0.0,2,document_0145.md,2026-01-10_Pinecone-Works_invoice_REF-0145.md,2026-01-10_Pinecone-Works_invoice_REF-0145.md,1,1,3,774,0,Seeded modeled result; no desktop or web application executed.
true,false,fixture-0145,sim-cloud-baseline,1.0.0,3,document_0145.md,2026-01-10_Pinecone-Works_invoice_REF-0145.md,2026-01-10_Pinecone-Works_invoice_REF-0145.md,1,1,3,829,0,Seeded modeled result; no desktop or web application executed.
true,false,fixture-0145,sim-local-baseline,1.0.0,1,document_0145.md,2026-01-10_Pinecone-Works_invoice_REF-0145.md,2026-01-10_Pinecone-Works_invoice_REF-0145.md,1,1,3,1007,0,Seeded modeled result; no desktop or web application executed.
true,false,fixture-0145,sim-local-baseline,1.0.0,2,document_0145.md,2026-01-10_Pinecone-Works_invoice_REF-0145.md,2026-01-10_Pinecone-Works_invoice_REF-0145.md,1,1,3,777,0,Seeded modeled result; no desktop or web application executed.
true,false,fixture-0145,sim-local-baseline,1.0.0,3,document_0145.md,2026-01-10_Pinecone-Works_invoice_REF-0145.md,2026-01-10_invoice_REF-0145.md,1,0,0,1206,0,Seeded modeled result; no desktop or web application executed.
true,false,fixture-0145,sim-rule-baseline,1.0.0,1,document_0145.md,2026-01-10_Pinecone-Works_invoice_REF-0145.md,2026-01-10_Pinecone-Works_invoice_REF-0145.md,1,1,3,85,0,Seeded modeled result; no desktop or web application executed.
true,false,fixture-0145,sim-rule-baseline,1.0.0,2,document_0145.md,2026-01-10_Pinecone-Works_invoice_REF-0145.md,2026-01-10_Pinecone-Works_invoice_REF-0145.md,1,1,3,91,0,Seeded modeled result; no desktop or web application executed.
true,false,fixture-0145,sim-rule-baseline,1.0.0,3,document_0145.md,2026-01-10_Pinecone-Works_invoice_REF-0145.md,2026-01-10_invoice_REF-0145.md,1,0,2,78,0,Seeded modeled result; no desktop or web application executed.
true,false,fixture-0146,sim-reference-workflow,1.0.0,1,document_0146.csv,2026-02-11_Acme-Labs_meeting-notes_REF-0146.csv,2026-02-11_Acme-Labs_meeting-notes_REF-0146.csv,1,1,3,537,0,Seeded modeled result; no desktop or web application executed.
true,false,fixture-0146,sim-reference-workflow,1.0.0,2,document_0146.csv,2026-02-11_Acme-Labs_meeting-notes_REF-0146.csv,2026-02-11_Acme-Labs_meeting-notes_REF-0146.csv,1,1,3,418,0,Seeded modeled result; no desktop or web application executed.
true,false,fixture-0146,sim-reference-workflow,1.0.0,3,document_0146.csv,2026-02-11_Acme-Labs_meeting-notes_REF-0146.csv,2026-02-11_Acme-Labs_meeting-notes_REF-0146.csv,1,1,3,516,0,Seeded modeled result; no desktop or web application executed.
true,false,fixture-0146,sim-cloud-baseline,1.0.0,1,document_0146.csv,2026-02-11_Acme-Labs_meeting-notes_REF-0146.csv,2026-02-11_Acme-Labs_meeting-notes_REF-0146.csv,1,1,3,656,0,Seeded modeled result; no desktop or web application executed.
true,false,fixture-0146,sim-cloud-baseline,1.0.0,2,document_0146.csv,2026-02-11_Acme-Labs_meeting-notes_REF-0146.csv,2026-02-11_Acme-Labs_meeting-notes_REF-0146.csv,1,1,3,787,0,Seeded modeled result; no desktop or web application executed.
true,false,fixture-0146,sim-cloud-baseline,1.0.0,3,document_0146.csv,2026-02-11_Acme-Labs_meeting-notes_REF-0146.csv,2026-02-11_Acme-Labs_meeting-notes_REF-0146.csv,1,1,3,656,0,Seeded modeled result; no desktop or web application executed.
true,false,fixture-0146,sim-local-baseline,1.0.0,1,document_0146.csv,2026-02-11_Acme-Labs_meeting-notes_REF-0146.csv,2026-02-11_meeting-notes_REF-0146.csv,1,0,0,1192,0,Seeded modeled result; no desktop or web application executed.
true,false,fixture-0146,sim-local-baseline,1.0.0,2,document_0146.csv,2026-02-11_Acme-Labs_meeting-notes_REF-0146.csv,2026-02-11_meeting-notes_REF-0146.csv,1,0,1,833,0,Seeded modeled result; no desktop or web application executed.
true,false,fixture-0146,sim-local-baseline,1.0.0,3,document_0146.csv,2026-02-11_Acme-Labs_meeting-notes_REF-0146.csv,2026-02-11_Acme-Labs_meeting-notes_REF-0146.csv,1,1,3,1097,0,Seeded modeled result; no desktop or web application executed.
true,false,fixture-0146,sim-rule-baseline,1.0.0,1,document_0146.csv,2026-02-11_Acme-Labs_meeting-notes_REF-0146.csv,2026-02-11_Acme-Labs_meeting-notes_REF-0146.csv,1,1,3,101,0,Seeded modeled result; no desktop or web application executed.
true,false,fixture-0146,sim-rule-baseline,1.0.0,2,document_0146.csv,2026-02-11_Acme-Labs_meeting-notes_REF-0146.csv,2026-02-11_meeting-notes_REF-0146.csv,1,0,2,93,0,Seeded modeled result; no desktop or web application executed.
true,false,fixture-0146,sim-rule-baseline,1.0.0,3,document_0146.csv,2026-02-11_Acme-Labs_meeting-notes_REF-0146.csv,2026-02-11_meeting-notes_REF-0146.csv,1,0,1,86,0,Seeded modeled result; no desktop or web application executed.
true,false,fixture-0147,sim-reference-workflow,1.0.0,1,document_0147.json,2026-03-12_Riverstone-Co_invoice_REF-0147.json,2026-03-12_Riverstone-Co_invoice_REF-0147.json,1,1,3,440,0,Seeded modeled result; no desktop or web application executed.
true,false,fixture-0147,sim-reference-workflow,1.0.0,2,document_0147.json,2026-03-12_Riverstone-Co_invoice_REF-0147.json,2026-03-12_invoice_REF-0147.json,1,0,3,533,0,Seeded modeled result; no desktop or web application executed.
true,false,fixture-0147,sim-reference-workflow,1.0.0,3,document_0147.json,2026-03-12_Riverstone-Co_invoice_REF-0147.json,2026-03-12_Riverstone-Co_invoice_REF-0147.json,1,1,3,571,0,Seeded modeled result; no desktop or web application executed.
true,false,fixture-0147,sim-cloud-baseline,1.0.0,1,document_0147.json,2026-03-12_Riverstone-Co_invoice_REF-0147.json,2026-03-12_Riverstone-Co_invoice_REF-0147.json,1,1,3,618,0,Seeded modeled result; no desktop or web application executed.
true,false,fixture-0147,sim-cloud-baseline,1.0.0,2,document_0147.json,2026-03-12_Riverstone-Co_invoice_REF-0147.json,2026-03-12_Riverstone-Co_invoice_REF-0147.json,1,1,3,832,0,Seeded modeled result; no desktop or web application executed.
true,false,fixture-0147,sim-cloud-baseline,1.0.0,3,document_0147.json,2026-03-12_Riverstone-Co_invoice_REF-0147.json,2026-03-12_invoice_REF-0147.json,1,0,3,637,0,Seeded modeled result; no desktop or web application executed.
true,false,fixture-0147,sim-local-baseline,1.0.0,1,document_0147.json,2026-03-12_Riverstone-Co_invoice_REF-0147.json,2026-03-12_invoice_REF-0147.json,1,0,3,752,0,Seeded modeled result; no desktop or web application executed.
true,false,fixture-0147,sim-local-baseline,1.0.0,2,document_0147.json,2026-03-12_Riverstone-Co_invoice_REF-0147.json,2026-03-12_Riverstone-Co_invoice_REF-0147.json,1,1,3,869,0,Seeded modeled result; no desktop or web application executed.
true,false,fixture-0147,sim-local-baseline,1.0.0,3,document_0147.json,2026-03-12_Riverstone-Co_invoice_REF-0147.json,2026-03-12_Riverstone-Co_invoice_REF-0147.json,1,1,3,1003,0,Seeded modeled result; no desktop or web application executed.
true,false,fixture-0147,sim-rule-baseline,1.0.0,1,document_0147.json,2026-03-12_Riverstone-Co_invoice_REF-0147.json,2026-03-12_invoice_REF-0147.json,1,0,0,104,0,Seeded modeled result; no desktop or web application executed.
true,false,fixture-0147,sim-rule-baseline,1.0.0,2,document_0147.json,2026-03-12_Riverstone-Co_invoice_REF-0147.json,2026-03-12_invoice_REF-0147.json,1,0,2,90,0,Seeded modeled result; no desktop or web application executed.
true,false,fixture-0147,sim-rule-baseline,1.0.0,3,document_0147.json,2026-03-12_Riverstone-Co_invoice_REF-0147.json,2026-03-12_invoice_REF-0147.json,1,0,0,71,0,Seeded modeled result; no desktop or web application executed.
true,false,fixture-0148,sim-reference-workflow,1.0.0,1,document_0148.xml,2026-04-13_Bluebird-Health_meeting-notes_REF-0148.xml,2026-04-13_Bluebird-Health_meeting-notes_REF-0148.xml,1,1,3,478,0,Seeded modeled result; no desktop or web application executed.
true,false,fixture-0148,sim-reference-workflow,1.0.0,2,document_0148.xml,2026-04-13_Bluebird-Health_meeting-notes_REF-0148.xml,2026-04-13_Bluebird-Health_meeting-notes_REF-0148.xml,1,1,3,414,0,Seeded modeled result; no desktop or web application executed.
true,false,fixture-0148,sim-reference-workflow,1.0.0,3,document_0148.xml,2026-04-13_Bluebird-Health_meeting-notes_REF-0148.xml,2026-04-13_Bluebird-Health_meeting-notes_REF-0148.xml,1,1,3,494,0,Seeded modeled result; no desktop or web application executed.
true,false,fixture-0148,sim-cloud-baseline,1.0.0,1,document_0148.xml,2026-04-13_Bluebird-Health_meeting-notes_REF-0148.xml,2026-04-13_Bluebird-Health_meeting-notes_REF-0148.xml,1,1,3,661,0,Seeded modeled result; no desktop or web application executed.
true,false,fixture-0148,sim-cloud-baseline,1.0.0,2,document_0148.xml,2026-04-13_Bluebird-Health_meeting-notes_REF-0148.xml,2026-04-13_Bluebird-Health_meeting-notes_REF-0148.xml,1,1,3,649,0,Seeded modeled result; no desktop or web application executed.
true,false,fixture-0148,sim-cloud-baseline,1.0.0,3,document_0148.xml,2026-04-13_Bluebird-Health_meeting-notes_REF-0148.xml,2026-04-13_Bluebird-Health_meeting-notes_REF-0148.xml,1,1,3,683,0,Seeded modeled result; no desktop or web application executed.
true,false,fixture-0148,sim-local-baseline,1.0.0,1,document_0148.xml,2026-04-13_Bluebird-Health_meeting-notes_REF-0148.xml,2026-04-13_meeting-notes_REF-0148.xml,1,0,2,899,0,Seeded modeled result; no desktop or web application executed.
true,false,fixture-0148,sim-local-baseline,1.0.0,2,document_0148.xml,2026-04-13_Bluebird-Health_meeting-notes_REF-0148.xml,2026-04-13_Bluebird-Health_meeting-notes_REF-0148.xml,1,1,3,783,0,Seeded modeled result; no desktop or web application executed.
true,false,fixture-0148,sim-local-baseline,1.0.0,3,document_0148.xml,2026-04-13_Bluebird-Health_meeting-notes_REF-0148.xml,2026-04-13_Bluebird-Health_meeting-notes_REF-0148.xml,1,1,3,796,0,Seeded modeled result; no desktop or web application executed.
true,false,fixture-0148,sim-rule-baseline,1.0.0,1,document_0148.xml,2026-04-13_Bluebird-Health_meeting-notes_REF-0148.xml,2026-04-13_meeting-notes_REF-0148.xml,1,0,3,94,0,Seeded modeled result; no desktop or web application executed.
true,false,fixture-0148,sim-rule-baseline,1.0.0,2,document_0148.xml,2026-04-13_Bluebird-Health_meeting-notes_REF-0148.xml,2026-04-13_meeting-notes_REF-0148.xml,1,0,1,98,0,Seeded modeled result; no desktop or web application executed.
true,false,fixture-0148,sim-rule-baseline,1.0.0,3,document_0148.xml,2026-04-13_Bluebird-Health_meeting-notes_REF-0148.xml,2026-04-13_meeting-notes_REF-0148.xml,1,0,2,100,0,Seeded modeled result; no desktop or web application executed.
true,false,fixture-0149,sim-reference-workflow,1.0.0,1,document_0149.yaml,2026-05-14_Northstar-Studio_invoice_REF-0149.yaml,2026-05-14_Northstar-Studio_invoice_REF-0149.yaml,1,1,3,576,0,Seeded modeled result; no desktop or web application executed.
true,false,fixture-0149,sim-reference-workflow,1.0.0,2,document_0149.yaml,2026-05-14_Northstar-Studio_invoice_REF-0149.yaml,2026-05-14_Northstar-Studio_invoice_REF-0149.yaml,1,1,3,529,0,Seeded modeled result; no desktop or web application executed.
true,false,fixture-0149,sim-reference-workflow,1.0.0,3,document_0149.yaml,2026-05-14_Northstar-Studio_invoice_REF-0149.yaml,2026-05-14_Northstar-Studio_invoice_REF-0149.yaml,0,1,3,559,1,Seeded modeled result; no desktop or web application executed.
true,false,fixture-0149,sim-cloud-baseline,1.0.0,1,document_0149.yaml,2026-05-14_Northstar-Studio_invoice_REF-0149.yaml,2026-05-14_Northstar-Studio_invoice_REF-0149.yaml,1,1,3,560,0,Seeded modeled result; no desktop or web application executed.
true,false,fixture-0149,sim-cloud-baseline,1.0.0,2,document_0149.yaml,2026-05-14_Northstar-Studio_invoice_REF-0149.yaml,2026-05-14_Northstar-Studio_invoice_REF-0149.yaml,1,1,3,599,0,Seeded modeled result; no desktop or web application executed.
true,false,fixture-0149,sim-cloud-baseline,1.0.0,3,document_0149.yaml,2026-05-14_Northstar-Studio_invoice_REF-0149.yaml,2026-05-14_invoice_REF-0149.yaml,1,0,3,723,0,Seeded modeled result; no desktop or web application executed.
true,false,fixture-0149,sim-local-baseline,1.0.0,1,document_0149.yaml,2026-05-14_Northstar-Studio_invoice_REF-0149.yaml,2026-05-14_Northstar-Studio_invoice_REF-0149.yaml,1,1,3,857,0,Seeded modeled result; no desktop or web application executed.
true,false,fixture-0149,sim-local-baseline,1.0.0,2,document_0149.yaml,2026-05-14_Northstar-Studio_invoice_REF-0149.yaml,2026-05-14_Northstar-Studio_invoice_REF-0149.yaml,1,1,3,759,0,Seeded modeled result; no desktop or web application executed.
true,false,fixture-0149,sim-local-baseline,1.0.0,3,document_0149.yaml,2026-05-14_Northstar-Studio_invoice_REF-0149.yaml,2026-05-14_invoice_REF-0149.yaml,1,0,2,866,0,Seeded modeled result; no desktop or web application executed.
true,false,fixture-0149,sim-rule-baseline,1.0.0,1,document_0149.yaml,2026-05-14_Northstar-Studio_invoice_REF-0149.yaml,2026-05-14_Northstar-Studio_invoice_REF-0149.yaml,1,1,3,90,0,Seeded modeled result; no desktop or web application executed.
true,false,fixture-0149,sim-rule-baseline,1.0.0,2,document_0149.yaml,2026-05-14_Northstar-Studio_invoice_REF-0149.yaml,2026-05-14_Northstar-Studio_invoice_REF-0149.yaml,1,1,3,81,0,Seeded modeled result; no desktop or web application executed.
true,false,fixture-0149,sim-rule-baseline,1.0.0,3,document_0149.yaml,2026-05-14_Northstar-Studio_invoice_REF-0149.yaml,2026-05-14_Northstar-Studio_invoice_REF-0149.yaml,1,1,3,99,0,Seeded modeled result; no desktop or web application executed.
true,false,fixture-0150,sim-reference-workflow,1.0.0,1,document_0150.html,2026-06-15_Pinecone-Works_meeting-notes_REF-0150.html,2026-06-15_Pinecone-Works_meeting-notes_REF-0150.html,1,1,3,549,0,Seeded modeled result; no desktop or web application executed.
true,false,fixture-0150,sim-reference-workflow,1.0.0,2,document_0150.html,2026-06-15_Pinecone-Works_meeting-notes_REF-0150.html,2026-06-15_meeting-notes_REF-0150.html,1,0,3,625,0,Seeded modeled result; no desktop or web application executed.
true,false,fixture-0150,sim-reference-workflow,1.0.0,3,document_0150.html,2026-06-15_Pinecone-Works_meeting-notes_REF-0150.html,2026-06-15_Pinecone-Works_meeting-notes_REF-0150.html,1,1,3,625,0,Seeded modeled result; no desktop or web application executed.
true,false,fixture-0150,sim-cloud-baseline,1.0.0,1,document_0150.html,2026-06-15_Pinecone-Works_meeting-notes_REF-0150.html,2026-06-15_Pinecone-Works_meeting-notes_REF-0150.html,1,1,3,665,0,Seeded modeled result; no desktop or web application executed.
true,false,fixture-0150,sim-cloud-baseline,1.0.0,2,document_0150.html,2026-06-15_Pinecone-Works_meeting-notes_REF-0150.html,2026-06-15_Pinecone-Works_meeting-notes_REF-0150.html,1,1,3,838,0,Seeded modeled result; no desktop or web application executed.
true,false,fixture-0150,sim-cloud-baseline,1.0.0,3,document_0150.html,2026-06-15_Pinecone-Works_meeting-notes_REF-0150.html,2026-06-15_Pinecone-Works_meeting-notes_REF-0150.html,0,1,3,737,0,Seeded modeled result; no desktop or web application executed.
true,false,fixture-0150,sim-local-baseline,1.0.0,1,document_0150.html,2026-06-15_Pinecone-Works_meeting-notes_REF-0150.html,2026-06-15_Pinecone-Works_meeting-notes_REF-0150.html,1,1,3,817,0,Seeded modeled result; no desktop or web application executed.
true,false,fixture-0150,sim-local-baseline,1.0.0,2,document_0150.html,2026-06-15_Pinecone-Works_meeting-notes_REF-0150.html,2026-06-15_meeting-notes_REF-0150.html,1,0,2,921,0,Seeded modeled result; no desktop or web application executed.
true,false,fixture-0150,sim-local-baseline,1.0.0,3,document_0150.html,2026-06-15_Pinecone-Works_meeting-notes_REF-0150.html,2026-06-15_meeting-notes_REF-0150.html,1,0,2,1200,0,Seeded modeled result; no desktop or web application executed.
true,false,fixture-0150,sim-rule-baseline,1.0.0,1,document_0150.html,2026-06-15_Pinecone-Works_meeting-notes_REF-0150.html,2026-06-15_meeting-notes_REF-0150.html,1,0,0,95,0,Seeded modeled result; no desktop or web application executed.
true,false,fixture-0150,sim-rule-baseline,1.0.0,2,document_0150.html,2026-06-15_Pinecone-Works_meeting-notes_REF-0150.html,2026-06-15_meeting-notes_REF-0150.html,1,0,2,105,0,Seeded modeled result; no desktop or web application executed.
true,false,fixture-0150,sim-rule-baseline,1.0.0,3,document_0150.html,2026-06-15_Pinecone-Works_meeting-notes_REF-0150.html,2026-06-15_meeting-notes_REF-0150.html,1,0,1,74,0,Seeded modeled result; no desktop or web application executed.
true,false,fixture-0151,sim-reference-workflow,1.0.0,1,document_0151.eml,2026-07-16_Acme-Labs_invoice_REF-0151.eml,2026-07-16_invoice_REF-0151.eml,1,0,3,550,0,Seeded modeled result; no desktop or web application executed.
true,false,fixture-0151,sim-reference-workflow,1.0.0,2,document_0151.eml,2026-07-16_Acme-Labs_invoice_REF-0151.eml,2026-07-16_Acme-Labs_invoice_REF-0151.eml,1,1,3,533,0,Seeded modeled result; no desktop or web application executed.
true,false,fixture-0151,sim-reference-workflow,1.0.0,3,document_0151.eml,2026-07-16_Acme-Labs_invoice_REF-0151.eml,2026-07-16_Acme-Labs_invoice_REF-0151.eml,1,1,3,487,0,Seeded modeled result; no desktop or web application executed.
true,false,fixture-0151,sim-cloud-baseline,1.0.0,1,document_0151.eml,2026-07-16_Acme-Labs_invoice_REF-0151.eml,2026-07-16_Acme-Labs_invoice_REF-0151.eml,1,1,3,896,0,Seeded modeled result; no desktop or web application executed.
true,false,fixture-0151,sim-cloud-baseline,1.0.0,2,document_0151.eml,2026-07-16_Acme-Labs_invoice_REF-0151.eml,2026-07-16_invoice_REF-0151.eml,1,0,3,732,0,Seeded modeled result; no desktop or web application executed.
true,false,fixture-0151,sim-cloud-baseline,1.0.0,3,document_0151.eml,2026-07-16_Acme-Labs_invoice_REF-0151.eml,2026-07-16_Acme-Labs_invoice_REF-0151.eml,1,1,3,591,0,Seeded modeled result; no desktop or web application executed.
true,false,fixture-0151,sim-local-baseline,1.0.0,1,document_0151.eml,2026-07-16_Acme-Labs_invoice_REF-0151.eml,2026-07-16_Acme-Labs_invoice_REF-0151.eml,1,1,3,1213,0,Seeded modeled result; no desktop or web application executed.
true,false,fixture-0151,sim-local-baseline,1.0.0,2,document_0151.eml,2026-07-16_Acme-Labs_invoice_REF-0151.eml,2026-07-16_Acme-Labs_invoice_REF-0151.eml,1,1,3,889,0,Seeded modeled result; no desktop or web application executed.
true,false,fixture-0151,sim-local-baseline,1.0.0,3,document_0151.eml,2026-07-16_Acme-Labs_invoice_REF-0151.eml,2026-07-16_Acme-Labs_invoice_REF-0151.eml,1,1,3,1024,0,Seeded modeled result; no desktop or web application executed.
true,false,fixture-0151,sim-rule-baseline,1.0.0,1,document_0151.eml,2026-07-16_Acme-Labs_invoice_REF-0151.eml,2026-07-16_invoice_REF-0151.eml,1,0,2,76,0,Seeded modeled result; no desktop or web application executed.
true,false,fixture-0151,sim-rule-baseline,1.0.0,2,document_0151.eml,2026-07-16_Acme-Labs_invoice_REF-0151.eml,2026-07-16_invoice_REF-0151.eml,1,0,0,88,0,Seeded modeled result; no desktop or web application executed.
true,false,fixture-0151,sim-rule-baseline,1.0.0,3,document_0151.eml,2026-07-16_Acme-Labs_invoice_REF-0151.eml,2026-07-16_invoice_REF-0151.eml,1,0,2,91,0,Seeded modeled result; no desktop or web application executed.
true,false,fixture-0152,sim-reference-workflow,1.0.0,1,document_0152.srt,2026-08-17_Riverstone-Co_meeting-notes_REF-0152.srt,2026-08-17_Riverstone-Co_meeting-notes_REF-0152.srt,1,1,3,515,0,Seeded modeled result; no desktop or web application executed.
true,false,fixture-0152,sim-reference-workflow,1.0.0,2,document_0152.srt,2026-08-17_Riverstone-Co_meeting-notes_REF-0152.srt,2026-08-17_Riverstone-Co_meeting-notes_REF-0152.srt,1,1,3,536,0,Seeded modeled result; no desktop or web application executed.
true,false,fixture-0152,sim-reference-workflow,1.0.0,3,document_0152.srt,2026-08-17_Riverstone-Co_meeting-notes_REF-0152.srt,2026-08-17_Riverstone-Co_meeting-notes_REF-0152.srt,1,1,3,606,0,Seeded modeled result; no desktop or web application executed.
true,false,fixture-0152,sim-cloud-baseline,1.0.0,1,document_0152.srt,2026-08-17_Riverstone-Co_meeting-notes_REF-0152.srt,2026-08-17_meeting-notes_REF-0152.srt,1,0,3,713,0,Seeded modeled result; no desktop or web application executed.
true,false,fixture-0152,sim-cloud-baseline,1.0.0,2,document_0152.srt,2026-08-17_Riverstone-Co_meeting-notes_REF-0152.srt,2026-08-17_meeting-notes_REF-0152.srt,1,0,3,855,0,Seeded modeled result; no desktop or web application executed.
true,false,fixture-0152,sim-cloud-baseline,1.0.0,3,document_0152.srt,2026-08-17_Riverstone-Co_meeting-notes_REF-0152.srt,2026-08-17_Riverstone-Co_meeting-notes_REF-0152.srt,1,1,3,613,0,Seeded modeled result; no desktop or web application executed.
true,false,fixture-0152,sim-local-baseline,1.0.0,1,document_0152.srt,2026-08-17_Riverstone-Co_meeting-notes_REF-0152.srt,2026-08-17_meeting-notes_REF-0152.srt,1,0,2,1184,0,Seeded modeled result; no desktop or web application executed.
true,false,fixture-0152,sim-local-baseline,1.0.0,2,document_0152.srt,2026-08-17_Riverstone-Co_meeting-notes_REF-0152.srt,2026-08-17_meeting-notes_REF-0152.srt,1,0,3,954,0,Seeded modeled result; no desktop or web application executed.
true,false,fixture-0152,sim-local-baseline,1.0.0,3,document_0152.srt,2026-08-17_Riverstone-Co_meeting-notes_REF-0152.srt,2026-08-17_meeting-notes_REF-0152.srt,1,0,3,836,0,Seeded modeled result; no desktop or web application executed.
true,false,fixture-0152,sim-rule-baseline,1.0.0,1,document_0152.srt,2026-08-17_Riverstone-Co_meeting-notes_REF-0152.srt,2026-08-17_Riverstone-Co_meeting-notes_REF-0152.srt,1,1,3,111,0,Seeded modeled result; no desktop or web application executed.
true,false,fixture-0152,sim-rule-baseline,1.0.0,2,document_0152.srt,2026-08-17_Riverstone-Co_meeting-notes_REF-0152.srt,2026-08-17_meeting-notes_REF-0152.srt,1,0,1,80,0,Seeded modeled result; no desktop or web application executed.
true,false,fixture-0152,sim-rule-baseline,1.0.0,3,document_0152.srt,2026-08-17_Riverstone-Co_meeting-notes_REF-0152.srt,2026-08-17_Riverstone-Co_meeting-notes_REF-0152.srt,1,1,3,83,0,Seeded modeled result; no desktop or web application executed.
true,false,fixture-0153,sim-reference-workflow,1.0.0,1,document_0153.vtt,2026-09-18_Bluebird-Health_invoice_REF-0153.vtt,2026-09-18_invoice_REF-0153.vtt,1,0,2,553,0,Seeded modeled result; no desktop or web application executed.
true,false,fixture-0153,sim-reference-workflow,1.0.0,2,document_0153.vtt,2026-09-18_Bluebird-Health_invoice_REF-0153.vtt,2026-09-18_Bluebird-Health_invoice_REF-0153.vtt,1,1,3,566,0,Seeded modeled result; no desktop or web application executed.
true,false,fixture-0153,sim-reference-workflow,1.0.0,3,document_0153.vtt,2026-09-18_Bluebird-Health_invoice_REF-0153.vtt,2026-09-18_Bluebird-Health_invoice_REF-0153.vtt,1,1,3,514,0,Seeded modeled result; no desktop or web application executed.
true,false,fixture-0153,sim-cloud-baseline,1.0.0,1,document_0153.vtt,2026-09-18_Bluebird-Health_invoice_REF-0153.vtt,2026-09-18_Bluebird-Health_invoice_REF-0153.vtt,1,1,3,668,0,Seeded modeled result; no desktop or web application executed.
true,false,fixture-0153,sim-cloud-baseline,1.0.0,2,document_0153.vtt,2026-09-18_Bluebird-Health_invoice_REF-0153.vtt,2026-09-18_Bluebird-Health_invoice_REF-0153.vtt,1,1,3,797,0,Seeded modeled result; no desktop or web application executed.
true,false,fixture-0153,sim-cloud-baseline,1.0.0,3,document_0153.vtt,2026-09-18_Bluebird-Health_invoice_REF-0153.vtt,2026-09-18_invoice_REF-0153.vtt,1,0,2,591,0,Seeded modeled result; no desktop or web application executed.
true,false,fixture-0153,sim-local-baseline,1.0.0,1,document_0153.vtt,2026-09-18_Bluebird-Health_invoice_REF-0153.vtt,2026-09-18_Bluebird-Health_invoice_REF-0153.vtt,1,1,3,817,0,Seeded modeled result; no desktop or web application executed.
true,false,fixture-0153,sim-local-baseline,1.0.0,2,document_0153.vtt,2026-09-18_Bluebird-Health_invoice_REF-0153.vtt,2026-09-18_Bluebird-Health_invoice_REF-0153.vtt,1,1,3,992,0,Seeded modeled result; no desktop or web application executed.
true,false,fixture-0153,sim-local-baseline,1.0.0,3,document_0153.vtt,2026-09-18_Bluebird-Health_invoice_REF-0153.vtt,2026-09-18_Bluebird-Health_invoice_REF-0153.vtt,1,1,3,881,0,Seeded modeled result; no desktop or web application executed.
true,false,fixture-0153,sim-rule-baseline,1.0.0,1,document_0153.vtt,2026-09-18_Bluebird-Health_invoice_REF-0153.vtt,2026-09-18_invoice_REF-0153.vtt,1,0,2,79,0,Seeded modeled result; no desktop or web application executed.
true,false,fixture-0153,sim-rule-baseline,1.0.0,2,document_0153.vtt,2026-09-18_Bluebird-Health_invoice_REF-0153.vtt,2026-09-18_invoice_REF-0153.vtt,1,0,1,104,0,Seeded modeled result; no desktop or web application executed.
true,false,fixture-0153,sim-rule-baseline,1.0.0,3,document_0153.vtt,2026-09-18_Bluebird-Health_invoice_REF-0153.vtt,2026-09-18_invoice_REF-0153.vtt,1,0,0,72,0,Seeded modeled result; no desktop or web application executed.
true,false,fixture-0154,sim-reference-workflow,1.0.0,1,document_0154.svg,2026-10-19_Northstar-Studio_meeting-notes_REF-0154.svg,2026-10-19_Northstar-Studio_meeting-notes_REF-0154.svg,1,1,3,412,0,Seeded modeled result; no desktop or web application executed.
true,false,fixture-0154,sim-reference-workflow,1.0.0,2,document_0154.svg,2026-10-19_Northstar-Studio_meeting-notes_REF-0154.svg,2026-10-19_Northstar-Studio_meeting-notes_REF-0154.svg,1,1,3,484,0,Seeded modeled result; no desktop or web application executed.
true,false,fixture-0154,sim-reference-workflow,1.0.0,3,document_0154.svg,2026-10-19_Northstar-Studio_meeting-notes_REF-0154.svg,2026-10-19_Northstar-Studio_meeting-notes_REF-0154.svg,1,1,3,426,0,Seeded modeled result; no desktop or web application executed.
true,false,fixture-0154,sim-cloud-baseline,1.0.0,1,document_0154.svg,2026-10-19_Northstar-Studio_meeting-notes_REF-0154.svg,2026-10-19_meeting-notes_REF-0154.svg,1,0,1,615,0,Seeded modeled result; no desktop or web application executed.
true,false,fixture-0154,sim-cloud-baseline,1.0.0,2,document_0154.svg,2026-10-19_Northstar-Studio_meeting-notes_REF-0154.svg,2026-10-19_Northstar-Studio_meeting-notes_REF-0154.svg,1,1,3,561,0,Seeded modeled result; no desktop or web application executed.
true,false,fixture-0154,sim-cloud-baseline,1.0.0,3,document_0154.svg,2026-10-19_Northstar-Studio_meeting-notes_REF-0154.svg,2026-10-19_Northstar-Studio_meeting-notes_REF-0154.svg,1,1,3,635,0,Seeded modeled result; no desktop or web application executed.
true,false,fixture-0154,sim-local-baseline,1.0.0,1,document_0154.svg,2026-10-19_Northstar-Studio_meeting-notes_REF-0154.svg,2026-10-19_Northstar-Studio_meeting-notes_REF-0154.svg,1,1,3,1088,0,Seeded modeled result; no desktop or web application executed.
true,false,fixture-0154,sim-local-baseline,1.0.0,2,document_0154.svg,2026-10-19_Northstar-Studio_meeting-notes_REF-0154.svg,2026-10-19/meeting-notes:REF-0154.svg,0,0,3,1015,0,Seeded modeled result; no desktop or web application executed.
true,false,fixture-0154,sim-local-baseline,1.0.0,3,document_0154.svg,2026-10-19_Northstar-Studio_meeting-notes_REF-0154.svg,2026-10-19_Northstar-Studio_meeting-notes_REF-0154.svg,1,1,3,1177,0,Seeded modeled result; no desktop or web application executed.
true,false,fixture-0154,sim-rule-baseline,1.0.0,1,document_0154.svg,2026-10-19_Northstar-Studio_meeting-notes_REF-0154.svg,2026-10-19_meeting-notes_REF-0154.svg,1,0,1,74,0,Seeded modeled result; no desktop or web application executed.
true,false,fixture-0154,sim-rule-baseline,1.0.0,2,document_0154.svg,2026-10-19_Northstar-Studio_meeting-notes_REF-0154.svg,2026-10-19_meeting-notes_REF-0154.svg,1,0,2,109,0,Seeded modeled result; no desktop or web application executed.
true,false,fixture-0154,sim-rule-baseline,1.0.0,3,document_0154.svg,2026-10-19_Northstar-Studio_meeting-notes_REF-0154.svg,2026-10-19_meeting-notes_REF-0154.svg,1,0,2,68,0,Seeded modeled result; no desktop or web application executed.
true,false,fixture-0155,sim-reference-workflow,1.0.0,1,document_0155.txt,2026-11-20_Pinecone-Works_invoice_REF-0155.txt,2026-11-20_Pinecone-Works_invoice_REF-0155.txt,1,1,3,630,0,Seeded modeled result; no desktop or web application executed.
true,false,fixture-0155,sim-reference-workflow,1.0.0,2,document_0155.txt,2026-11-20_Pinecone-Works_invoice_REF-0155.txt,2026-11-20_Pinecone-Works_invoice_REF-0155.txt,1,1,3,427,0,Seeded modeled result; no desktop or web application executed.
true,false,fixture-0155,sim-reference-workflow,1.0.0,3,document_0155.txt,2026-11-20_Pinecone-Works_invoice_REF-0155.txt,2026-11-20_Pinecone-Works_invoice_REF-0155.txt,1,1,3,542,0,Seeded modeled result; no desktop or web application executed.
true,false,fixture-0155,sim-cloud-baseline,1.0.0,1,document_0155.txt,2026-11-20_Pinecone-Works_invoice_REF-0155.txt,2026-11-20_invoice_REF-0155.txt,1,0,3,735,0,Seeded modeled result; no desktop or web application executed.
true,false,fixture-0155,sim-cloud-baseline,1.0.0,2,document_0155.txt,2026-11-20_Pinecone-Works_invoice_REF-0155.txt,2026-11-20_Pinecone-Works_invoice_REF-0155.txt,1,1,3,576,0,Seeded modeled result; no desktop or web application executed.
true,false,fixture-0155,sim-cloud-baseline,1.0.0,3,document_0155.txt,2026-11-20_Pinecone-Works_invoice_REF-0155.txt,2026-11-20_Pinecone-Works_invoice_REF-0155.txt,1,1,3,868,0,Seeded modeled result; no desktop or web application executed.
true,false,fixture-0155,sim-local-baseline,1.0.0,1,document_0155.txt,2026-11-20_Pinecone-Works_invoice_REF-0155.txt,2026-11-20_Pinecone-Works_invoice_REF-0155.txt,1,1,3,914,0,Seeded modeled result; no desktop or web application executed.
true,false,fixture-0155,sim-local-baseline,1.0.0,2,document_0155.txt,2026-11-20_Pinecone-Works_invoice_REF-0155.txt,2026-11-20_Pinecone-Works_invoice_REF-0155.txt,1,1,3,953,0,Seeded modeled result; no desktop or web application executed.
true,false,fixture-0155,sim-local-baseline,1.0.0,3,document_0155.txt,2026-11-20_Pinecone-Works_invoice_REF-0155.txt,2026-11-20_invoice_REF-0155.txt,1,0,3,884,0,Seeded modeled result; no desktop or web application executed.
true,false,fixture-0155,sim-rule-baseline,1.0.0,1,document_0155.txt,2026-11-20_Pinecone-Works_invoice_REF-0155.txt,2026-11-20_invoice_REF-0155.txt,1,0,2,109,0,Seeded modeled result; no desktop or web application executed.
true,false,fixture-0155,sim-rule-baseline,1.0.0,2,document_0155.txt,2026-11-20_Pinecone-Works_invoice_REF-0155.txt,2026-11-20_invoice_REF-0155.txt,1,0,0,91,0,Seeded modeled result; no desktop or web application executed.
true,false,fixture-0155,sim-rule-baseline,1.0.0,3,document_0155.txt,2026-11-20_Pinecone-Works_invoice_REF-0155.txt,2026-11-20_Pinecone-Works_invoice_REF-0155.txt,1,1,3,94,0,Seeded modeled result; no desktop or web application executed.
true,false,fixture-0156,sim-reference-workflow,1.0.0,1,document_0156.md,2026-12-21_Acme-Labs_meeting-notes_REF-0156.md,2026-12-21_meeting-notes_REF-0156.md,1,0,3,627,0,Seeded modeled result; no desktop or web application executed.
true,false,fixture-0156,sim-reference-workflow,1.0.0,2,document_0156.md,2026-12-21_Acme-Labs_meeting-notes_REF-0156.md,2026-12-21_meeting-notes_REF-0156.md,1,0,3,562,0,Seeded modeled result; no desktop or web application executed.
true,false,fixture-0156,sim-reference-workflow,1.0.0,3,document_0156.md,2026-12-21_Acme-Labs_meeting-notes_REF-0156.md,2026-12-21_Acme-Labs_meeting-notes_REF-0156.md,1,1,3,624,0,Seeded modeled result; no desktop or web application executed.
true,false,fixture-0156,sim-cloud-baseline,1.0.0,1,document_0156.md,2026-12-21_Acme-Labs_meeting-notes_REF-0156.md,2026-12-21_Acme-Labs_meeting-notes_REF-0156.md,1,1,3,759,0,Seeded modeled result; no desktop or web application executed.
true,false,fixture-0156,sim-cloud-baseline,1.0.0,2,document_0156.md,2026-12-21_Acme-Labs_meeting-notes_REF-0156.md,2026-12-21_Acme-Labs_meeting-notes_REF-0156.md,1,1,3,830,0,Seeded modeled result; no desktop or web application executed.
true,false,fixture-0156,sim-cloud-baseline,1.0.0,3,document_0156.md,2026-12-21_Acme-Labs_meeting-notes_REF-0156.md,2026-12-21_Acme-Labs_meeting-notes_REF-0156.md,1,1,3,764,0,Seeded modeled result; no desktop or web application executed.
true,false,fixture-0156,sim-local-baseline,1.0.0,1,document_0156.md,2026-12-21_Acme-Labs_meeting-notes_REF-0156.md,2026-12-21_Acme-Labs_meeting-notes_REF-0156.md,1,1,3,957,0,Seeded modeled result; no desktop or web application executed.
true,false,fixture-0156,sim-local-baseline,1.0.0,2,document_0156.md,2026-12-21_Acme-Labs_meeting-notes_REF-0156.md,2026-12-21_Acme-Labs_meeting-notes_REF-0156.md,1,1,3,1196,0,Seeded modeled result; no desktop or web application executed.
true,false,fixture-0156,sim-local-baseline,1.0.0,3,document_0156.md,2026-12-21_Acme-Labs_meeting-notes_REF-0156.md,2026-12-21_Acme-Labs_meeting-notes_REF-0156.md,1,1,3,741,0,Seeded modeled result; no desktop or web application executed.
true,false,fixture-0156,sim-rule-baseline,1.0.0,1,document_0156.md,2026-12-21_Acme-Labs_meeting-notes_REF-0156.md,2026-12-21_meeting-notes_REF-0156.md,1,0,0,108,0,Seeded modeled result; no desktop or web application executed.
true,false,fixture-0156,sim-rule-baseline,1.0.0,2,document_0156.md,2026-12-21_Acme-Labs_meeting-notes_REF-0156.md,2026-12-21_Acme-Labs_meeting-notes_REF-0156.md,1,1,3,110,0,Seeded modeled result; no desktop or web application executed.
true,false,fixture-0156,sim-rule-baseline,1.0.0,3,document_0156.md,2026-12-21_Acme-Labs_meeting-notes_REF-0156.md,2026-12-21_meeting-notes_REF-0156.md,1,0,1,77,0,Seeded modeled result; no desktop or web application executed.
true,false,fixture-0157,sim-reference-workflow,1.0.0,1,document_0157.csv,2026-01-22_Riverstone-Co_invoice_REF-0157.csv,2026-01-22_Riverstone-Co_invoice_REF-0157.csv,1,1,3,512,0,Seeded modeled result; no desktop or web application executed.
true,false,fixture-0157,sim-reference-workflow,1.0.0,2,document_0157.csv,2026-01-22_Riverstone-Co_invoice_REF-0157.csv,2026-01-22_Riverstone-Co_invoice_REF-0157.csv,1,1,3,633,0,Seeded modeled result; no desktop or web application executed.
true,false,fixture-0157,sim-reference-workflow,1.0.0,3,document_0157.csv,2026-01-22_Riverstone-Co_invoice_REF-0157.csv,2026-01-22_Riverstone-Co_invoice_REF-0157.csv,1,1,3,427,0,Seeded modeled result; no desktop or web application executed.
true,false,fixture-0157,sim-cloud-baseline,1.0.0,1,document_0157.csv,2026-01-22_Riverstone-Co_invoice_REF-0157.csv,2026-01-22_Riverstone-Co_invoice_REF-0157.csv,1,1,3,887,0,Seeded modeled result; no desktop or web application executed.
true,false,fixture-0157,sim-cloud-baseline,1.0.0,2,document_0157.csv,2026-01-22_Riverstone-Co_invoice_REF-0157.csv,2026-01-22_Riverstone-Co_invoice_REF-0157.csv,1,1,3,616,0,Seeded modeled result; no desktop or web application executed.
true,false,fixture-0157,sim-cloud-baseline,1.0.0,3,document_0157.csv,2026-01-22_Riverstone-Co_invoice_REF-0157.csv,2026-01-22_Riverstone-Co_invoice_REF-0157.csv,1,1,3,743,0,Seeded modeled result; no desktop or web application executed.
true,false,fixture-0157,sim-local-baseline,1.0.0,1,document_0157.csv,2026-01-22_Riverstone-Co_invoice_REF-0157.csv,2026-01-22_invoice_REF-0157.csv,1,0,3,1119,0,Seeded modeled result; no desktop or web application executed.
true,false,fixture-0157,sim-local-baseline,1.0.0,2,document_0157.csv,2026-01-22_Riverstone-Co_invoice_REF-0157.csv,2026-01-22_Riverstone-Co_invoice_REF-0157.csv,1,1,3,903,0,Seeded modeled result; no desktop or web application executed.
true,false,fixture-0157,sim-local-baseline,1.0.0,3,document_0157.csv,2026-01-22_Riverstone-Co_invoice_REF-0157.csv,2026-01-22_Riverstone-Co_invoice_REF-0157.csv,0,1,3,1009,1,Seeded modeled result; no desktop or web application executed.
true,false,fixture-0157,sim-rule-baseline,1.0.0,1,document_0157.csv,2026-01-22_Riverstone-Co_invoice_REF-0157.csv,2026-01-22_invoice_REF-0157.csv,1,0,2,94,0,Seeded modeled result; no desktop or web application executed.
true,false,fixture-0157,sim-rule-baseline,1.0.0,2,document_0157.csv,2026-01-22_Riverstone-Co_invoice_REF-0157.csv,2026-01-22_invoice_REF-0157.csv,1,0,2,82,0,Seeded modeled result; no desktop or web application executed.
true,false,fixture-0157,sim-rule-baseline,1.0.0,3,document_0157.csv,2026-01-22_Riverstone-Co_invoice_REF-0157.csv,2026-01-22_invoice_REF-0157.csv,1,0,1,69,0,Seeded modeled result; no desktop or web application executed.
true,false,fixture-0158,sim-reference-workflow,1.0.0,1,document_0158.json,2026-02-23_Bluebird-Health_meeting-notes_REF-0158.json,2026-02-23_Bluebird-Health_meeting-notes_REF-0158.json,1,1,3,541,0,Seeded modeled result; no desktop or web application executed.
true,false,fixture-0158,sim-reference-workflow,1.0.0,2,document_0158.json,2026-02-23_Bluebird-Health_meeting-notes_REF-0158.json,2026-02-23_Bluebird-Health_meeting-notes_REF-0158.json,1,1,3,625,0,Seeded modeled result; no desktop or web application executed.
true,false,fixture-0158,sim-reference-workflow,1.0.0,3,document_0158.json,2026-02-23_Bluebird-Health_meeting-notes_REF-0158.json,2026-02-23_Bluebird-Health_meeting-notes_REF-0158.json,1,1,3,521,0,Seeded modeled result; no desktop or web application executed.
true,false,fixture-0158,sim-cloud-baseline,1.0.0,1,document_0158.json,2026-02-23_Bluebird-Health_meeting-notes_REF-0158.json,2026-02-23_Bluebird-Health_meeting-notes_REF-0158.json,1,1,3,800,0,Seeded modeled result; no desktop or web application executed.
true,false,fixture-0158,sim-cloud-baseline,1.0.0,2,document_0158.json,2026-02-23_Bluebird-Health_meeting-notes_REF-0158.json,2026-02-23_Bluebird-Health_meeting-notes_REF-0158.json,1,1,3,868,0,Seeded modeled result; no desktop or web application executed.
true,false,fixture-0158,sim-cloud-baseline,1.0.0,3,document_0158.json,2026-02-23_Bluebird-Health_meeting-notes_REF-0158.json,2026-02-23_meeting-notes_REF-0158.json,1,0,3,886,0,Seeded modeled result; no desktop or web application executed.
true,false,fixture-0158,sim-local-baseline,1.0.0,1,document_0158.json,2026-02-23_Bluebird-Health_meeting-notes_REF-0158.json,2026-02-23_Bluebird-Health_meeting-notes_REF-0158.json,1,1,3,903,0,Seeded modeled result; no desktop or web application executed.
true,false,fixture-0158,sim-local-baseline,1.0.0,2,document_0158.json,2026-02-23_Bluebird-Health_meeting-notes_REF-0158.json,2026-02-23_Bluebird-Health_meeting-notes_REF-0158.json,1,1,3,902,0,Seeded modeled result; no desktop or web application executed.
true,false,fixture-0158,sim-local-baseline,1.0.0,3,document_0158.json,2026-02-23_Bluebird-Health_meeting-notes_REF-0158.json,2026-02-23_Bluebird-Health_meeting-notes_REF-0158.json,1,1,3,995,0,Seeded modeled result; no desktop or web application executed.
true,false,fixture-0158,sim-rule-baseline,1.0.0,1,document_0158.json,2026-02-23_Bluebird-Health_meeting-notes_REF-0158.json,2026-02-23_meeting-notes_REF-0158.json,1,0,3,80,0,Seeded modeled result; no desktop or web application executed.
true,false,fixture-0158,sim-rule-baseline,1.0.0,2,document_0158.json,2026-02-23_Bluebird-Health_meeting-notes_REF-0158.json,2026-02-23_meeting-notes_REF-0158.json,1,0,1,70,0,Seeded modeled result; no desktop or web application executed.
true,false,fixture-0158,sim-rule-baseline,1.0.0,3,document_0158.json,2026-02-23_Bluebird-Health_meeting-notes_REF-0158.json,2026-02-23_meeting-notes_REF-0158.json,1,0,2,102,0,Seeded modeled result; no desktop or web application executed.
true,false,fixture-0159,sim-reference-workflow,1.0.0,1,document_0159.xml,2026-03-24_Northstar-Studio_invoice_REF-0159.xml,2026-03-24_Northstar-Studio_invoice_REF-0159.xml,1,1,3,527,0,Seeded modeled result; no desktop or web application executed.
true,false,fixture-0159,sim-reference-workflow,1.0.0,2,document_0159.xml,2026-03-24_Northstar-Studio_invoice_REF-0159.xml,2026-03-24_Northstar-Studio_invoice_REF-0159.xml,1,1,3,534,0,Seeded modeled result; no desktop or web application executed.
true,false,fixture-0159,sim-reference-workflow,1.0.0,3,document_0159.xml,2026-03-24_Northstar-Studio_invoice_REF-0159.xml,2026-03-24_Northstar-Studio_invoice_REF-0159.xml,1,1,3,632,0,Seeded modeled result; no desktop or web application executed.
true,false,fixture-0159,sim-cloud-baseline,1.0.0,1,document_0159.xml,2026-03-24_Northstar-Studio_invoice_REF-0159.xml,2026-03-24_invoice_REF-0159.xml,1,0,2,843,0,Seeded modeled result; no desktop or web application executed.
true,false,fixture-0159,sim-cloud-baseline,1.0.0,2,document_0159.xml,2026-03-24_Northstar-Studio_invoice_REF-0159.xml,2026-03-24_Northstar-Studio_invoice_REF-0159.xml,1,1,3,607,0,Seeded modeled result; no desktop or web application executed.
true,false,fixture-0159,sim-cloud-baseline,1.0.0,3,document_0159.xml,2026-03-24_Northstar-Studio_invoice_REF-0159.xml,2026-03-24_Northstar-Studio_invoice_REF-0159.xml,1,1,3,657,0,Seeded modeled result; no desktop or web application executed.
true,false,fixture-0159,sim-local-baseline,1.0.0,1,document_0159.xml,2026-03-24_Northstar-Studio_invoice_REF-0159.xml,2026-03-24_Northstar-Studio_invoice_REF-0159.xml,1,1,3,736,0,Seeded modeled result; no desktop or web application executed.
true,false,fixture-0159,sim-local-baseline,1.0.0,2,document_0159.xml,2026-03-24_Northstar-Studio_invoice_REF-0159.xml,2026-03-24_invoice_REF-0159.xml,1,0,3,985,0,Seeded modeled result; no desktop or web application executed.
true,false,fixture-0159,sim-local-baseline,1.0.0,3,document_0159.xml,2026-03-24_Northstar-Studio_invoice_REF-0159.xml,2026-03-24_Northstar-Studio_invoice_REF-0159.xml,1,1,3,779,0,Seeded modeled result; no desktop or web application executed.
true,false,fixture-0159,sim-rule-baseline,1.0.0,1,document_0159.xml,2026-03-24_Northstar-Studio_invoice_REF-0159.xml,2026-03-24_invoice_REF-0159.xml,1,0,1,92,0,Seeded modeled result; no desktop or web application executed.
true,false,fixture-0159,sim-rule-baseline,1.0.0,2,document_0159.xml,2026-03-24_Northstar-Studio_invoice_REF-0159.xml,2026-03-24_invoice_REF-0159.xml,1,0,0,106,0,Seeded modeled result; no desktop or web application executed.
true,false,fixture-0159,sim-rule-baseline,1.0.0,3,document_0159.xml,2026-03-24_Northstar-Studio_invoice_REF-0159.xml,2026-03-24_invoice_REF-0159.xml,1,0,0,102,0,Seeded modeled result; no desktop or web application executed.
true,false,fixture-0160,sim-reference-workflow,1.0.0,1,document_0160.yaml,2026-04-25_Pinecone-Works_meeting-notes_REF-0160.yaml,2026-04-25_Pinecone-Works_meeting-notes_REF-0160.yaml,1,1,3,491,0,Seeded modeled result; no desktop or web application executed.
true,false,fixture-0160,sim-reference-workflow,1.0.0,2,document_0160.yaml,2026-04-25_Pinecone-Works_meeting-notes_REF-0160.yaml,2026-04-25_Pinecone-Works_meeting-notes_REF-0160.yaml,1,1,3,572,0,Seeded modeled result; no desktop or web application executed.
true,false,fixture-0160,sim-reference-workflow,1.0.0,3,document_0160.yaml,2026-04-25_Pinecone-Works_meeting-notes_REF-0160.yaml,2026-04-25_meeting-notes_REF-0160.yaml,1,0,3,405,0,Seeded modeled result; no desktop or web application executed.
true,false,fixture-0160,sim-cloud-baseline,1.0.0,1,document_0160.yaml,2026-04-25_Pinecone-Works_meeting-notes_REF-0160.yaml,2026-04-25_meeting-notes_REF-0160.yaml,1,0,3,733,0,Seeded modeled result; no desktop or web application executed.
true,false,fixture-0160,sim-cloud-baseline,1.0.0,2,document_0160.yaml,2026-04-25_Pinecone-Works_meeting-notes_REF-0160.yaml,2026-04-25_meeting-notes_REF-0160.yaml,1,0,3,619,0,Seeded modeled result; no desktop or web application executed.
true,false,fixture-0160,sim-cloud-baseline,1.0.0,3,document_0160.yaml,2026-04-25_Pinecone-Works_meeting-notes_REF-0160.yaml,2026-04-25_Pinecone-Works_meeting-notes_REF-0160.yaml,1,1,3,577,0,Seeded modeled result; no desktop or web application executed.
true,false,fixture-0160,sim-local-baseline,1.0.0,1,document_0160.yaml,2026-04-25_Pinecone-Works_meeting-notes_REF-0160.yaml,2026-04-25_Pinecone-Works_meeting-notes_REF-0160.yaml,1,1,3,999,0,Seeded modeled result; no desktop or web application executed.
true,false,fixture-0160,sim-local-baseline,1.0.0,2,document_0160.yaml,2026-04-25_Pinecone-Works_meeting-notes_REF-0160.yaml,2026-04-25_Pinecone-Works_meeting-notes_REF-0160.yaml,1,1,3,1200,0,Seeded modeled result; no desktop or web application executed.
true,false,fixture-0160,sim-local-baseline,1.0.0,3,document_0160.yaml,2026-04-25_Pinecone-Works_meeting-notes_REF-0160.yaml,2026-04-25_meeting-notes_REF-0160.yaml,1,0,1,1010,0,Seeded modeled result; no desktop or web application executed.
true,false,fixture-0160,sim-rule-baseline,1.0.0,1,document_0160.yaml,2026-04-25_Pinecone-Works_meeting-notes_REF-0160.yaml,2026-04-25_meeting-notes_REF-0160.yaml,1,0,1,99,0,Seeded modeled result; no desktop or web application executed.
true,false,fixture-0160,sim-rule-baseline,1.0.0,2,document_0160.yaml,2026-04-25_Pinecone-Works_meeting-notes_REF-0160.yaml,2026-04-25_meeting-notes_REF-0160.yaml,1,0,0,99,0,Seeded modeled result; no desktop or web application executed.
true,false,fixture-0160,sim-rule-baseline,1.0.0,3,document_0160.yaml,2026-04-25_Pinecone-Works_meeting-notes_REF-0160.yaml,2026-04-25_Pinecone-Works_meeting-notes_REF-0160.yaml,1,1,3,100,0,Seeded modeled result; no desktop or web application executed.
true,false,fixture-0161,sim-reference-workflow,1.0.0,1,document_0161.html,2026-05-26_Acme-Labs_invoice_REF-0161.html,2026-05-26_Acme-Labs_invoice_REF-0161.html,1,1,3,492,0,Seeded modeled result; no desktop or web application executed.
true,false,fixture-0161,sim-reference-workflow,1.0.0,2,document_0161.html,2026-05-26_Acme-Labs_invoice_REF-0161.html,2026-05-26_Acme-Labs_invoice_REF-0161.html,1,1,3,443,0,Seeded modeled result; no desktop or web application executed.
true,false,fixture-0161,sim-reference-workflow,1.0.0,3,document_0161.html,2026-05-26_Acme-Labs_invoice_REF-0161.html,2026-05-26_Acme-Labs_invoice_REF-0161.html,1,1,3,548,0,Seeded modeled result; no desktop or web application executed.
true,false,fixture-0161,sim-cloud-baseline,1.0.0,1,document_0161.html,2026-05-26_Acme-Labs_invoice_REF-0161.html,2026-05-26_Acme-Labs_invoice_REF-0161.html,1,1,3,762,0,Seeded modeled result; no desktop or web application executed.
true,false,fixture-0161,sim-cloud-baseline,1.0.0,2,document_0161.html,2026-05-26_Acme-Labs_invoice_REF-0161.html,2026-05-26_Acme-Labs_invoice_REF-0161.html,1,1,3,597,0,Seeded modeled result; no desktop or web application executed.
true,false,fixture-0161,sim-cloud-baseline,1.0.0,3,document_0161.html,2026-05-26_Acme-Labs_invoice_REF-0161.html,2026-05-26_invoice_REF-0161.html,1,0,2,601,0,Seeded modeled result; no desktop or web application executed.
true,false,fixture-0161,sim-local-baseline,1.0.0,1,document_0161.html,2026-05-26_Acme-Labs_invoice_REF-0161.html,2026-05-26_Acme-Labs_invoice_REF-0161.html,1,1,3,938,0,Seeded modeled result; no desktop or web application executed.
true,false,fixture-0161,sim-local-baseline,1.0.0,2,document_0161.html,2026-05-26_Acme-Labs_invoice_REF-0161.html,2026-05-26_invoice_REF-0161.html,1,0,3,737,0,Seeded modeled result; no desktop or web application executed.
true,false,fixture-0161,sim-local-baseline,1.0.0,3,document_0161.html,2026-05-26_Acme-Labs_invoice_REF-0161.html,2026-05-26_Acme-Labs_invoice_REF-0161.html,1,1,3,1181,0,Seeded modeled result; no desktop or web application executed.
true,false,fixture-0161,sim-rule-baseline,1.0.0,1,document_0161.html,2026-05-26_Acme-Labs_invoice_REF-0161.html,2026-05-26_invoice_REF-0161.html,1,0,2,88,0,Seeded modeled result; no desktop or web application executed.
true,false,fixture-0161,sim-rule-baseline,1.0.0,2,document_0161.html,2026-05-26_Acme-Labs_invoice_REF-0161.html,2026-05-26_invoice_REF-0161.html,1,0,1,93,0,Seeded modeled result; no desktop or web application executed.
true,false,fixture-0161,sim-rule-baseline,1.0.0,3,document_0161.html,2026-05-26_Acme-Labs_invoice_REF-0161.html,2026-05-26_Acme-Labs_invoice_REF-0161.html,1,1,3,81,0,Seeded modeled result; no desktop or web application executed.
true,false,fixture-0162,sim-reference-workflow,1.0.0,1,document_0162.eml,2026-06-27_Riverstone-Co_meeting-notes_REF-0162.eml,2026-06-27_Riverstone-Co_meeting-notes_REF-0162.eml,1,1,3,518,0,Seeded modeled result; no desktop or web application executed.
true,false,fixture-0162,sim-reference-workflow,1.0.0,2,document_0162.eml,2026-06-27_Riverstone-Co_meeting-notes_REF-0162.eml,2026-06-27_Riverstone-Co_meeting-notes_REF-0162.eml,1,1,3,458,0,Seeded modeled result; no desktop or web application executed.
true,false,fixture-0162,sim-reference-workflow,1.0.0,3,document_0162.eml,2026-06-27_Riverstone-Co_meeting-notes_REF-0162.eml,2026-06-27_Riverstone-Co_meeting-notes_REF-0162.eml,1,1,3,582,0,Seeded modeled result; no desktop or web application executed.
true,false,fixture-0162,sim-cloud-baseline,1.0.0,1,document_0162.eml,2026-06-27_Riverstone-Co_meeting-notes_REF-0162.eml,2026-06-27_Riverstone-Co_meeting-notes_REF-0162.eml,1,1,3,675,0,Seeded modeled result; no desktop or web application executed.
true,false,fixture-0162,sim-cloud-baseline,1.0.0,2,document_0162.eml,2026-06-27_Riverstone-Co_meeting-notes_REF-0162.eml,2026-06-27_Riverstone-Co_meeting-notes_REF-0162.eml,1,1,3,867,0,Seeded modeled result; no desktop or web application executed.
true,false,fixture-0162,sim-cloud-baseline,1.0.0,3,document_0162.eml,2026-06-27_Riverstone-Co_meeting-notes_REF-0162.eml,2026-06-27_Riverstone-Co_meeting-notes_REF-0162.eml,1,1,3,577,0,Seeded modeled result; no desktop or web application executed.
true,false,fixture-0162,sim-local-baseline,1.0.0,1,document_0162.eml,2026-06-27_Riverstone-Co_meeting-notes_REF-0162.eml,2026-06-27_meeting-notes_REF-0162.eml,1,0,2,1048,0,Seeded modeled result; no desktop or web application executed.
true,false,fixture-0162,sim-local-baseline,1.0.0,2,document_0162.eml,2026-06-27_Riverstone-Co_meeting-notes_REF-0162.eml,2026-06-27_Riverstone-Co_meeting-notes_REF-0162.eml,1,1,3,1217,0,Seeded modeled result; no desktop or web application executed.
true,false,fixture-0162,sim-local-baseline,1.0.0,3,document_0162.eml,2026-06-27_Riverstone-Co_meeting-notes_REF-0162.eml,2026-06-27/meeting-notes:REF-0162.eml,0,0,2,996,1,Seeded modeled result; no desktop or web application executed.
true,false,fixture-0162,sim-rule-baseline,1.0.0,1,document_0162.eml,2026-06-27_Riverstone-Co_meeting-notes_REF-0162.eml,2026-06-27_meeting-notes_REF-0162.eml,1,0,2,93,0,Seeded modeled result; no desktop or web application executed.
true,false,fixture-0162,sim-rule-baseline,1.0.0,2,document_0162.eml,2026-06-27_Riverstone-Co_meeting-notes_REF-0162.eml,2026-06-27_meeting-notes_REF-0162.eml,1,0,1,108,0,Seeded modeled result; no desktop or web application executed.
true,false,fixture-0162,sim-rule-baseline,1.0.0,3,document_0162.eml,2026-06-27_Riverstone-Co_meeting-notes_REF-0162.eml,2026-06-27_meeting-notes_REF-0162.eml,1,0,2,68,0,Seeded modeled result; no desktop or web application executed.
true,false,fixture-0163,sim-reference-workflow,1.0.0,1,document_0163.srt,2026-07-01_Bluebird-Health_invoice_REF-0163.srt,2026-07-01_Bluebird-Health_invoice_REF-0163.srt,1,1,3,602,0,Seeded modeled result; no desktop or web application executed.
true,false,fixture-0163,sim-reference-workflow,1.0.0,2,document_0163.srt,2026-07-01_Bluebird-Health_invoice_REF-0163.srt,2026-07-01_Bluebird-Health_invoice_REF-0163.srt,1,1,3,612,0,Seeded modeled result; no desktop or web application executed.
true,false,fixture-0163,sim-reference-workflow,1.0.0,3,document_0163.srt,2026-07-01_Bluebird-Health_invoice_REF-0163.srt,2026-07-01_Bluebird-Health_invoice_REF-0163.srt,1,1,3,464,0,Seeded modeled result; no desktop or web application executed.
true,false,fixture-0163,sim-cloud-baseline,1.0.0,1,document_0163.srt,2026-07-01_Bluebird-Health_invoice_REF-0163.srt,2026-07-01_Bluebird-Health_invoice_REF-0163.srt,1,1,3,726,0,Seeded modeled result; no desktop or web application executed.
true,false,fixture-0163,sim-cloud-baseline,1.0.0,2,document_0163.srt,2026-07-01_Bluebird-Health_invoice_REF-0163.srt,2026-07-01_Bluebird-Health_invoice_REF-0163.srt,1,1,3,909,0,Seeded modeled result; no desktop or web application executed.
true,false,fixture-0163,sim-cloud-baseline,1.0.0,3,document_0163.srt,2026-07-01_Bluebird-Health_invoice_REF-0163.srt,2026-07-01_invoice_REF-0163.srt,1,0,3,819,0,Seeded modeled result; no desktop or web application executed.
true,false,fixture-0163,sim-local-baseline,1.0.0,1,document_0163.srt,2026-07-01_Bluebird-Health_invoice_REF-0163.srt,2026-07-01_Bluebird-Health_invoice_REF-0163.srt,1,1,3,932,0,Seeded modeled result; no desktop or web application executed.
true,false,fixture-0163,sim-local-baseline,1.0.0,2,document_0163.srt,2026-07-01_Bluebird-Health_invoice_REF-0163.srt,2026-07-01_Bluebird-Health_invoice_REF-0163.srt,1,1,3,960,0,Seeded modeled result; no desktop or web application executed.
true,false,fixture-0163,sim-local-baseline,1.0.0,3,document_0163.srt,2026-07-01_Bluebird-Health_invoice_REF-0163.srt,2026-07-01_Bluebird-Health_invoice_REF-0163.srt,1,1,3,960,0,Seeded modeled result; no desktop or web application executed.
true,false,fixture-0163,sim-rule-baseline,1.0.0,1,document_0163.srt,2026-07-01_Bluebird-Health_invoice_REF-0163.srt,2026-07-01_invoice_REF-0163.srt,1,0,1,85,0,Seeded modeled result; no desktop or web application executed.
true,false,fixture-0163,sim-rule-baseline,1.0.0,2,document_0163.srt,2026-07-01_Bluebird-Health_invoice_REF-0163.srt,2026-07-01_invoice_REF-0163.srt,1,0,2,103,0,Seeded modeled result; no desktop or web application executed.
true,false,fixture-0163,sim-rule-baseline,1.0.0,3,document_0163.srt,2026-07-01_Bluebird-Health_invoice_REF-0163.srt,2026-07-01_invoice_REF-0163.srt,1,0,1,90,0,Seeded modeled result; no desktop or web application executed.
true,false,fixture-0164,sim-reference-workflow,1.0.0,1,document_0164.vtt,2026-08-02_Northstar-Studio_meeting-notes_REF-0164.vtt,2026-08-02_Northstar-Studio_meeting-notes_REF-0164.vtt,1,1,3,545,0,Seeded modeled result; no desktop or web application executed.
true,false,fixture-0164,sim-reference-workflow,1.0.0,2,document_0164.vtt,2026-08-02_Northstar-Studio_meeting-notes_REF-0164.vtt,2026-08-02_Northstar-Studio_meeting-notes_REF-0164.vtt,0,1,3,506,0,Seeded modeled result; no desktop or web application executed.
true,false,fixture-0164,sim-reference-workflow,1.0.0,3,document_0164.vtt,2026-08-02_Northstar-Studio_meeting-notes_REF-0164.vtt,2026-08-02_Northstar-Studio_meeting-notes_REF-0164.vtt,1,1,3,474,0,Seeded modeled result; no desktop or web application executed.
true,false,fixture-0164,sim-cloud-baseline,1.0.0,1,document_0164.vtt,2026-08-02_Northstar-Studio_meeting-notes_REF-0164.vtt,2026-08-02_Northstar-Studio_meeting-notes_REF-0164.vtt,1,1,3,661,0,Seeded modeled result; no desktop or web application executed.
true,false,fixture-0164,sim-cloud-baseline,1.0.0,2,document_0164.vtt,2026-08-02_Northstar-Studio_meeting-notes_REF-0164.vtt,2026-08-02_Northstar-Studio_meeting-notes_REF-0164.vtt,1,1,3,846,0,Seeded modeled result; no desktop or web application executed.
true,false,fixture-0164,sim-cloud-baseline,1.0.0,3,document_0164.vtt,2026-08-02_Northstar-Studio_meeting-notes_REF-0164.vtt,2026-08-02_Northstar-Studio_meeting-notes_REF-0164.vtt,1,1,3,590,0,Seeded modeled result; no desktop or web application executed.
true,false,fixture-0164,sim-local-baseline,1.0.0,1,document_0164.vtt,2026-08-02_Northstar-Studio_meeting-notes_REF-0164.vtt,2026-08-02_meeting-notes_REF-0164.vtt,1,0,3,1001,0,Seeded modeled result; no desktop or web application executed.
true,false,fixture-0164,sim-local-baseline,1.0.0,2,document_0164.vtt,2026-08-02_Northstar-Studio_meeting-notes_REF-0164.vtt,2026-08-02_Northstar-Studio_meeting-notes_REF-0164.vtt,0,1,3,803,0,Seeded modeled result; no desktop or web application executed.
true,false,fixture-0164,sim-local-baseline,1.0.0,3,document_0164.vtt,2026-08-02_Northstar-Studio_meeting-notes_REF-0164.vtt,2026-08-02_Northstar-Studio_meeting-notes_REF-0164.vtt,1,1,3,899,0,Seeded modeled result; no desktop or web application executed.
true,false,fixture-0164,sim-rule-baseline,1.0.0,1,document_0164.vtt,2026-08-02_Northstar-Studio_meeting-notes_REF-0164.vtt,2026-08-02_meeting-notes_REF-0164.vtt,1,0,2,97,0,Seeded modeled result; no desktop or web application executed.
true,false,fixture-0164,sim-rule-baseline,1.0.0,2,document_0164.vtt,2026-08-02_Northstar-Studio_meeting-notes_REF-0164.vtt,2026-08-02_meeting-notes_REF-0164.vtt,1,0,1,110,0,Seeded modeled result; no desktop or web application executed.
true,false,fixture-0164,sim-rule-baseline,1.0.0,3,document_0164.vtt,2026-08-02_Northstar-Studio_meeting-notes_REF-0164.vtt,2026-08-02_meeting-notes_REF-0164.vtt,1,0,2,96,0,Seeded modeled result; no desktop or web application executed.
true,false,fixture-0165,sim-reference-workflow,1.0.0,1,document_0165.svg,2026-09-03_Pinecone-Works_invoice_REF-0165.svg,2026-09-03_Pinecone-Works_invoice_REF-0165.svg,1,1,3,393,0,Seeded modeled result; no desktop or web application executed.
true,false,fixture-0165,sim-reference-workflow,1.0.0,2,document_0165.svg,2026-09-03_Pinecone-Works_invoice_REF-0165.svg,2026-09-03_Pinecone-Works_invoice_REF-0165.svg,1,1,3,443,0,Seeded modeled result; no desktop or web application executed.
true,false,fixture-0165,sim-reference-workflow,1.0.0,3,document_0165.svg,2026-09-03_Pinecone-Works_invoice_REF-0165.svg,2026-09-03_Pinecone-Works_invoice_REF-0165.svg,1,1,3,501,0,Seeded modeled result; no desktop or web application executed.
true,false,fixture-0165,sim-cloud-baseline,1.0.0,1,document_0165.svg,2026-09-03_Pinecone-Works_invoice_REF-0165.svg,2026-09-03_Pinecone-Works_invoice_REF-0165.svg,1,1,3,611,0,Seeded modeled result; no desktop or web application executed.
true,false,fixture-0165,sim-cloud-baseline,1.0.0,2,document_0165.svg,2026-09-03_Pinecone-Works_invoice_REF-0165.svg,2026-09-03_invoice_REF-0165.svg,1,0,3,621,0,Seeded modeled result; no desktop or web application executed.
true,false,fixture-0165,sim-cloud-baseline,1.0.0,3,document_0165.svg,2026-09-03_Pinecone-Works_invoice_REF-0165.svg,2026-09-03_Pinecone-Works_invoice_REF-0165.svg,1,1,3,831,0,Seeded modeled result; no desktop or web application executed.
true,false,fixture-0165,sim-local-baseline,1.0.0,1,document_0165.svg,2026-09-03_Pinecone-Works_invoice_REF-0165.svg,2026-09-03_Pinecone-Works_invoice_REF-0165.svg,1,1,3,963,0,Seeded modeled result; no desktop or web application executed.
true,false,fixture-0165,sim-local-baseline,1.0.0,2,document_0165.svg,2026-09-03_Pinecone-Works_invoice_REF-0165.svg,2026-09-03_Pinecone-Works_invoice_REF-0165.svg,1,1,3,1127,0,Seeded modeled result; no desktop or web application executed.
true,false,fixture-0165,sim-local-baseline,1.0.0,3,document_0165.svg,2026-09-03_Pinecone-Works_invoice_REF-0165.svg,2026-09-03_invoice_REF-0165.svg,1,0,2,1194,0,Seeded modeled result; no desktop or web application executed.
true,false,fixture-0165,sim-rule-baseline,1.0.0,1,document_0165.svg,2026-09-03_Pinecone-Works_invoice_REF-0165.svg,2026-09-03_invoice_REF-0165.svg,1,0,0,98,0,Seeded modeled result; no desktop or web application executed.
true,false,fixture-0165,sim-rule-baseline,1.0.0,2,document_0165.svg,2026-09-03_Pinecone-Works_invoice_REF-0165.svg,2026-09-03_invoice_REF-0165.svg,1,0,2,93,0,Seeded modeled result; no desktop or web application executed.
true,false,fixture-0165,sim-rule-baseline,1.0.0,3,document_0165.svg,2026-09-03_Pinecone-Works_invoice_REF-0165.svg,2026-09-03_Pinecone-Works_invoice_REF-0165.svg,1,1,3,75,0,Seeded modeled result; no desktop or web application executed.
true,false,fixture-0166,sim-reference-workflow,1.0.0,1,document_0166.txt,2026-10-04_Acme-Labs_meeting-notes_REF-0166.txt,2026-10-04_Acme-Labs_meeting-notes_REF-0166.txt,1,1,3,418,0,Seeded modeled result; no desktop or web application executed.
true,false,fixture-0166,sim-reference-workflow,1.0.0,2,document_0166.txt,2026-10-04_Acme-Labs_meeting-notes_REF-0166.txt,2026-10-04_Acme-Labs_meeting-notes_REF-0166.txt,1,1,3,606,0,Seeded modeled result; no desktop or web application executed.
true,false,fixture-0166,sim-reference-workflow,1.0.0,3,document_0166.txt,2026-10-04_Acme-Labs_meeting-notes_REF-0166.txt,2026-10-04_Acme-Labs_meeting-notes_REF-0166.txt,1,1,3,593,0,Seeded modeled result; no desktop or web application executed.
true,false,fixture-0166,sim-cloud-baseline,1.0.0,1,document_0166.txt,2026-10-04_Acme-Labs_meeting-notes_REF-0166.txt,2026-10-04_Acme-Labs_meeting-notes_REF-0166.txt,1,1,3,804,0,Seeded modeled result; no desktop or web application executed.
true,false,fixture-0166,sim-cloud-baseline,1.0.0,2,document_0166.txt,2026-10-04_Acme-Labs_meeting-notes_REF-0166.txt,2026-10-04_Acme-Labs_meeting-notes_REF-0166.txt,1,1,3,896,0,Seeded modeled result; no desktop or web application executed.
true,false,fixture-0166,sim-cloud-baseline,1.0.0,3,document_0166.txt,2026-10-04_Acme-Labs_meeting-notes_REF-0166.txt,2026-10-04_meeting-notes_REF-0166.txt,1,0,3,902,0,Seeded modeled result; no desktop or web application executed.
true,false,fixture-0166,sim-local-baseline,1.0.0,1,document_0166.txt,2026-10-04_Acme-Labs_meeting-notes_REF-0166.txt,2026-10-04_meeting-notes_REF-0166.txt,1,0,1,937,0,Seeded modeled result; no desktop or web application executed.
true,false,fixture-0166,sim-local-baseline,1.0.0,2,document_0166.txt,2026-10-04_Acme-Labs_meeting-notes_REF-0166.txt,2026-10-04_Acme-Labs_meeting-notes_REF-0166.txt,1,1,3,761,0,Seeded modeled result; no desktop or web application executed.
true,false,fixture-0166,sim-local-baseline,1.0.0,3,document_0166.txt,2026-10-04_Acme-Labs_meeting-notes_REF-0166.txt,2026-10-04_meeting-notes_REF-0166.txt,1,0,2,966,0,Seeded modeled result; no desktop or web application executed.
true,false,fixture-0166,sim-rule-baseline,1.0.0,1,document_0166.txt,2026-10-04_Acme-Labs_meeting-notes_REF-0166.txt,2026-10-04_meeting-notes_REF-0166.txt,1,0,2,104,0,Seeded modeled result; no desktop or web application executed.
true,false,fixture-0166,sim-rule-baseline,1.0.0,2,document_0166.txt,2026-10-04_Acme-Labs_meeting-notes_REF-0166.txt,2026-10-04_meeting-notes_REF-0166.txt,1,0,1,110,0,Seeded modeled result; no desktop or web application executed.
true,false,fixture-0166,sim-rule-baseline,1.0.0,3,document_0166.txt,2026-10-04_Acme-Labs_meeting-notes_REF-0166.txt,2026-10-04_Acme-Labs_meeting-notes_REF-0166.txt,1,1,3,70,0,Seeded modeled result; no desktop or web application executed.
true,false,fixture-0167,sim-reference-workflow,1.0.0,1,document_0167.md,2026-11-05_Riverstone-Co_invoice_REF-0167.md,2026-11-05_invoice_REF-0167.md,1,0,3,410,0,Seeded modeled result; no desktop or web application executed.
true,false,fixture-0167,sim-reference-workflow,1.0.0,2,document_0167.md,2026-11-05_Riverstone-Co_invoice_REF-0167.md,2026-11-05_invoice_REF-0167.md,1,0,3,580,0,Seeded modeled result; no desktop or web application executed.
true,false,fixture-0167,sim-reference-workflow,1.0.0,3,document_0167.md,2026-11-05_Riverstone-Co_invoice_REF-0167.md,2026-11-05_Riverstone-Co_invoice_REF-0167.md,1,1,3,600,0,Seeded modeled result; no desktop or web application executed.
true,false,fixture-0167,sim-cloud-baseline,1.0.0,1,document_0167.md,2026-11-05_Riverstone-Co_invoice_REF-0167.md,2026-11-05_Riverstone-Co_invoice_REF-0167.md,1,1,3,562,0,Seeded modeled result; no desktop or web application executed.
true,false,fixture-0167,sim-cloud-baseline,1.0.0,2,document_0167.md,2026-11-05_Riverstone-Co_invoice_REF-0167.md,2026-11-05_invoice_REF-0167.md,1,0,3,561,0,Seeded modeled result; no desktop or web application executed.
true,false,fixture-0167,sim-cloud-baseline,1.0.0,3,document_0167.md,2026-11-05_Riverstone-Co_invoice_REF-0167.md,2026-11-05_invoice_REF-0167.md,1,0,3,586,0,Seeded modeled result; no desktop or web application executed.
true,false,fixture-0167,sim-local-baseline,1.0.0,1,document_0167.md,2026-11-05_Riverstone-Co_invoice_REF-0167.md,2026-11-05_Riverstone-Co_invoice_REF-0167.md,1,1,3,818,0,Seeded modeled result; no desktop or web application executed.
true,false,fixture-0167,sim-local-baseline,1.0.0,2,document_0167.md,2026-11-05_Riverstone-Co_invoice_REF-0167.md,2026-11-05_invoice_REF-0167.md,1,0,3,1090,0,Seeded modeled result; no desktop or web application executed.
true,false,fixture-0167,sim-local-baseline,1.0.0,3,document_0167.md,2026-11-05_Riverstone-Co_invoice_REF-0167.md,2026-11-05_Riverstone-Co_invoice_REF-0167.md,1,1,3,1016,0,Seeded modeled result; no desktop or web application executed.
true,false,fixture-0167,sim-rule-baseline,1.0.0,1,document_0167.md,2026-11-05_Riverstone-Co_invoice_REF-0167.md,2026-11-05_invoice_REF-0167.md,1,0,0,80,0,Seeded modeled result; no desktop or web application executed.
true,false,fixture-0167,sim-rule-baseline,1.0.0,2,document_0167.md,2026-11-05_Riverstone-Co_invoice_REF-0167.md,2026-11-05_Riverstone-Co_invoice_REF-0167.md,1,1,3,70,0,Seeded modeled result; no desktop or web application executed.
true,false,fixture-0167,sim-rule-baseline,1.0.0,3,document_0167.md,2026-11-05_Riverstone-Co_invoice_REF-0167.md,2026-11-05_invoice_REF-0167.md,1,0,2,80,0,Seeded modeled result; no desktop or web application executed.
true,false,fixture-0168,sim-reference-workflow,1.0.0,1,document_0168.csv,2026-12-06_Bluebird-Health_meeting-notes_REF-0168.csv,2026-12-06_Bluebird-Health_meeting-notes_REF-0168.csv,1,1,3,584,0,Seeded modeled result; no desktop or web application executed.
true,false,fixture-0168,sim-reference-workflow,1.0.0,2,document_0168.csv,2026-12-06_Bluebird-Health_meeting-notes_REF-0168.csv,2026-12-06_Bluebird-Health_meeting-notes_REF-0168.csv,1,1,3,583,0,Seeded modeled result; no desktop or web application executed.
true,false,fixture-0168,sim-reference-workflow,1.0.0,3,document_0168.csv,2026-12-06_Bluebird-Health_meeting-notes_REF-0168.csv,2026-12-06_Bluebird-Health_meeting-notes_REF-0168.csv,1,1,3,644,0,Seeded modeled result; no desktop or web application executed.
true,false,fixture-0168,sim-cloud-baseline,1.0.0,1,document_0168.csv,2026-12-06_Bluebird-Health_meeting-notes_REF-0168.csv,2026-12-06_Bluebird-Health_meeting-notes_REF-0168.csv,1,1,3,749,0,Seeded modeled result; no desktop or web application executed.
true,false,fixture-0168,sim-cloud-baseline,1.0.0,2,document_0168.csv,2026-12-06_Bluebird-Health_meeting-notes_REF-0168.csv,2026-12-06_meeting-notes_REF-0168.csv,1,0,3,570,0,Seeded modeled result; no desktop or web application executed.
true,false,fixture-0168,sim-cloud-baseline,1.0.0,3,document_0168.csv,2026-12-06_Bluebird-Health_meeting-notes_REF-0168.csv,2026-12-06_Bluebird-Health_meeting-notes_REF-0168.csv,1,1,3,766,0,Seeded modeled result; no desktop or web application executed.
true,false,fixture-0168,sim-local-baseline,1.0.0,1,document_0168.csv,2026-12-06_Bluebird-Health_meeting-notes_REF-0168.csv,2026-12-06_Bluebird-Health_meeting-notes_REF-0168.csv,1,1,3,736,0,Seeded modeled result; no desktop or web application executed.
true,false,fixture-0168,sim-local-baseline,1.0.0,2,document_0168.csv,2026-12-06_Bluebird-Health_meeting-notes_REF-0168.csv,2026-12-06_meeting-notes_REF-0168.csv,1,0,2,758,0,Seeded modeled result; no desktop or web application executed.
true,false,fixture-0168,sim-local-baseline,1.0.0,3,document_0168.csv,2026-12-06_Bluebird-Health_meeting-notes_REF-0168.csv,2026-12-06_meeting-notes_REF-0168.csv,1,0,3,774,0,Seeded modeled result; no desktop or web application executed.
true,false,fixture-0168,sim-rule-baseline,1.0.0,1,document_0168.csv,2026-12-06_Bluebird-Health_meeting-notes_REF-0168.csv,2026-12-06_meeting-notes_REF-0168.csv,1,0,2,87,0,Seeded modeled result; no desktop or web application executed.
true,false,fixture-0168,sim-rule-baseline,1.0.0,2,document_0168.csv,2026-12-06_Bluebird-Health_meeting-notes_REF-0168.csv,2026-12-06_Bluebird-Health_meeting-notes_REF-0168.csv,1,1,3,100,0,Seeded modeled result; no desktop or web application executed.
true,false,fixture-0168,sim-rule-baseline,1.0.0,3,document_0168.csv,2026-12-06_Bluebird-Health_meeting-notes_REF-0168.csv,2026-12-06_meeting-notes_REF-0168.csv,1,0,1,91,0,Seeded modeled result; no desktop or web application executed.
true,false,fixture-0169,sim-reference-workflow,1.0.0,1,document_0169.json,2026-01-07_Northstar-Studio_invoice_REF-0169.json,2026-01-07_Northstar-Studio_invoice_REF-0169.json,1,1,3,414,0,Seeded modeled result; no desktop or web application executed.
true,false,fixture-0169,sim-reference-workflow,1.0.0,2,document_0169.json,2026-01-07_Northstar-Studio_invoice_REF-0169.json,2026-01-07_Northstar-Studio_invoice_REF-0169.json,1,1,3,448,0,Seeded modeled result; no desktop or web application executed.
true,false,fixture-0169,sim-reference-workflow,1.0.0,3,document_0169.json,2026-01-07_Northstar-Studio_invoice_REF-0169.json,2026-01-07_Northstar-Studio_invoice_REF-0169.json,1,1,3,524,0,Seeded modeled result; no desktop or web application executed.
true,false,fixture-0169,sim-cloud-baseline,1.0.0,1,document_0169.json,2026-01-07_Northstar-Studio_invoice_REF-0169.json,2026-01-07_Northstar-Studio_invoice_REF-0169.json,1,1,3,866,0,Seeded modeled result; no desktop or web application executed.
true,false,fixture-0169,sim-cloud-baseline,1.0.0,2,document_0169.json,2026-01-07_Northstar-Studio_invoice_REF-0169.json,2026-01-07_Northstar-Studio_invoice_REF-0169.json,1,1,3,770,0,Seeded modeled result; no desktop or web application executed.
true,false,fixture-0169,sim-cloud-baseline,1.0.0,3,document_0169.json,2026-01-07_Northstar-Studio_invoice_REF-0169.json,2026-01-07_invoice_REF-0169.json,1,0,3,711,0,Seeded modeled result; no desktop or web application executed.
true,false,fixture-0169,sim-local-baseline,1.0.0,1,document_0169.json,2026-01-07_Northstar-Studio_invoice_REF-0169.json,2026-01-07_Northstar-Studio_invoice_REF-0169.json,1,1,3,1001,0,Seeded modeled result; no desktop or web application executed.
true,false,fixture-0169,sim-local-baseline,1.0.0,2,document_0169.json,2026-01-07_Northstar-Studio_invoice_REF-0169.json,2026-01-07_Northstar-Studio_invoice_REF-0169.json,1,1,3,1004,0,Seeded modeled result; no desktop or web application executed.
true,false,fixture-0169,sim-local-baseline,1.0.0,3,document_0169.json,2026-01-07_Northstar-Studio_invoice_REF-0169.json,2026-01-07_Northstar-Studio_invoice_REF-0169.json,1,1,3,1098,0,Seeded modeled result; no desktop or web application executed.
true,false,fixture-0169,sim-rule-baseline,1.0.0,1,document_0169.json,2026-01-07_Northstar-Studio_invoice_REF-0169.json,2026-01-07_invoice_REF-0169.json,1,0,2,109,0,Seeded modeled result; no desktop or web application executed.
true,false,fixture-0169,sim-rule-baseline,1.0.0,2,document_0169.json,2026-01-07_Northstar-Studio_invoice_REF-0169.json,2026-01-07_invoice_REF-0169.json,1,0,0,80,0,Seeded modeled result; no desktop or web application executed.
true,false,fixture-0169,sim-rule-baseline,1.0.0,3,document_0169.json,2026-01-07_Northstar-Studio_invoice_REF-0169.json,2026-01-07_invoice_REF-0169.json,1,0,3,80,0,Seeded modeled result; no desktop or web application executed.
true,false,fixture-0170,sim-reference-workflow,1.0.0,1,document_0170.xml,2026-02-08_Pinecone-Works_meeting-notes_REF-0170.xml,2026-02-08_Pinecone-Works_meeting-notes_REF-0170.xml,1,1,3,505,0,Seeded modeled result; no desktop or web application executed.
true,false,fixture-0170,sim-reference-workflow,1.0.0,2,document_0170.xml,2026-02-08_Pinecone-Works_meeting-notes_REF-0170.xml,2026-02-08_Pinecone-Works_meeting-notes_REF-0170.xml,1,1,3,498,0,Seeded modeled result; no desktop or web application executed.
true,false,fixture-0170,sim-reference-workflow,1.0.0,3,document_0170.xml,2026-02-08_Pinecone-Works_meeting-notes_REF-0170.xml,2026-02-08_Pinecone-Works_meeting-notes_REF-0170.xml,1,1,3,516,0,Seeded modeled result; no desktop or web application executed.
true,false,fixture-0170,sim-cloud-baseline,1.0.0,1,document_0170.xml,2026-02-08_Pinecone-Works_meeting-notes_REF-0170.xml,2026-02-08_Pinecone-Works_meeting-notes_REF-0170.xml,1,1,3,853,0,Seeded modeled result; no desktop or web application executed.
true,false,fixture-0170,sim-cloud-baseline,1.0.0,2,document_0170.xml,2026-02-08_Pinecone-Works_meeting-notes_REF-0170.xml,2026-02-08_Pinecone-Works_meeting-notes_REF-0170.xml,1,1,3,863,0,Seeded modeled result; no desktop or web application executed.
true,false,fixture-0170,sim-cloud-baseline,1.0.0,3,document_0170.xml,2026-02-08_Pinecone-Works_meeting-notes_REF-0170.xml,2026-02-08_Pinecone-Works_meeting-notes_REF-0170.xml,1,1,3,742,0,Seeded modeled result; no desktop or web application executed.
true,false,fixture-0170,sim-local-baseline,1.0.0,1,document_0170.xml,2026-02-08_Pinecone-Works_meeting-notes_REF-0170.xml,2026-02-08_meeting-notes_REF-0170.xml,1,0,3,889,0,Seeded modeled result; no desktop or web application executed.
true,false,fixture-0170,sim-local-baseline,1.0.0,2,document_0170.xml,2026-02-08_Pinecone-Works_meeting-notes_REF-0170.xml,2026-02-08_Pinecone-Works_meeting-notes_REF-0170.xml,1,1,3,788,0,Seeded modeled result; no desktop or web application executed.
true,false,fixture-0170,sim-local-baseline,1.0.0,3,document_0170.xml,2026-02-08_Pinecone-Works_meeting-notes_REF-0170.xml,2026-02-08_Pinecone-Works_meeting-notes_REF-0170.xml,1,1,3,994,0,Seeded modeled result; no desktop or web application executed.
true,false,fixture-0170,sim-rule-baseline,1.0.0,1,document_0170.xml,2026-02-08_Pinecone-Works_meeting-notes_REF-0170.xml,2026-02-08_Pinecone-Works_meeting-notes_REF-0170.xml,1,1,3,93,0,Seeded modeled result; no desktop or web application executed.
true,false,fixture-0170,sim-rule-baseline,1.0.0,2,document_0170.xml,2026-02-08_Pinecone-Works_meeting-notes_REF-0170.xml,2026-02-08_meeting-notes_REF-0170.xml,1,0,0,76,0,Seeded modeled result; no desktop or web application executed.
true,false,fixture-0170,sim-rule-baseline,1.0.0,3,document_0170.xml,2026-02-08_Pinecone-Works_meeting-notes_REF-0170.xml,2026-02-08_Pinecone-Works_meeting-notes_REF-0170.xml,1,1,3,110,0,Seeded modeled result; no desktop or web application executed.
true,false,fixture-0171,sim-reference-workflow,1.0.0,1,document_0171.yaml,2026-03-09_Acme-Labs_invoice_REF-0171.yaml,2026-03-09_Acme-Labs_invoice_REF-0171.yaml,1,1,3,511,0,Seeded modeled result; no desktop or web application executed.
true,false,fixture-0171,sim-reference-workflow,1.0.0,2,document_0171.yaml,2026-03-09_Acme-Labs_invoice_REF-0171.yaml,2026-03-09_Acme-Labs_invoice_REF-0171.yaml,1,1,3,594,0,Seeded modeled result; no desktop or web application executed.
true,false,fixture-0171,sim-reference-workflow,1.0.0,3,document_0171.yaml,2026-03-09_Acme-Labs_invoice_REF-0171.yaml,2026-03-09_Acme-Labs_invoice_REF-0171.yaml,1,1,3,569,0,Seeded modeled result; no desktop or web application executed.
true,false,fixture-0171,sim-cloud-baseline,1.0.0,1,document_0171.yaml,2026-03-09_Acme-Labs_invoice_REF-0171.yaml,2026-03-09_Acme-Labs_invoice_REF-0171.yaml,1,1,3,919,0,Seeded modeled result; no desktop or web application executed.
true,false,fixture-0171,sim-cloud-baseline,1.0.0,2,document_0171.yaml,2026-03-09_Acme-Labs_invoice_REF-0171.yaml,2026-03-09_Acme-Labs_invoice_REF-0171.yaml,1,1,3,863,0,Seeded modeled result; no desktop or web application executed.
true,false,fixture-0171,sim-cloud-baseline,1.0.0,3,document_0171.yaml,2026-03-09_Acme-Labs_invoice_REF-0171.yaml,2026-03-09_Acme-Labs_invoice_REF-0171.yaml,1,1,3,834,0,Seeded modeled result; no desktop or web application executed.
true,false,fixture-0171,sim-local-baseline,1.0.0,1,document_0171.yaml,2026-03-09_Acme-Labs_invoice_REF-0171.yaml,2026-03-09_invoice_REF-0171.yaml,1,0,2,756,0,Seeded modeled result; no desktop or web application executed.
true,false,fixture-0171,sim-local-baseline,1.0.0,2,document_0171.yaml,2026-03-09_Acme-Labs_invoice_REF-0171.yaml,2026-03-09_invoice_REF-0171.yaml,1,0,3,1143,0,Seeded modeled result; no desktop or web application executed.
true,false,fixture-0171,sim-local-baseline,1.0.0,3,document_0171.yaml,2026-03-09_Acme-Labs_invoice_REF-0171.yaml,2026-03-09_Acme-Labs_invoice_REF-0171.yaml,1,1,3,857,0,Seeded modeled result; no desktop or web application executed.
true,false,fixture-0171,sim-rule-baseline,1.0.0,1,document_0171.yaml,2026-03-09_Acme-Labs_invoice_REF-0171.yaml,2026-03-09_Acme-Labs_invoice_REF-0171.yaml,1,1,3,83,0,Seeded modeled result; no desktop or web application executed.
true,false,fixture-0171,sim-rule-baseline,1.0.0,2,document_0171.yaml,2026-03-09_Acme-Labs_invoice_REF-0171.yaml,2026-03-09_Acme-Labs_invoice_REF-0171.yaml,1,1,3,92,0,Seeded modeled result; no desktop or web application executed.
true,false,fixture-0171,sim-rule-baseline,1.0.0,3,document_0171.yaml,2026-03-09_Acme-Labs_invoice_REF-0171.yaml,2026-03-09_invoice_REF-0171.yaml,1,0,0,79,0,Seeded modeled result; no desktop or web application executed.
true,false,fixture-0172,sim-reference-workflow,1.0.0,1,document_0172.html,2026-04-10_Riverstone-Co_meeting-notes_REF-0172.html,2026-04-10_Riverstone-Co_meeting-notes_REF-0172.html,1,1,3,648,0,Seeded modeled result; no desktop or web application executed.
true,false,fixture-0172,sim-reference-workflow,1.0.0,2,document_0172.html,2026-04-10_Riverstone-Co_meeting-notes_REF-0172.html,2026-04-10_Riverstone-Co_meeting-notes_REF-0172.html,1,1,3,590,0,Seeded modeled result; no desktop or web application executed.
true,false,fixture-0172,sim-reference-workflow,1.0.0,3,document_0172.html,2026-04-10_Riverstone-Co_meeting-notes_REF-0172.html,2026-04-10_Riverstone-Co_meeting-notes_REF-0172.html,1,1,3,620,0,Seeded modeled result; no desktop or web application executed.
true,false,fixture-0172,sim-cloud-baseline,1.0.0,1,document_0172.html,2026-04-10_Riverstone-Co_meeting-notes_REF-0172.html,2026-04-10_Riverstone-Co_meeting-notes_REF-0172.html,1,1,3,577,0,Seeded modeled result; no desktop or web application executed.
true,false,fixture-0172,sim-cloud-baseline,1.0.0,2,document_0172.html,2026-04-10_Riverstone-Co_meeting-notes_REF-0172.html,2026-04-10_Riverstone-Co_meeting-notes_REF-0172.html,1,1,3,697,0,Seeded modeled result; no desktop or web application executed.
true,false,fixture-0172,sim-cloud-baseline,1.0.0,3,document_0172.html,2026-04-10_Riverstone-Co_meeting-notes_REF-0172.html,2026-04-10_Riverstone-Co_meeting-notes_REF-0172.html,1,1,3,590,0,Seeded modeled result; no desktop or web application executed.
true,false,fixture-0172,sim-local-baseline,1.0.0,1,document_0172.html,2026-04-10_Riverstone-Co_meeting-notes_REF-0172.html,2026-04-10_Riverstone-Co_meeting-notes_REF-0172.html,1,1,3,936,0,Seeded modeled result; no desktop or web application executed.
true,false,fixture-0172,sim-local-baseline,1.0.0,2,document_0172.html,2026-04-10_Riverstone-Co_meeting-notes_REF-0172.html,2026-04-10_Riverstone-Co_meeting-notes_REF-0172.html,0,1,3,877,0,Seeded modeled result; no desktop or web application executed.
true,false,fixture-0172,sim-local-baseline,1.0.0,3,document_0172.html,2026-04-10_Riverstone-Co_meeting-notes_REF-0172.html,2026-04-10_meeting-notes_REF-0172.html,1,0,2,891,0,Seeded modeled result; no desktop or web application executed.
true,false,fixture-0172,sim-rule-baseline,1.0.0,1,document_0172.html,2026-04-10_Riverstone-Co_meeting-notes_REF-0172.html,2026-04-10_meeting-notes_REF-0172.html,1,0,2,98,0,Seeded modeled result; no desktop or web application executed.
true,false,fixture-0172,sim-rule-baseline,1.0.0,2,document_0172.html,2026-04-10_Riverstone-Co_meeting-notes_REF-0172.html,2026-04-10_meeting-notes_REF-0172.html,1,0,0,82,0,Seeded modeled result; no desktop or web application executed.
true,false,fixture-0172,sim-rule-baseline,1.0.0,3,document_0172.html,2026-04-10_Riverstone-Co_meeting-notes_REF-0172.html,2026-04-10_meeting-notes_REF-0172.html,1,0,2,105,0,Seeded modeled result; no desktop or web application executed.
true,false,fixture-0173,sim-reference-workflow,1.0.0,1,document_0173.eml,2026-05-11_Bluebird-Health_invoice_REF-0173.eml,2026-05-11_Bluebird-Health_invoice_REF-0173.eml,1,1,3,511,0,Seeded modeled result; no desktop or web application executed.
true,false,fixture-0173,sim-reference-workflow,1.0.0,2,document_0173.eml,2026-05-11_Bluebird-Health_invoice_REF-0173.eml,2026-05-11_Bluebird-Health_invoice_REF-0173.eml,1,1,3,564,0,Seeded modeled result; no desktop or web application executed.
true,false,fixture-0173,sim-reference-workflow,1.0.0,3,document_0173.eml,2026-05-11_Bluebird-Health_invoice_REF-0173.eml,2026-05-11_invoice_REF-0173.eml,1,0,3,398,0,Seeded modeled result; no desktop or web application executed.
true,false,fixture-0173,sim-cloud-baseline,1.0.0,1,document_0173.eml,2026-05-11_Bluebird-Health_invoice_REF-0173.eml,2026-05-11_Bluebird-Health_invoice_REF-0173.eml,1,1,3,917,0,Seeded modeled result; no desktop or web application executed.
true,false,fixture-0173,sim-cloud-baseline,1.0.0,2,document_0173.eml,2026-05-11_Bluebird-Health_invoice_REF-0173.eml,2026-05-11_Bluebird-Health_invoice_REF-0173.eml,1,1,3,829,0,Seeded modeled result; no desktop or web application executed.
true,false,fixture-0173,sim-cloud-baseline,1.0.0,3,document_0173.eml,2026-05-11_Bluebird-Health_invoice_REF-0173.eml,2026-05-11_Bluebird-Health_invoice_REF-0173.eml,1,1,3,706,0,Seeded modeled result; no desktop or web application executed.
true,false,fixture-0173,sim-local-baseline,1.0.0,1,document_0173.eml,2026-05-11_Bluebird-Health_invoice_REF-0173.eml,2026-05-11_Bluebird-Health_invoice_REF-0173.eml,1,1,3,912,0,Seeded modeled result; no desktop or web application executed.
true,false,fixture-0173,sim-local-baseline,1.0.0,2,document_0173.eml,2026-05-11_Bluebird-Health_invoice_REF-0173.eml,2026-05-11_invoice_REF-0173.eml,1,0,2,892,0,Seeded modeled result; no desktop or web application executed.
true,false,fixture-0173,sim-local-baseline,1.0.0,3,document_0173.eml,2026-05-11_Bluebird-Health_invoice_REF-0173.eml,2026-05-11_invoice_REF-0173.eml,1,0,0,1225,0,Seeded modeled result; no desktop or web application executed.
true,false,fixture-0173,sim-rule-baseline,1.0.0,1,document_0173.eml,2026-05-11_Bluebird-Health_invoice_REF-0173.eml,2026-05-11_invoice_REF-0173.eml,1,0,0,81,0,Seeded modeled result; no desktop or web application executed.
true,false,fixture-0173,sim-rule-baseline,1.0.0,2,document_0173.eml,2026-05-11_Bluebird-Health_invoice_REF-0173.eml,2026-05-11_Bluebird-Health_invoice_REF-0173.eml,1,1,3,108,0,Seeded modeled result; no desktop or web application executed.
true,false,fixture-0173,sim-rule-baseline,1.0.0,3,document_0173.eml,2026-05-11_Bluebird-Health_invoice_REF-0173.eml,2026-05-11_Bluebird-Health_invoice_REF-0173.eml,1,1,3,93,0,Seeded modeled result; no desktop or web application executed.
true,false,fixture-0174,sim-reference-workflow,1.0.0,1,document_0174.srt,2026-06-12_Northstar-Studio_meeting-notes_REF-0174.srt,2026-06-12_Northstar-Studio_meeting-notes_REF-0174.srt,1,1,3,609,0,Seeded modeled result; no desktop or web application executed.
true,false,fixture-0174,sim-reference-workflow,1.0.0,2,document_0174.srt,2026-06-12_Northstar-Studio_meeting-notes_REF-0174.srt,2026-06-12_Northstar-Studio_meeting-notes_REF-0174.srt,1,1,3,489,0,Seeded modeled result; no desktop or web application executed.
true,false,fixture-0174,sim-reference-workflow,1.0.0,3,document_0174.srt,2026-06-12_Northstar-Studio_meeting-notes_REF-0174.srt,2026-06-12_Northstar-Studio_meeting-notes_REF-0174.srt,1,1,3,515,0,Seeded modeled result; no desktop or web application executed.
true,false,fixture-0174,sim-cloud-baseline,1.0.0,1,document_0174.srt,2026-06-12_Northstar-Studio_meeting-notes_REF-0174.srt,2026-06-12_Northstar-Studio_meeting-notes_REF-0174.srt,1,1,3,808,0,Seeded modeled result; no desktop or web application executed.
true,false,fixture-0174,sim-cloud-baseline,1.0.0,2,document_0174.srt,2026-06-12_Northstar-Studio_meeting-notes_REF-0174.srt,2026-06-12_Northstar-Studio_meeting-notes_REF-0174.srt,1,1,3,775,0,Seeded modeled result; no desktop or web application executed.
true,false,fixture-0174,sim-cloud-baseline,1.0.0,3,document_0174.srt,2026-06-12_Northstar-Studio_meeting-notes_REF-0174.srt,2026-06-12_Northstar-Studio_meeting-notes_REF-0174.srt,1,1,3,679,0,Seeded modeled result; no desktop or web application executed.
true,false,fixture-0174,sim-local-baseline,1.0.0,1,document_0174.srt,2026-06-12_Northstar-Studio_meeting-notes_REF-0174.srt,2026-06-12_meeting-notes_REF-0174.srt,1,0,2,1173,0,Seeded modeled result; no desktop or web application executed.
true,false,fixture-0174,sim-local-baseline,1.0.0,2,document_0174.srt,2026-06-12_Northstar-Studio_meeting-notes_REF-0174.srt,2026-06-12_Northstar-Studio_meeting-notes_REF-0174.srt,1,1,3,952,0,Seeded modeled result; no desktop or web application executed.
true,false,fixture-0174,sim-local-baseline,1.0.0,3,document_0174.srt,2026-06-12_Northstar-Studio_meeting-notes_REF-0174.srt,2026-06-12_Northstar-Studio_meeting-notes_REF-0174.srt,1,1,3,847,0,Seeded modeled result; no desktop or web application executed.
true,false,fixture-0174,sim-rule-baseline,1.0.0,1,document_0174.srt,2026-06-12_Northstar-Studio_meeting-notes_REF-0174.srt,2026-06-12_meeting-notes_REF-0174.srt,1,0,0,104,0,Seeded modeled result; no desktop or web application executed.
true,false,fixture-0174,sim-rule-baseline,1.0.0,2,document_0174.srt,2026-06-12_Northstar-Studio_meeting-notes_REF-0174.srt,2026-06-12_meeting-notes_REF-0174.srt,1,0,2,89,0,Seeded modeled result; no desktop or web application executed.
true,false,fixture-0174,sim-rule-baseline,1.0.0,3,document_0174.srt,2026-06-12_Northstar-Studio_meeting-notes_REF-0174.srt,2026-06-12_meeting-notes_REF-0174.srt,1,0,1,80,0,Seeded modeled result; no desktop or web application executed.
true,false,fixture-0175,sim-reference-workflow,1.0.0,1,document_0175.vtt,2026-07-13_Pinecone-Works_invoice_REF-0175.vtt,2026-07-13_Pinecone-Works_invoice_REF-0175.vtt,1,1,3,494,0,Seeded modeled result; no desktop or web application executed.
true,false,fixture-0175,sim-reference-workflow,1.0.0,2,document_0175.vtt,2026-07-13_Pinecone-Works_invoice_REF-0175.vtt,2026-07-13_Pinecone-Works_invoice_REF-0175.vtt,1,1,3,570,0,Seeded modeled result; no desktop or web application executed.
true,false,fixture-0175,sim-reference-workflow,1.0.0,3,document_0175.vtt,2026-07-13_Pinecone-Works_invoice_REF-0175.vtt,2026-07-13_Pinecone-Works_invoice_REF-0175.vtt,1,1,3,508,0,Seeded modeled result; no desktop or web application executed.
true,false,fixture-0175,sim-cloud-baseline,1.0.0,1,document_0175.vtt,2026-07-13_Pinecone-Works_invoice_REF-0175.vtt,2026-07-13_Pinecone-Works_invoice_REF-0175.vtt,1,1,3,643,0,Seeded modeled result; no desktop or web application executed.
true,false,fixture-0175,sim-cloud-baseline,1.0.0,2,document_0175.vtt,2026-07-13_Pinecone-Works_invoice_REF-0175.vtt,2026-07-13_Pinecone-Works_invoice_REF-0175.vtt,1,1,3,562,0,Seeded modeled result; no desktop or web application executed.
true,false,fixture-0175,sim-cloud-baseline,1.0.0,3,document_0175.vtt,2026-07-13_Pinecone-Works_invoice_REF-0175.vtt,2026-07-13_invoice_REF-0175.vtt,1,0,3,832,0,Seeded modeled result; no desktop or web application executed.
true,false,fixture-0175,sim-local-baseline,1.0.0,1,document_0175.vtt,2026-07-13_Pinecone-Works_invoice_REF-0175.vtt,2026-07-13_Pinecone-Works_invoice_REF-0175.vtt,1,1,3,1154,0,Seeded modeled result; no desktop or web application executed.
true,false,fixture-0175,sim-local-baseline,1.0.0,2,document_0175.vtt,2026-07-13_Pinecone-Works_invoice_REF-0175.vtt,2026-07-13_invoice_REF-0175.vtt,1,0,1,764,0,Seeded modeled result; no desktop or web application executed.
true,false,fixture-0175,sim-local-baseline,1.0.0,3,document_0175.vtt,2026-07-13_Pinecone-Works_invoice_REF-0175.vtt,2026-07-13_Pinecone-Works_invoice_REF-0175.vtt,1,1,3,906,0,Seeded modeled result; no desktop or web application executed.
true,false,fixture-0175,sim-rule-baseline,1.0.0,1,document_0175.vtt,2026-07-13_Pinecone-Works_invoice_REF-0175.vtt,2026-07-13_invoice_REF-0175.vtt,1,0,0,99,0,Seeded modeled result; no desktop or web application executed.
true,false,fixture-0175,sim-rule-baseline,1.0.0,2,document_0175.vtt,2026-07-13_Pinecone-Works_invoice_REF-0175.vtt,2026-07-13_Pinecone-Works_invoice_REF-0175.vtt,0,1,3,107,0,Seeded modeled result; no desktop or web application executed.
true,false,fixture-0175,sim-rule-baseline,1.0.0,3,document_0175.vtt,2026-07-13_Pinecone-Works_invoice_REF-0175.vtt,2026-07-13_invoice_REF-0175.vtt,1,0,0,109,0,Seeded modeled result; no desktop or web application executed.
true,false,fixture-0176,sim-reference-workflow,1.0.0,1,document_0176.svg,2026-08-14_Acme-Labs_meeting-notes_REF-0176.svg,2026-08-14_Acme-Labs_meeting-notes_REF-0176.svg,1,1,3,426,0,Seeded modeled result; no desktop or web application executed.
true,false,fixture-0176,sim-reference-workflow,1.0.0,2,document_0176.svg,2026-08-14_Acme-Labs_meeting-notes_REF-0176.svg,2026-08-14_Acme-Labs_meeting-notes_REF-0176.svg,1,1,3,560,0,Seeded modeled result; no desktop or web application executed.
true,false,fixture-0176,sim-reference-workflow,1.0.0,3,document_0176.svg,2026-08-14_Acme-Labs_meeting-notes_REF-0176.svg,2026-08-14_Acme-Labs_meeting-notes_REF-0176.svg,1,1,3,424,0,Seeded modeled result; no desktop or web application executed.
true,false,fixture-0176,sim-cloud-baseline,1.0.0,1,document_0176.svg,2026-08-14_Acme-Labs_meeting-notes_REF-0176.svg,2026-08-14_meeting-notes_REF-0176.svg,1,0,3,817,0,Seeded modeled result; no desktop or web application executed.
true,false,fixture-0176,sim-cloud-baseline,1.0.0,2,document_0176.svg,2026-08-14_Acme-Labs_meeting-notes_REF-0176.svg,2026-08-14_meeting-notes_REF-0176.svg,1,0,2,775,0,Seeded modeled result; no desktop or web application executed.
true,false,fixture-0176,sim-cloud-baseline,1.0.0,3,document_0176.svg,2026-08-14_Acme-Labs_meeting-notes_REF-0176.svg,2026-08-14_Acme-Labs_meeting-notes_REF-0176.svg,1,1,3,757,0,Seeded modeled result; no desktop or web application executed.
true,false,fixture-0176,sim-local-baseline,1.0.0,1,document_0176.svg,2026-08-14_Acme-Labs_meeting-notes_REF-0176.svg,2026-08-14_meeting-notes_REF-0176.svg,1,0,2,1045,0,Seeded modeled result; no desktop or web application executed.
true,false,fixture-0176,sim-local-baseline,1.0.0,2,document_0176.svg,2026-08-14_Acme-Labs_meeting-notes_REF-0176.svg,2026-08-14_Acme-Labs_meeting-notes_REF-0176.svg,1,1,3,1202,0,Seeded modeled result; no desktop or web application executed.
true,false,fixture-0176,sim-local-baseline,1.0.0,3,document_0176.svg,2026-08-14_Acme-Labs_meeting-notes_REF-0176.svg,2026-08-14_Acme-Labs_meeting-notes_REF-0176.svg,1,1,3,932,0,Seeded modeled result; no desktop or web application executed.
true,false,fixture-0176,sim-rule-baseline,1.0.0,1,document_0176.svg,2026-08-14_Acme-Labs_meeting-notes_REF-0176.svg,2026-08-14_meeting-notes_REF-0176.svg,1,0,1,104,0,Seeded modeled result; no desktop or web application executed.
true,false,fixture-0176,sim-rule-baseline,1.0.0,2,document_0176.svg,2026-08-14_Acme-Labs_meeting-notes_REF-0176.svg,2026-08-14_meeting-notes_REF-0176.svg,1,0,1,69,0,Seeded modeled result; no desktop or web application executed.
true,false,fixture-0176,sim-rule-baseline,1.0.0,3,document_0176.svg,2026-08-14_Acme-Labs_meeting-notes_REF-0176.svg,2026-08-14_meeting-notes_REF-0176.svg,1,0,2,84,0,Seeded modeled result; no desktop or web application executed.
true,false,fixture-0177,sim-reference-workflow,1.0.0,1,document_0177.txt,2026-09-15_Riverstone-Co_invoice_REF-0177.txt,2026-09-15_Riverstone-Co_invoice_REF-0177.txt,1,1,3,607,0,Seeded modeled result; no desktop or web application executed.
true,false,fixture-0177,sim-reference-workflow,1.0.0,2,document_0177.txt,2026-09-15_Riverstone-Co_invoice_REF-0177.txt,2026-09-15_Riverstone-Co_invoice_REF-0177.txt,1,1,3,407,0,Seeded modeled result; no desktop or web application executed.
true,false,fixture-0177,sim-reference-workflow,1.0.0,3,document_0177.txt,2026-09-15_Riverstone-Co_invoice_REF-0177.txt,2026-09-15_invoice_REF-0177.txt,1,0,3,452,0,Seeded modeled result; no desktop or web application executed.
true,false,fixture-0177,sim-cloud-baseline,1.0.0,1,document_0177.txt,2026-09-15_Riverstone-Co_invoice_REF-0177.txt,2026-09-15_invoice_REF-0177.txt,1,0,3,594,0,Seeded modeled result; no desktop or web application executed.
true,false,fixture-0177,sim-cloud-baseline,1.0.0,2,document_0177.txt,2026-09-15_Riverstone-Co_invoice_REF-0177.txt,2026-09-15_invoice_REF-0177.txt,1,0,3,751,0,Seeded modeled result; no desktop or web application executed.
true,false,fixture-0177,sim-cloud-baseline,1.0.0,3,document_0177.txt,2026-09-15_Riverstone-Co_invoice_REF-0177.txt,2026-09-15_invoice_REF-0177.txt,1,0,3,818,0,Seeded modeled result; no desktop or web application executed.
true,false,fixture-0177,sim-local-baseline,1.0.0,1,document_0177.txt,2026-09-15_Riverstone-Co_invoice_REF-0177.txt,2026-09-15_Riverstone-Co_invoice_REF-0177.txt,1,1,3,1128,0,Seeded modeled result; no desktop or web application executed.
true,false,fixture-0177,sim-local-baseline,1.0.0,2,document_0177.txt,2026-09-15_Riverstone-Co_invoice_REF-0177.txt,2026-09-15_Riverstone-Co_invoice_REF-0177.txt,1,1,3,861,0,Seeded modeled result; no desktop or web application executed.
true,false,fixture-0177,sim-local-baseline,1.0.0,3,document_0177.txt,2026-09-15_Riverstone-Co_invoice_REF-0177.txt,2026-09-15_Riverstone-Co_invoice_REF-0177.txt,1,1,3,1070,0,Seeded modeled result; no desktop or web application executed.
true,false,fixture-0177,sim-rule-baseline,1.0.0,1,document_0177.txt,2026-09-15_Riverstone-Co_invoice_REF-0177.txt,2026-09-15_invoice_REF-0177.txt,1,0,1,103,0,Seeded modeled result; no desktop or web application executed.
true,false,fixture-0177,sim-rule-baseline,1.0.0,2,document_0177.txt,2026-09-15_Riverstone-Co_invoice_REF-0177.txt,2026-09-15_invoice_REF-0177.txt,1,0,1,95,0,Seeded modeled result; no desktop or web application executed.
true,false,fixture-0177,sim-rule-baseline,1.0.0,3,document_0177.txt,2026-09-15_Riverstone-Co_invoice_REF-0177.txt,2026-09-15_Riverstone-Co_invoice_REF-0177.txt,1,1,3,100,0,Seeded modeled result; no desktop or web application executed.
true,false,fixture-0178,sim-reference-workflow,1.0.0,1,document_0178.md,2026-10-16_Bluebird-Health_meeting-notes_REF-0178.md,2026-10-16_Bluebird-Health_meeting-notes_REF-0178.md,1,1,3,519,0,Seeded modeled result; no desktop or web application executed.
true,false,fixture-0178,sim-reference-workflow,1.0.0,2,document_0178.md,2026-10-16_Bluebird-Health_meeting-notes_REF-0178.md,2026-10-16_Bluebird-Health_meeting-notes_REF-0178.md,1,1,3,436,0,Seeded modeled result; no desktop or web application executed.
true,false,fixture-0178,sim-reference-workflow,1.0.0,3,document_0178.md,2026-10-16_Bluebird-Health_meeting-notes_REF-0178.md,2026-10-16_Bluebird-Health_meeting-notes_REF-0178.md,1,1,3,626,0,Seeded modeled result; no desktop or web application executed.
true,false,fixture-0178,sim-cloud-baseline,1.0.0,1,document_0178.md,2026-10-16_Bluebird-Health_meeting-notes_REF-0178.md,2026-10-16_meeting-notes_REF-0178.md,1,0,2,687,0,Seeded modeled result; no desktop or web application executed.
true,false,fixture-0178,sim-cloud-baseline,1.0.0,2,document_0178.md,2026-10-16_Bluebird-Health_meeting-notes_REF-0178.md,2026-10-16_Bluebird-Health_meeting-notes_REF-0178.md,1,1,3,784,0,Seeded modeled result; no desktop or web application executed.
true,false,fixture-0178,sim-cloud-baseline,1.0.0,3,document_0178.md,2026-10-16_Bluebird-Health_meeting-notes_REF-0178.md,2026-10-16_meeting-notes_REF-0178.md,1,0,2,643,0,Seeded modeled result; no desktop or web application executed.
true,false,fixture-0178,sim-local-baseline,1.0.0,1,document_0178.md,2026-10-16_Bluebird-Health_meeting-notes_REF-0178.md,2026-10-16_Bluebird-Health_meeting-notes_REF-0178.md,1,1,3,769,0,Seeded modeled result; no desktop or web application executed.
true,false,fixture-0178,sim-local-baseline,1.0.0,2,document_0178.md,2026-10-16_Bluebird-Health_meeting-notes_REF-0178.md,2026-10-16_Bluebird-Health_meeting-notes_REF-0178.md,1,1,3,803,0,Seeded modeled result; no desktop or web application executed.
true,false,fixture-0178,sim-local-baseline,1.0.0,3,document_0178.md,2026-10-16_Bluebird-Health_meeting-notes_REF-0178.md,2026-10-16_Bluebird-Health_meeting-notes_REF-0178.md,1,1,3,776,0,Seeded modeled result; no desktop or web application executed.
true,false,fixture-0178,sim-rule-baseline,1.0.0,1,document_0178.md,2026-10-16_Bluebird-Health_meeting-notes_REF-0178.md,2026-10-16_Bluebird-Health_meeting-notes_REF-0178.md,1,1,3,100,0,Seeded modeled result; no desktop or web application executed.
true,false,fixture-0178,sim-rule-baseline,1.0.0,2,document_0178.md,2026-10-16_Bluebird-Health_meeting-notes_REF-0178.md,2026-10-16_Bluebird-Health_meeting-notes_REF-0178.md,1,1,3,97,0,Seeded modeled result; no desktop or web application executed.
true,false,fixture-0178,sim-rule-baseline,1.0.0,3,document_0178.md,2026-10-16_Bluebird-Health_meeting-notes_REF-0178.md,2026-10-16_meeting-notes_REF-0178.md,1,0,2,79,0,Seeded modeled result; no desktop or web application executed.
true,false,fixture-0179,sim-reference-workflow,1.0.0,1,document_0179.csv,2026-11-17_Northstar-Studio_invoice_REF-0179.csv,2026-11-17_Northstar-Studio_invoice_REF-0179.csv,1,1,3,611,0,Seeded modeled result; no desktop or web application executed.
true,false,fixture-0179,sim-reference-workflow,1.0.0,2,document_0179.csv,2026-11-17_Northstar-Studio_invoice_REF-0179.csv,2026-11-17_Northstar-Studio_invoice_REF-0179.csv,1,1,3,533,0,Seeded modeled result; no desktop or web application executed.
true,false,fixture-0179,sim-reference-workflow,1.0.0,3,document_0179.csv,2026-11-17_Northstar-Studio_invoice_REF-0179.csv,2026-11-17_Northstar-Studio_invoice_REF-0179.csv,1,1,3,466,0,Seeded modeled result; no desktop or web application executed.
true,false,fixture-0179,sim-cloud-baseline,1.0.0,1,document_0179.csv,2026-11-17_Northstar-Studio_invoice_REF-0179.csv,2026-11-17_Northstar-Studio_invoice_REF-0179.csv,1,1,3,809,0,Seeded modeled result; no desktop or web application executed.
true,false,fixture-0179,sim-cloud-baseline,1.0.0,2,document_0179.csv,2026-11-17_Northstar-Studio_invoice_REF-0179.csv,2026-11-17_invoice_REF-0179.csv,1,0,2,824,0,Seeded modeled result; no desktop or web application executed.
true,false,fixture-0179,sim-cloud-baseline,1.0.0,3,document_0179.csv,2026-11-17_Northstar-Studio_invoice_REF-0179.csv,2026-11-17_invoice_REF-0179.csv,1,0,3,564,0,Seeded modeled result; no desktop or web application executed.
true,false,fixture-0179,sim-local-baseline,1.0.0,1,document_0179.csv,2026-11-17_Northstar-Studio_invoice_REF-0179.csv,2026-11-17_invoice_REF-0179.csv,1,0,3,897,0,Seeded modeled result; no desktop or web application executed.
true,false,fixture-0179,sim-local-baseline,1.0.0,2,document_0179.csv,2026-11-17_Northstar-Studio_invoice_REF-0179.csv,2026-11-17_Northstar-Studio_invoice_REF-0179.csv,1,1,3,905,0,Seeded modeled result; no desktop or web application executed.
true,false,fixture-0179,sim-local-baseline,1.0.0,3,document_0179.csv,2026-11-17_Northstar-Studio_invoice_REF-0179.csv,2026-11-17_Northstar-Studio_invoice_REF-0179.csv,1,1,3,809,0,Seeded modeled result; no desktop or web application executed.
true,false,fixture-0179,sim-rule-baseline,1.0.0,1,document_0179.csv,2026-11-17_Northstar-Studio_invoice_REF-0179.csv,2026-11-17_invoice_REF-0179.csv,1,0,0,68,0,Seeded modeled result; no desktop or web application executed.
true,false,fixture-0179,sim-rule-baseline,1.0.0,2,document_0179.csv,2026-11-17_Northstar-Studio_invoice_REF-0179.csv,2026-11-17_invoice_REF-0179.csv,1,0,0,86,0,Seeded modeled result; no desktop or web application executed.
true,false,fixture-0179,sim-rule-baseline,1.0.0,3,document_0179.csv,2026-11-17_Northstar-Studio_invoice_REF-0179.csv,2026-11-17_Northstar-Studio_invoice_REF-0179.csv,1,1,3,76,0,Seeded modeled result; no desktop or web application executed.
true,false,fixture-0180,sim-reference-workflow,1.0.0,1,document_0180.json,2026-12-18_Pinecone-Works_meeting-notes_REF-0180.json,2026-12-18_Pinecone-Works_meeting-notes_REF-0180.json,1,1,3,603,0,Seeded modeled result; no desktop or web application executed.
true,false,fixture-0180,sim-reference-workflow,1.0.0,2,document_0180.json,2026-12-18_Pinecone-Works_meeting-notes_REF-0180.json,2026-12-18_Pinecone-Works_meeting-notes_REF-0180.json,1,1,3,444,0,Seeded modeled result; no desktop or web application executed.
true,false,fixture-0180,sim-reference-workflow,1.0.0,3,document_0180.json,2026-12-18_Pinecone-Works_meeting-notes_REF-0180.json,2026-12-18_Pinecone-Works_meeting-notes_REF-0180.json,1,1,3,568,0,Seeded modeled result; no desktop or web application executed.
true,false,fixture-0180,sim-cloud-baseline,1.0.0,1,document_0180.json,2026-12-18_Pinecone-Works_meeting-notes_REF-0180.json,2026-12-18_Pinecone-Works_meeting-notes_REF-0180.json,1,1,3,664,0,Seeded modeled result; no desktop or web application executed.
true,false,fixture-0180,sim-cloud-baseline,1.0.0,2,document_0180.json,2026-12-18_Pinecone-Works_meeting-notes_REF-0180.json,2026-12-18_Pinecone-Works_meeting-notes_REF-0180.json,1,1,3,621,0,Seeded modeled result; no desktop or web application executed.
true,false,fixture-0180,sim-cloud-baseline,1.0.0,3,document_0180.json,2026-12-18_Pinecone-Works_meeting-notes_REF-0180.json,2026-12-18_Pinecone-Works_meeting-notes_REF-0180.json,1,1,3,697,0,Seeded modeled result; no desktop or web application executed.
true,false,fixture-0180,sim-local-baseline,1.0.0,1,document_0180.json,2026-12-18_Pinecone-Works_meeting-notes_REF-0180.json,2026-12-18_Pinecone-Works_meeting-notes_REF-0180.json,1,1,3,1110,0,Seeded modeled result; no desktop or web application executed.
true,false,fixture-0180,sim-local-baseline,1.0.0,2,document_0180.json,2026-12-18_Pinecone-Works_meeting-notes_REF-0180.json,2026-12-18_Pinecone-Works_meeting-notes_REF-0180.json,1,1,3,1142,0,Seeded modeled result; no desktop or web application executed.
true,false,fixture-0180,sim-local-baseline,1.0.0,3,document_0180.json,2026-12-18_Pinecone-Works_meeting-notes_REF-0180.json,2026-12-18_meeting-notes_REF-0180.json,1,0,1,1013,0,Seeded modeled result; no desktop or web application executed.
true,false,fixture-0180,sim-rule-baseline,1.0.0,1,document_0180.json,2026-12-18_Pinecone-Works_meeting-notes_REF-0180.json,2026-12-18_meeting-notes_REF-0180.json,1,0,1,110,0,Seeded modeled result; no desktop or web application executed.
true,false,fixture-0180,sim-rule-baseline,1.0.0,2,document_0180.json,2026-12-18_Pinecone-Works_meeting-notes_REF-0180.json,2026-12-18_meeting-notes_REF-0180.json,1,0,2,85,0,Seeded modeled result; no desktop or web application executed.
true,false,fixture-0180,sim-rule-baseline,1.0.0,3,document_0180.json,2026-12-18_Pinecone-Works_meeting-notes_REF-0180.json,2026-12-18_Pinecone-Works_meeting-notes_REF-0180.json,1,1,3,83,0,Seeded modeled result; no desktop or web application executed.
true,false,fixture-0181,sim-reference-workflow,1.0.0,1,document_0181.xml,2026-01-19_Acme-Labs_invoice_REF-0181.xml,2026-01-19_Acme-Labs_invoice_REF-0181.xml,1,1,3,466,0,Seeded modeled result; no desktop or web application executed.
true,false,fixture-0181,sim-reference-workflow,1.0.0,2,document_0181.xml,2026-01-19_Acme-Labs_invoice_REF-0181.xml,2026-01-19_Acme-Labs_invoice_REF-0181.xml,1,1,3,412,0,Seeded modeled result; no desktop or web application executed.
true,false,fixture-0181,sim-reference-workflow,1.0.0,3,document_0181.xml,2026-01-19_Acme-Labs_invoice_REF-0181.xml,2026-01-19_Acme-Labs_invoice_REF-0181.xml,1,1,3,576,0,Seeded modeled result; no desktop or web application executed.
true,false,fixture-0181,sim-cloud-baseline,1.0.0,1,document_0181.xml,2026-01-19_Acme-Labs_invoice_REF-0181.xml,2026-01-19_Acme-Labs_invoice_REF-0181.xml,1,1,3,914,0,Seeded modeled result; no desktop or web application executed.
true,false,fixture-0181,sim-cloud-baseline,1.0.0,2,document_0181.xml,2026-01-19_Acme-Labs_invoice_REF-0181.xml,2026-01-19_Acme-Labs_invoice_REF-0181.xml,0,1,3,569,1,Seeded modeled result; no desktop or web application executed.
true,false,fixture-0181,sim-cloud-baseline,1.0.0,3,document_0181.xml,2026-01-19_Acme-Labs_invoice_REF-0181.xml,2026-01-19_Acme-Labs_invoice_REF-0181.xml,1,1,3,654,0,Seeded modeled result; no desktop or web application executed.
true,false,fixture-0181,sim-local-baseline,1.0.0,1,document_0181.xml,2026-01-19_Acme-Labs_invoice_REF-0181.xml,2026-01-19_Acme-Labs_invoice_REF-0181.xml,1,1,3,1178,0,Seeded modeled result; no desktop or web application executed.
true,false,fixture-0181,sim-local-baseline,1.0.0,2,document_0181.xml,2026-01-19_Acme-Labs_invoice_REF-0181.xml,2026-01-19_invoice_REF-0181.xml,1,0,1,1012,0,Seeded modeled result; no desktop or web application executed.
true,false,fixture-0181,sim-local-baseline,1.0.0,3,document_0181.xml,2026-01-19_Acme-Labs_invoice_REF-0181.xml,2026-01-19_invoice_REF-0181.xml,1,0,2,1194,0,Seeded modeled result; no desktop or web application executed.
true,false,fixture-0181,sim-rule-baseline,1.0.0,1,document_0181.xml,2026-01-19_Acme-Labs_invoice_REF-0181.xml,2026-01-19_invoice_REF-0181.xml,1,0,2,71,0,Seeded modeled result; no desktop or web application executed.
true,false,fixture-0181,sim-rule-baseline,1.0.0,2,document_0181.xml,2026-01-19_Acme-Labs_invoice_REF-0181.xml,2026-01-19_Acme-Labs_invoice_REF-0181.xml,1,1,3,108,0,Seeded modeled result; no desktop or web application executed.
true,false,fixture-0181,sim-rule-baseline,1.0.0,3,document_0181.xml,2026-01-19_Acme-Labs_invoice_REF-0181.xml,2026-01-19_Acme-Labs_invoice_REF-0181.xml,1,1,3,101,0,Seeded modeled result; no desktop or web application executed.
true,false,fixture-0182,sim-reference-workflow,1.0.0,1,document_0182.yaml,2026-02-20_Riverstone-Co_meeting-notes_REF-0182.yaml,2026-02-20_Riverstone-Co_meeting-notes_REF-0182.yaml,1,1,3,543,0,Seeded modeled result; no desktop or web application executed.
true,false,fixture-0182,sim-reference-workflow,1.0.0,2,document_0182.yaml,2026-02-20_Riverstone-Co_meeting-notes_REF-0182.yaml,2026-02-20_meeting-notes_REF-0182.yaml,1,0,3,507,0,Seeded modeled result; no desktop or web application executed.
true,false,fixture-0182,sim-reference-workflow,1.0.0,3,document_0182.yaml,2026-02-20_Riverstone-Co_meeting-notes_REF-0182.yaml,2026-02-20_Riverstone-Co_meeting-notes_REF-0182.yaml,1,1,3,625,0,Seeded modeled result; no desktop or web application executed.
true,false,fixture-0182,sim-cloud-baseline,1.0.0,1,document_0182.yaml,2026-02-20_Riverstone-Co_meeting-notes_REF-0182.yaml,2026-02-20_Riverstone-Co_meeting-notes_REF-0182.yaml,1,1,3,917,0,Seeded modeled result; no desktop or web application executed.
true,false,fixture-0182,sim-cloud-baseline,1.0.0,2,document_0182.yaml,2026-02-20_Riverstone-Co_meeting-notes_REF-0182.yaml,2026-02-20_Riverstone-Co_meeting-notes_REF-0182.yaml,1,1,3,919,0,Seeded modeled result; no desktop or web application executed.
true,false,fixture-0182,sim-cloud-baseline,1.0.0,3,document_0182.yaml,2026-02-20_Riverstone-Co_meeting-notes_REF-0182.yaml,2026-02-20_Riverstone-Co_meeting-notes_REF-0182.yaml,1,1,3,856,0,Seeded modeled result; no desktop or web application executed.
true,false,fixture-0182,sim-local-baseline,1.0.0,1,document_0182.yaml,2026-02-20_Riverstone-Co_meeting-notes_REF-0182.yaml,2026-02-20_meeting-notes_REF-0182.yaml,1,0,3,1133,0,Seeded modeled result; no desktop or web application executed.
true,false,fixture-0182,sim-local-baseline,1.0.0,2,document_0182.yaml,2026-02-20_Riverstone-Co_meeting-notes_REF-0182.yaml,2026-02-20_Riverstone-Co_meeting-notes_REF-0182.yaml,1,1,3,816,0,Seeded modeled result; no desktop or web application executed.
true,false,fixture-0182,sim-local-baseline,1.0.0,3,document_0182.yaml,2026-02-20_Riverstone-Co_meeting-notes_REF-0182.yaml,2026-02-20_Riverstone-Co_meeting-notes_REF-0182.yaml,1,1,3,1161,0,Seeded modeled result; no desktop or web application executed.
true,false,fixture-0182,sim-rule-baseline,1.0.0,1,document_0182.yaml,2026-02-20_Riverstone-Co_meeting-notes_REF-0182.yaml,2026-02-20_Riverstone-Co_meeting-notes_REF-0182.yaml,1,1,3,71,0,Seeded modeled result; no desktop or web application executed.
true,false,fixture-0182,sim-rule-baseline,1.0.0,2,document_0182.yaml,2026-02-20_Riverstone-Co_meeting-notes_REF-0182.yaml,2026-02-20_Riverstone-Co_meeting-notes_REF-0182.yaml,1,1,3,69,0,Seeded modeled result; no desktop or web application executed.
true,false,fixture-0182,sim-rule-baseline,1.0.0,3,document_0182.yaml,2026-02-20_Riverstone-Co_meeting-notes_REF-0182.yaml,2026-02-20_meeting-notes_REF-0182.yaml,1,0,0,93,0,Seeded modeled result; no desktop or web application executed.
true,false,fixture-0183,sim-reference-workflow,1.0.0,1,document_0183.html,2026-03-21_Bluebird-Health_invoice_REF-0183.html,2026-03-21_Bluebird-Health_invoice_REF-0183.html,1,1,3,504,0,Seeded modeled result; no desktop or web application executed.
true,false,fixture-0183,sim-reference-workflow,1.0.0,2,document_0183.html,2026-03-21_Bluebird-Health_invoice_REF-0183.html,2026-03-21_Bluebird-Health_invoice_REF-0183.html,1,1,3,505,0,Seeded modeled result; no desktop or web application executed.
true,false,fixture-0183,sim-reference-workflow,1.0.0,3,document_0183.html,2026-03-21_Bluebird-Health_invoice_REF-0183.html,2026-03-21_Bluebird-Health_invoice_REF-0183.html,1,1,3,403,0,Seeded modeled result; no desktop or web application executed.
true,false,fixture-0183,sim-cloud-baseline,1.0.0,1,document_0183.html,2026-03-21_Bluebird-Health_invoice_REF-0183.html,2026-03-21_Bluebird-Health_invoice_REF-0183.html,1,1,3,625,0,Seeded modeled result; no desktop or web application executed.
true,false,fixture-0183,sim-cloud-baseline,1.0.0,2,document_0183.html,2026-03-21_Bluebird-Health_invoice_REF-0183.html,2026-03-21_Bluebird-Health_invoice_REF-0183.html,1,1,3,696,0,Seeded modeled result; no desktop or web application executed.
true,false,fixture-0183,sim-cloud-baseline,1.0.0,3,document_0183.html,2026-03-21_Bluebird-Health_invoice_REF-0183.html,2026-03-21_Bluebird-Health_invoice_REF-0183.html,1,1,3,724,0,Seeded modeled result; no desktop or web application executed.
true,false,fixture-0183,sim-local-baseline,1.0.0,1,document_0183.html,2026-03-21_Bluebird-Health_invoice_REF-0183.html,2026-03-21_Bluebird-Health_invoice_REF-0183.html,1,1,3,1081,0,Seeded modeled result; no desktop or web application executed.
true,false,fixture-0183,sim-local-baseline,1.0.0,2,document_0183.html,2026-03-21_Bluebird-Health_invoice_REF-0183.html,2026-03-21_invoice_REF-0183.html,1,0,0,1138,0,Seeded modeled result; no desktop or web application executed.
true,false,fixture-0183,sim-local-baseline,1.0.0,3,document_0183.html,2026-03-21_Bluebird-Health_invoice_REF-0183.html,2026-03-21_invoice_REF-0183.html,1,0,1,787,0,Seeded modeled result; no desktop or web application executed.
true,false,fixture-0183,sim-rule-baseline,1.0.0,1,document_0183.html,2026-03-21_Bluebird-Health_invoice_REF-0183.html,2026-03-21_invoice_REF-0183.html,1,0,1,90,0,Seeded modeled result; no desktop or web application executed.
true,false,fixture-0183,sim-rule-baseline,1.0.0,2,document_0183.html,2026-03-21_Bluebird-Health_invoice_REF-0183.html,2026-03-21_invoice_REF-0183.html,1,0,1,82,0,Seeded modeled result; no desktop or web application executed.
true,false,fixture-0183,sim-rule-baseline,1.0.0,3,document_0183.html,2026-03-21_Bluebird-Health_invoice_REF-0183.html,2026-03-21_invoice_REF-0183.html,1,0,2,84,0,Seeded modeled result; no desktop or web application executed.
true,false,fixture-0184,sim-reference-workflow,1.0.0,1,document_0184.eml,2026-04-22_Northstar-Studio_meeting-notes_REF-0184.eml,2026-04-22_Northstar-Studio_meeting-notes_REF-0184.eml,1,1,3,641,0,Seeded modeled result; no desktop or web application executed.
true,false,fixture-0184,sim-reference-workflow,1.0.0,2,document_0184.eml,2026-04-22_Northstar-Studio_meeting-notes_REF-0184.eml,2026-04-22_meeting-notes_REF-0184.eml,1,0,1,392,0,Seeded modeled result; no desktop or web application executed.
true,false,fixture-0184,sim-reference-workflow,1.0.0,3,document_0184.eml,2026-04-22_Northstar-Studio_meeting-notes_REF-0184.eml,2026-04-22_Northstar-Studio_meeting-notes_REF-0184.eml,1,1,3,476,0,Seeded modeled result; no desktop or web application executed.
true,false,fixture-0184,sim-cloud-baseline,1.0.0,1,document_0184.eml,2026-04-22_Northstar-Studio_meeting-notes_REF-0184.eml,2026-04-22_Northstar-Studio_meeting-notes_REF-0184.eml,1,1,3,683,0,Seeded modeled result; no desktop or web application executed.
true,false,fixture-0184,sim-cloud-baseline,1.0.0,2,document_0184.eml,2026-04-22_Northstar-Studio_meeting-notes_REF-0184.eml,2026-04-22_Northstar-Studio_meeting-notes_REF-0184.eml,1,1,3,708,0,Seeded modeled result; no desktop or web application executed.
true,false,fixture-0184,sim-cloud-baseline,1.0.0,3,document_0184.eml,2026-04-22_Northstar-Studio_meeting-notes_REF-0184.eml,2026-04-22_Northstar-Studio_meeting-notes_REF-0184.eml,1,1,3,754,0,Seeded modeled result; no desktop or web application executed.
true,false,fixture-0184,sim-local-baseline,1.0.0,1,document_0184.eml,2026-04-22_Northstar-Studio_meeting-notes_REF-0184.eml,2026-04-22_Northstar-Studio_meeting-notes_REF-0184.eml,1,1,3,1217,0,Seeded modeled result; no desktop or web application executed.
true,false,fixture-0184,sim-local-baseline,1.0.0,2,document_0184.eml,2026-04-22_Northstar-Studio_meeting-notes_REF-0184.eml,2026-04-22_meeting-notes_REF-0184.eml,1,0,3,809,0,Seeded modeled result; no desktop or web application executed.
true,false,fixture-0184,sim-local-baseline,1.0.0,3,document_0184.eml,2026-04-22_Northstar-Studio_meeting-notes_REF-0184.eml,2026-04-22_Northstar-Studio_meeting-notes_REF-0184.eml,1,1,3,863,0,Seeded modeled result; no desktop or web application executed.
true,false,fixture-0184,sim-rule-baseline,1.0.0,1,document_0184.eml,2026-04-22_Northstar-Studio_meeting-notes_REF-0184.eml,2026-04-22_Northstar-Studio_meeting-notes_REF-0184.eml,1,1,3,81,0,Seeded modeled result; no desktop or web application executed.
true,false,fixture-0184,sim-rule-baseline,1.0.0,2,document_0184.eml,2026-04-22_Northstar-Studio_meeting-notes_REF-0184.eml,2026-04-22_Northstar-Studio_meeting-notes_REF-0184.eml,1,1,3,106,0,Seeded modeled result; no desktop or web application executed.
true,false,fixture-0184,sim-rule-baseline,1.0.0,3,document_0184.eml,2026-04-22_Northstar-Studio_meeting-notes_REF-0184.eml,2026-04-22_meeting-notes_REF-0184.eml,1,0,1,75,0,Seeded modeled result; no desktop or web application executed.
true,false,fixture-0185,sim-reference-workflow,1.0.0,1,document_0185.srt,2026-05-23_Pinecone-Works_invoice_REF-0185.srt,2026-05-23_Pinecone-Works_invoice_REF-0185.srt,1,1,3,585,0,Seeded modeled result; no desktop or web application executed.
true,false,fixture-0185,sim-reference-workflow,1.0.0,2,document_0185.srt,2026-05-23_Pinecone-Works_invoice_REF-0185.srt,2026-05-23_Pinecone-Works_invoice_REF-0185.srt,1,1,3,530,0,Seeded modeled result; no desktop or web application executed.
true,false,fixture-0185,sim-reference-workflow,1.0.0,3,document_0185.srt,2026-05-23_Pinecone-Works_invoice_REF-0185.srt,2026-05-23_Pinecone-Works_invoice_REF-0185.srt,1,1,3,645,0,Seeded modeled result; no desktop or web application executed.
true,false,fixture-0185,sim-cloud-baseline,1.0.0,1,document_0185.srt,2026-05-23_Pinecone-Works_invoice_REF-0185.srt,2026-05-23_Pinecone-Works_invoice_REF-0185.srt,1,1,3,791,0,Seeded modeled result; no desktop or web application executed.
true,false,fixture-0185,sim-cloud-baseline,1.0.0,2,document_0185.srt,2026-05-23_Pinecone-Works_invoice_REF-0185.srt,2026-05-23_Pinecone-Works_invoice_REF-0185.srt,1,1,3,652,0,Seeded modeled result; no desktop or web application executed.
true,false,fixture-0185,sim-cloud-baseline,1.0.0,3,document_0185.srt,2026-05-23_Pinecone-Works_invoice_REF-0185.srt,2026-05-23_invoice_REF-0185.srt,1,0,2,876,0,Seeded modeled result; no desktop or web application executed.
true,false,fixture-0185,sim-local-baseline,1.0.0,1,document_0185.srt,2026-05-23_Pinecone-Works_invoice_REF-0185.srt,2026-05-23_invoice_REF-0185.srt,1,0,2,766,0,Seeded modeled result; no desktop or web application executed.
true,false,fixture-0185,sim-local-baseline,1.0.0,2,document_0185.srt,2026-05-23_Pinecone-Works_invoice_REF-0185.srt,2026-05-23_Pinecone-Works_invoice_REF-0185.srt,1,1,3,884,0,Seeded modeled result; no desktop or web application executed.
true,false,fixture-0185,sim-local-baseline,1.0.0,3,document_0185.srt,2026-05-23_Pinecone-Works_invoice_REF-0185.srt,2026-05-23_Pinecone-Works_invoice_REF-0185.srt,1,1,3,1098,0,Seeded modeled result; no desktop or web application executed.
true,false,fixture-0185,sim-rule-baseline,1.0.0,1,document_0185.srt,2026-05-23_Pinecone-Works_invoice_REF-0185.srt,2026-05-23_invoice_REF-0185.srt,1,0,1,86,0,Seeded modeled result; no desktop or web application executed.
true,false,fixture-0185,sim-rule-baseline,1.0.0,2,document_0185.srt,2026-05-23_Pinecone-Works_invoice_REF-0185.srt,2026-05-23_Pinecone-Works_invoice_REF-0185.srt,1,1,3,72,0,Seeded modeled result; no desktop or web application executed.
true,false,fixture-0185,sim-rule-baseline,1.0.0,3,document_0185.srt,2026-05-23_Pinecone-Works_invoice_REF-0185.srt,2026-05-23_invoice_REF-0185.srt,1,0,2,77,0,Seeded modeled result; no desktop or web application executed.
true,false,fixture-0186,sim-reference-workflow,1.0.0,1,document_0186.vtt,2026-06-24_Acme-Labs_meeting-notes_REF-0186.vtt,2026-06-24_Acme-Labs_meeting-notes_REF-0186.vtt,1,1,3,589,0,Seeded modeled result; no desktop or web application executed.
true,false,fixture-0186,sim-reference-workflow,1.0.0,2,document_0186.vtt,2026-06-24_Acme-Labs_meeting-notes_REF-0186.vtt,2026-06-24_Acme-Labs_meeting-notes_REF-0186.vtt,1,1,3,592,0,Seeded modeled result; no desktop or web application executed.
true,false,fixture-0186,sim-reference-workflow,1.0.0,3,document_0186.vtt,2026-06-24_Acme-Labs_meeting-notes_REF-0186.vtt,2026-06-24_Acme-Labs_meeting-notes_REF-0186.vtt,1,1,3,404,0,Seeded modeled result; no desktop or web application executed.
true,false,fixture-0186,sim-cloud-baseline,1.0.0,1,document_0186.vtt,2026-06-24_Acme-Labs_meeting-notes_REF-0186.vtt,2026-06-24_Acme-Labs_meeting-notes_REF-0186.vtt,1,1,3,707,0,Seeded modeled result; no desktop or web application executed.
true,false,fixture-0186,sim-cloud-baseline,1.0.0,2,document_0186.vtt,2026-06-24_Acme-Labs_meeting-notes_REF-0186.vtt,2026-06-24_Acme-Labs_meeting-notes_REF-0186.vtt,1,1,3,652,0,Seeded modeled result; no desktop or web application executed.
true,false,fixture-0186,sim-cloud-baseline,1.0.0,3,document_0186.vtt,2026-06-24_Acme-Labs_meeting-notes_REF-0186.vtt,2026-06-24_Acme-Labs_meeting-notes_REF-0186.vtt,1,1,3,646,0,Seeded modeled result; no desktop or web application executed.
true,false,fixture-0186,sim-local-baseline,1.0.0,1,document_0186.vtt,2026-06-24_Acme-Labs_meeting-notes_REF-0186.vtt,2026-06-24_Acme-Labs_meeting-notes_REF-0186.vtt,1,1,3,1166,0,Seeded modeled result; no desktop or web application executed.
true,false,fixture-0186,sim-local-baseline,1.0.0,2,document_0186.vtt,2026-06-24_Acme-Labs_meeting-notes_REF-0186.vtt,2026-06-24_Acme-Labs_meeting-notes_REF-0186.vtt,0,1,3,891,1,Seeded modeled result; no desktop or web application executed.
true,false,fixture-0186,sim-local-baseline,1.0.0,3,document_0186.vtt,2026-06-24_Acme-Labs_meeting-notes_REF-0186.vtt,2026-06-24_Acme-Labs_meeting-notes_REF-0186.vtt,1,1,3,1032,0,Seeded modeled result; no desktop or web application executed.
true,false,fixture-0186,sim-rule-baseline,1.0.0,1,document_0186.vtt,2026-06-24_Acme-Labs_meeting-notes_REF-0186.vtt,2026-06-24_meeting-notes_REF-0186.vtt,1,0,1,99,0,Seeded modeled result; no desktop or web application executed.
true,false,fixture-0186,sim-rule-baseline,1.0.0,2,document_0186.vtt,2026-06-24_Acme-Labs_meeting-notes_REF-0186.vtt,2026-06-24_meeting-notes_REF-0186.vtt,1,0,1,100,0,Seeded modeled result; no desktop or web application executed.
true,false,fixture-0186,sim-rule-baseline,1.0.0,3,document_0186.vtt,2026-06-24_Acme-Labs_meeting-notes_REF-0186.vtt,2026-06-24_Acme-Labs_meeting-notes_REF-0186.vtt,1,1,3,95,0,Seeded modeled result; no desktop or web application executed.
true,false,fixture-0187,sim-reference-workflow,1.0.0,1,document_0187.svg,2026-07-25_Riverstone-Co_invoice_REF-0187.svg,2026-07-25_Riverstone-Co_invoice_REF-0187.svg,1,1,3,394,0,Seeded modeled result; no desktop or web application executed.
true,false,fixture-0187,sim-reference-workflow,1.0.0,2,document_0187.svg,2026-07-25_Riverstone-Co_invoice_REF-0187.svg,2026-07-25_Riverstone-Co_invoice_REF-0187.svg,1,1,3,514,0,Seeded modeled result; no desktop or web application executed.
true,false,fixture-0187,sim-reference-workflow,1.0.0,3,document_0187.svg,2026-07-25_Riverstone-Co_invoice_REF-0187.svg,2026-07-25_invoice_REF-0187.svg,1,0,3,531,0,Seeded modeled result; no desktop or web application executed.
true,false,fixture-0187,sim-cloud-baseline,1.0.0,1,document_0187.svg,2026-07-25_Riverstone-Co_invoice_REF-0187.svg,2026-07-25_Riverstone-Co_invoice_REF-0187.svg,1,1,3,836,0,Seeded modeled result; no desktop or web application executed.
true,false,fixture-0187,sim-cloud-baseline,1.0.0,2,document_0187.svg,2026-07-25_Riverstone-Co_invoice_REF-0187.svg,2026-07-25_Riverstone-Co_invoice_REF-0187.svg,1,1,3,783,0,Seeded modeled result; no desktop or web application executed.
true,false,fixture-0187,sim-cloud-baseline,1.0.0,3,document_0187.svg,2026-07-25_Riverstone-Co_invoice_REF-0187.svg,2026-07-25_Riverstone-Co_invoice_REF-0187.svg,0,1,3,641,1,Seeded modeled result; no desktop or web application executed.
true,false,fixture-0187,sim-local-baseline,1.0.0,1,document_0187.svg,2026-07-25_Riverstone-Co_invoice_REF-0187.svg,2026-07-25_Riverstone-Co_invoice_REF-0187.svg,1,1,3,836,0,Seeded modeled result; no desktop or web application executed.
true,false,fixture-0187,sim-local-baseline,1.0.0,2,document_0187.svg,2026-07-25_Riverstone-Co_invoice_REF-0187.svg,2026-07-25_invoice_REF-0187.svg,1,0,3,1151,0,Seeded modeled result; no desktop or web application executed.
true,false,fixture-0187,sim-local-baseline,1.0.0,3,document_0187.svg,2026-07-25_Riverstone-Co_invoice_REF-0187.svg,2026-07-25_invoice_REF-0187.svg,1,0,3,785,0,Seeded modeled result; no desktop or web application executed.
true,false,fixture-0187,sim-rule-baseline,1.0.0,1,document_0187.svg,2026-07-25_Riverstone-Co_invoice_REF-0187.svg,2026-07-25_invoice_REF-0187.svg,1,0,1,76,0,Seeded modeled result; no desktop or web application executed.
true,false,fixture-0187,sim-rule-baseline,1.0.0,2,document_0187.svg,2026-07-25_Riverstone-Co_invoice_REF-0187.svg,2026-07-25_invoice_REF-0187.svg,1,0,0,71,0,Seeded modeled result; no desktop or web application executed.
true,false,fixture-0187,sim-rule-baseline,1.0.0,3,document_0187.svg,2026-07-25_Riverstone-Co_invoice_REF-0187.svg,2026-07-25_invoice_REF-0187.svg,1,0,0,105,0,Seeded modeled result; no desktop or web application executed.
true,false,fixture-0188,sim-reference-workflow,1.0.0,1,document_0188.txt,2026-08-26_Bluebird-Health_meeting-notes_REF-0188.txt,2026-08-26_Bluebird-Health_meeting-notes_REF-0188.txt,1,1,3,645,0,Seeded modeled result; no desktop or web application executed.
true,false,fixture-0188,sim-reference-workflow,1.0.0,2,document_0188.txt,2026-08-26_Bluebird-Health_meeting-notes_REF-0188.txt,2026-08-26_Bluebird-Health_meeting-notes_REF-0188.txt,1,1,3,534,0,Seeded modeled result; no desktop or web application executed.
true,false,fixture-0188,sim-reference-workflow,1.0.0,3,document_0188.txt,2026-08-26_Bluebird-Health_meeting-notes_REF-0188.txt,2026-08-26_meeting-notes_REF-0188.txt,1,0,2,481,0,Seeded modeled result; no desktop or web application executed.
true,false,fixture-0188,sim-cloud-baseline,1.0.0,1,document_0188.txt,2026-08-26_Bluebird-Health_meeting-notes_REF-0188.txt,2026-08-26_Bluebird-Health_meeting-notes_REF-0188.txt,1,1,3,825,0,Seeded modeled result; no desktop or web application executed.
true,false,fixture-0188,sim-cloud-baseline,1.0.0,2,document_0188.txt,2026-08-26_Bluebird-Health_meeting-notes_REF-0188.txt,2026-08-26_Bluebird-Health_meeting-notes_REF-0188.txt,1,1,3,633,0,Seeded modeled result; no desktop or web application executed.
true,false,fixture-0188,sim-cloud-baseline,1.0.0,3,document_0188.txt,2026-08-26_Bluebird-Health_meeting-notes_REF-0188.txt,2026-08-26_Bluebird-Health_meeting-notes_REF-0188.txt,1,1,3,900,0,Seeded modeled result; no desktop or web application executed.
true,false,fixture-0188,sim-local-baseline,1.0.0,1,document_0188.txt,2026-08-26_Bluebird-Health_meeting-notes_REF-0188.txt,2026-08-26_Bluebird-Health_meeting-notes_REF-0188.txt,1,1,3,1036,0,Seeded modeled result; no desktop or web application executed.
true,false,fixture-0188,sim-local-baseline,1.0.0,2,document_0188.txt,2026-08-26_Bluebird-Health_meeting-notes_REF-0188.txt,2026-08-26_meeting-notes_REF-0188.txt,1,0,1,782,0,Seeded modeled result; no desktop or web application executed.
true,false,fixture-0188,sim-local-baseline,1.0.0,3,document_0188.txt,2026-08-26_Bluebird-Health_meeting-notes_REF-0188.txt,2026-08-26_meeting-notes_REF-0188.txt,1,0,3,1011,0,Seeded modeled result; no desktop or web application executed.
true,false,fixture-0188,sim-rule-baseline,1.0.0,1,document_0188.txt,2026-08-26_Bluebird-Health_meeting-notes_REF-0188.txt,2026-08-26_Bluebird-Health_meeting-notes_REF-0188.txt,1,1,3,69,0,Seeded modeled result; no desktop or web application executed.
true,false,fixture-0188,sim-rule-baseline,1.0.0,2,document_0188.txt,2026-08-26_Bluebird-Health_meeting-notes_REF-0188.txt,2026-08-26_Bluebird-Health_meeting-notes_REF-0188.txt,1,1,3,80,0,Seeded modeled result; no desktop or web application executed.
true,false,fixture-0188,sim-rule-baseline,1.0.0,3,document_0188.txt,2026-08-26_Bluebird-Health_meeting-notes_REF-0188.txt,2026-08-26_Bluebird-Health_meeting-notes_REF-0188.txt,1,1,3,84,0,Seeded modeled result; no desktop or web application executed.
true,false,fixture-0189,sim-reference-workflow,1.0.0,1,document_0189.md,2026-09-27_Northstar-Studio_invoice_REF-0189.md,2026-09-27_invoice_REF-0189.md,1,0,1,503,0,Seeded modeled result; no desktop or web application executed.
true,false,fixture-0189,sim-reference-workflow,1.0.0,2,document_0189.md,2026-09-27_Northstar-Studio_invoice_REF-0189.md,2026-09-27_Northstar-Studio_invoice_REF-0189.md,1,1,3,435,0,Seeded modeled result; no desktop or web application executed.
true,false,fixture-0189,sim-reference-workflow,1.0.0,3,document_0189.md,2026-09-27_Northstar-Studio_invoice_REF-0189.md,2026-09-27_invoice_REF-0189.md,1,0,3,567,0,Seeded modeled result; no desktop or web application executed.
true,false,fixture-0189,sim-cloud-baseline,1.0.0,1,document_0189.md,2026-09-27_Northstar-Studio_invoice_REF-0189.md,2026-09-27_Northstar-Studio_invoice_REF-0189.md,1,1,3,860,0,Seeded modeled result; no desktop or web application executed.
true,false,fixture-0189,sim-cloud-baseline,1.0.0,2,document_0189.md,2026-09-27_Northstar-Studio_invoice_REF-0189.md,2026-09-27_invoice_REF-0189.md,1,0,0,579,0,Seeded modeled result; no desktop or web application executed.
true,false,fixture-0189,sim-cloud-baseline,1.0.0,3,document_0189.md,2026-09-27_Northstar-Studio_invoice_REF-0189.md,2026-09-27_invoice_REF-0189.md,1,0,3,794,0,Seeded modeled result; no desktop or web application executed.
true,false,fixture-0189,sim-local-baseline,1.0.0,1,document_0189.md,2026-09-27_Northstar-Studio_invoice_REF-0189.md,2026-09-27_Northstar-Studio_invoice_REF-0189.md,1,1,3,933,0,Seeded modeled result; no desktop or web application executed.
true,false,fixture-0189,sim-local-baseline,1.0.0,2,document_0189.md,2026-09-27_Northstar-Studio_invoice_REF-0189.md,2026-09-27_invoice_REF-0189.md,1,0,2,866,0,Seeded modeled result; no desktop or web application executed.
true,false,fixture-0189,sim-local-baseline,1.0.0,3,document_0189.md,2026-09-27_Northstar-Studio_invoice_REF-0189.md,2026-09-27_Northstar-Studio_invoice_REF-0189.md,1,1,3,875,0,Seeded modeled result; no desktop or web application executed.
true,false,fixture-0189,sim-rule-baseline,1.0.0,1,document_0189.md,2026-09-27_Northstar-Studio_invoice_REF-0189.md,2026-09-27_invoice_REF-0189.md,1,0,1,90,0,Seeded modeled result; no desktop or web application executed.
true,false,fixture-0189,sim-rule-baseline,1.0.0,2,document_0189.md,2026-09-27_Northstar-Studio_invoice_REF-0189.md,2026-09-27_invoice_REF-0189.md,1,0,2,96,0,Seeded modeled result; no desktop or web application executed.
true,false,fixture-0189,sim-rule-baseline,1.0.0,3,document_0189.md,2026-09-27_Northstar-Studio_invoice_REF-0189.md,2026-09-27_invoice_REF-0189.md,1,0,1,103,0,Seeded modeled result; no desktop or web application executed.
true,false,fixture-0190,sim-reference-workflow,1.0.0,1,document_0190.csv,2026-10-01_Pinecone-Works_meeting-notes_REF-0190.csv,2026-10-01_Pinecone-Works_meeting-notes_REF-0190.csv,1,1,3,527,0,Seeded modeled result; no desktop or web application executed.
true,false,fixture-0190,sim-reference-workflow,1.0.0,2,document_0190.csv,2026-10-01_Pinecone-Works_meeting-notes_REF-0190.csv,2026-10-01_Pinecone-Works_meeting-notes_REF-0190.csv,1,1,3,544,0,Seeded modeled result; no desktop or web application executed.
true,false,fixture-0190,sim-reference-workflow,1.0.0,3,document_0190.csv,2026-10-01_Pinecone-Works_meeting-notes_REF-0190.csv,2026-10-01_Pinecone-Works_meeting-notes_REF-0190.csv,1,1,3,534,0,Seeded modeled result; no desktop or web application executed.
true,false,fixture-0190,sim-cloud-baseline,1.0.0,1,document_0190.csv,2026-10-01_Pinecone-Works_meeting-notes_REF-0190.csv,2026-10-01_Pinecone-Works_meeting-notes_REF-0190.csv,1,1,3,668,0,Seeded modeled result; no desktop or web application executed.
true,false,fixture-0190,sim-cloud-baseline,1.0.0,2,document_0190.csv,2026-10-01_Pinecone-Works_meeting-notes_REF-0190.csv,2026-10-01_Pinecone-Works_meeting-notes_REF-0190.csv,1,1,3,858,0,Seeded modeled result; no desktop or web application executed.
true,false,fixture-0190,sim-cloud-baseline,1.0.0,3,document_0190.csv,2026-10-01_Pinecone-Works_meeting-notes_REF-0190.csv,2026-10-01_Pinecone-Works_meeting-notes_REF-0190.csv,1,1,3,783,0,Seeded modeled result; no desktop or web application executed.
true,false,fixture-0190,sim-local-baseline,1.0.0,1,document_0190.csv,2026-10-01_Pinecone-Works_meeting-notes_REF-0190.csv,2026-10-01_meeting-notes_REF-0190.csv,1,0,3,985,0,Seeded modeled result; no desktop or web application executed.
true,false,fixture-0190,sim-local-baseline,1.0.0,2,document_0190.csv,2026-10-01_Pinecone-Works_meeting-notes_REF-0190.csv,2026-10-01_meeting-notes_REF-0190.csv,1,0,3,896,0,Seeded modeled result; no desktop or web application executed.
true,false,fixture-0190,sim-local-baseline,1.0.0,3,document_0190.csv,2026-10-01_Pinecone-Works_meeting-notes_REF-0190.csv,2026-10-01_meeting-notes_REF-0190.csv,1,0,2,825,0,Seeded modeled result; no desktop or web application executed.
true,false,fixture-0190,sim-rule-baseline,1.0.0,1,document_0190.csv,2026-10-01_Pinecone-Works_meeting-notes_REF-0190.csv,2026-10-01_meeting-notes_REF-0190.csv,1,0,2,104,0,Seeded modeled result; no desktop or web application executed.
true,false,fixture-0190,sim-rule-baseline,1.0.0,2,document_0190.csv,2026-10-01_Pinecone-Works_meeting-notes_REF-0190.csv,2026-10-01_meeting-notes_REF-0190.csv,1,0,1,97,0,Seeded modeled result; no desktop or web application executed.
true,false,fixture-0190,sim-rule-baseline,1.0.0,3,document_0190.csv,2026-10-01_Pinecone-Works_meeting-notes_REF-0190.csv,2026-10-01_meeting-notes_REF-0190.csv,1,0,1,83,0,Seeded modeled result; no desktop or web application executed.
true,false,fixture-0191,sim-reference-workflow,1.0.0,1,document_0191.json,2026-11-02_Acme-Labs_invoice_REF-0191.json,2026-11-02_Acme-Labs_invoice_REF-0191.json,1,1,3,543,0,Seeded modeled result; no desktop or web application executed.
true,false,fixture-0191,sim-reference-workflow,1.0.0,2,document_0191.json,2026-11-02_Acme-Labs_invoice_REF-0191.json,2026-11-02_Acme-Labs_invoice_REF-0191.json,1,1,3,516,0,Seeded modeled result; no desktop or web application executed.
true,false,fixture-0191,sim-reference-workflow,1.0.0,3,document_0191.json,2026-11-02_Acme-Labs_invoice_REF-0191.json,2026-11-02_Acme-Labs_invoice_REF-0191.json,1,1,3,441,0,Seeded modeled result; no desktop or web application executed.
true,false,fixture-0191,sim-cloud-baseline,1.0.0,1,document_0191.json,2026-11-02_Acme-Labs_invoice_REF-0191.json,2026-11-02_Acme-Labs_invoice_REF-0191.json,1,1,3,577,0,Seeded modeled result; no desktop or web application executed.
true,false,fixture-0191,sim-cloud-baseline,1.0.0,2,document_0191.json,2026-11-02_Acme-Labs_invoice_REF-0191.json,2026-11-02_Acme-Labs_invoice_REF-0191.json,1,1,3,714,0,Seeded modeled result; no desktop or web application executed.
true,false,fixture-0191,sim-cloud-baseline,1.0.0,3,document_0191.json,2026-11-02_Acme-Labs_invoice_REF-0191.json,2026-11-02_Acme-Labs_invoice_REF-0191.json,1,1,3,732,0,Seeded modeled result; no desktop or web application executed.
true,false,fixture-0191,sim-local-baseline,1.0.0,1,document_0191.json,2026-11-02_Acme-Labs_invoice_REF-0191.json,2026-11-02_invoice_REF-0191.json,1,0,3,1027,0,Seeded modeled result; no desktop or web application executed.
true,false,fixture-0191,sim-local-baseline,1.0.0,2,document_0191.json,2026-11-02_Acme-Labs_invoice_REF-0191.json,2026-11-02_Acme-Labs_invoice_REF-0191.json,1,1,3,1056,0,Seeded modeled result; no desktop or web application executed.
true,false,fixture-0191,sim-local-baseline,1.0.0,3,document_0191.json,2026-11-02_Acme-Labs_invoice_REF-0191.json,2026-11-02_invoice_REF-0191.json,1,0,2,1054,0,Seeded modeled result; no desktop or web application executed.
true,false,fixture-0191,sim-rule-baseline,1.0.0,1,document_0191.json,2026-11-02_Acme-Labs_invoice_REF-0191.json,2026-11-02_invoice_REF-0191.json,1,0,2,105,0,Seeded modeled result; no desktop or web application executed.
true,false,fixture-0191,sim-rule-baseline,1.0.0,2,document_0191.json,2026-11-02_Acme-Labs_invoice_REF-0191.json,2026-11-02_invoice_REF-0191.json,1,0,0,98,0,Seeded modeled result; no desktop or web application executed.
true,false,fixture-0191,sim-rule-baseline,1.0.0,3,document_0191.json,2026-11-02_Acme-Labs_invoice_REF-0191.json,2026-11-02_invoice_REF-0191.json,1,0,1,76,0,Seeded modeled result; no desktop or web application executed.
true,false,fixture-0192,sim-reference-workflow,1.0.0,1,document_0192.xml,2026-12-03_Riverstone-Co_meeting-notes_REF-0192.xml,2026-12-03_Riverstone-Co_meeting-notes_REF-0192.xml,1,1,3,576,0,Seeded modeled result; no desktop or web application executed.
true,false,fixture-0192,sim-reference-workflow,1.0.0,2,document_0192.xml,2026-12-03_Riverstone-Co_meeting-notes_REF-0192.xml,2026-12-03_Riverstone-Co_meeting-notes_REF-0192.xml,1,1,3,409,0,Seeded modeled result; no desktop or web application executed.
true,false,fixture-0192,sim-reference-workflow,1.0.0,3,document_0192.xml,2026-12-03_Riverstone-Co_meeting-notes_REF-0192.xml,2026-12-03_Riverstone-Co_meeting-notes_REF-0192.xml,1,1,3,543,0,Seeded modeled result; no desktop or web application executed.
true,false,fixture-0192,sim-cloud-baseline,1.0.0,1,document_0192.xml,2026-12-03_Riverstone-Co_meeting-notes_REF-0192.xml,2026-12-03_meeting-notes_REF-0192.xml,1,0,3,582,0,Seeded modeled result; no desktop or web application executed.
true,false,fixture-0192,sim-cloud-baseline,1.0.0,2,document_0192.xml,2026-12-03_Riverstone-Co_meeting-notes_REF-0192.xml,2026-12-03_Riverstone-Co_meeting-notes_REF-0192.xml,1,1,3,748,0,Seeded modeled result; no desktop or web application executed.
true,false,fixture-0192,sim-cloud-baseline,1.0.0,3,document_0192.xml,2026-12-03_Riverstone-Co_meeting-notes_REF-0192.xml,2026-12-03_Riverstone-Co_meeting-notes_REF-0192.xml,1,1,3,752,0,Seeded modeled result; no desktop or web application executed.
true,false,fixture-0192,sim-local-baseline,1.0.0,1,document_0192.xml,2026-12-03_Riverstone-Co_meeting-notes_REF-0192.xml,2026-12-03_Riverstone-Co_meeting-notes_REF-0192.xml,1,1,3,794,0,Seeded modeled result; no desktop or web application executed.
true,false,fixture-0192,sim-local-baseline,1.0.0,2,document_0192.xml,2026-12-03_Riverstone-Co_meeting-notes_REF-0192.xml,2026-12-03_Riverstone-Co_meeting-notes_REF-0192.xml,1,1,3,1225,0,Seeded modeled result; no desktop or web application executed.
true,false,fixture-0192,sim-local-baseline,1.0.0,3,document_0192.xml,2026-12-03_Riverstone-Co_meeting-notes_REF-0192.xml,2026-12-03_Riverstone-Co_meeting-notes_REF-0192.xml,1,1,3,932,0,Seeded modeled result; no desktop or web application executed.
true,false,fixture-0192,sim-rule-baseline,1.0.0,1,document_0192.xml,2026-12-03_Riverstone-Co_meeting-notes_REF-0192.xml,2026-12-03_Riverstone-Co_meeting-notes_REF-0192.xml,1,1,3,78,0,Seeded modeled result; no desktop or web application executed.
true,false,fixture-0192,sim-rule-baseline,1.0.0,2,document_0192.xml,2026-12-03_Riverstone-Co_meeting-notes_REF-0192.xml,2026-12-03_meeting-notes_REF-0192.xml,1,0,1,81,0,Seeded modeled result; no desktop or web application executed.
true,false,fixture-0192,sim-rule-baseline,1.0.0,3,document_0192.xml,2026-12-03_Riverstone-Co_meeting-notes_REF-0192.xml,2026-12-03_meeting-notes_REF-0192.xml,1,0,1,94,0,Seeded modeled result; no desktop or web application executed.
true,false,fixture-0193,sim-reference-workflow,1.0.0,1,document_0193.yaml,2026-01-04_Bluebird-Health_invoice_REF-0193.yaml,2026-01-04_Bluebird-Health_invoice_REF-0193.yaml,1,1,3,558,0,Seeded modeled result; no desktop or web application executed.
true,false,fixture-0193,sim-reference-workflow,1.0.0,2,document_0193.yaml,2026-01-04_Bluebird-Health_invoice_REF-0193.yaml,2026-01-04_Bluebird-Health_invoice_REF-0193.yaml,1,1,3,574,0,Seeded modeled result; no desktop or web application executed.
true,false,fixture-0193,sim-reference-workflow,1.0.0,3,document_0193.yaml,2026-01-04_Bluebird-Health_invoice_REF-0193.yaml,2026-01-04_Bluebird-Health_invoice_REF-0193.yaml,1,1,3,404,0,Seeded modeled result; no desktop or web application executed.
true,false,fixture-0193,sim-cloud-baseline,1.0.0,1,document_0193.yaml,2026-01-04_Bluebird-Health_invoice_REF-0193.yaml,2026-01-04_Bluebird-Health_invoice_REF-0193.yaml,1,1,3,815,0,Seeded modeled result; no desktop or web application executed.
true,false,fixture-0193,sim-cloud-baseline,1.0.0,2,document_0193.yaml,2026-01-04_Bluebird-Health_invoice_REF-0193.yaml,2026-01-04_Bluebird-Health_invoice_REF-0193.yaml,1,1,3,742,0,Seeded modeled result; no desktop or web application executed.
true,false,fixture-0193,sim-cloud-baseline,1.0.0,3,document_0193.yaml,2026-01-04_Bluebird-Health_invoice_REF-0193.yaml,2026-01-04_Bluebird-Health_invoice_REF-0193.yaml,1,1,3,907,0,Seeded modeled result; no desktop or web application executed.
true,false,fixture-0193,sim-local-baseline,1.0.0,1,document_0193.yaml,2026-01-04_Bluebird-Health_invoice_REF-0193.yaml,2026-01-04_Bluebird-Health_invoice_REF-0193.yaml,1,1,3,771,0,Seeded modeled result; no desktop or web application executed.
true,false,fixture-0193,sim-local-baseline,1.0.0,2,document_0193.yaml,2026-01-04_Bluebird-Health_invoice_REF-0193.yaml,2026-01-04_Bluebird-Health_invoice_REF-0193.yaml,1,1,3,986,0,Seeded modeled result; no desktop or web application executed.
true,false,fixture-0193,sim-local-baseline,1.0.0,3,document_0193.yaml,2026-01-04_Bluebird-Health_invoice_REF-0193.yaml,2026-01-04_invoice_REF-0193.yaml,1,0,3,811,0,Seeded modeled result; no desktop or web application executed.
true,false,fixture-0193,sim-rule-baseline,1.0.0,1,document_0193.yaml,2026-01-04_Bluebird-Health_invoice_REF-0193.yaml,2026-01-04_Bluebird-Health_invoice_REF-0193.yaml,1,1,3,94,0,Seeded modeled result; no desktop or web application executed.
true,false,fixture-0193,sim-rule-baseline,1.0.0,2,document_0193.yaml,2026-01-04_Bluebird-Health_invoice_REF-0193.yaml,2026-01-04_invoice_REF-0193.yaml,1,0,0,96,0,Seeded modeled result; no desktop or web application executed.
true,false,fixture-0193,sim-rule-baseline,1.0.0,3,document_0193.yaml,2026-01-04_Bluebird-Health_invoice_REF-0193.yaml,2026-01-04_invoice_REF-0193.yaml,1,0,2,79,0,Seeded modeled result; no desktop or web application executed.
true,false,fixture-0194,sim-reference-workflow,1.0.0,1,document_0194.html,2026-02-05_Northstar-Studio_meeting-notes_REF-0194.html,2026-02-05_Northstar-Studio_meeting-notes_REF-0194.html,1,1,3,562,0,Seeded modeled result; no desktop or web application executed.
true,false,fixture-0194,sim-reference-workflow,1.0.0,2,document_0194.html,2026-02-05_Northstar-Studio_meeting-notes_REF-0194.html,2026-02-05_meeting-notes_REF-0194.html,1,0,3,451,0,Seeded modeled result; no desktop or web application executed.
true,false,fixture-0194,sim-reference-workflow,1.0.0,3,document_0194.html,2026-02-05_Northstar-Studio_meeting-notes_REF-0194.html,2026-02-05_Northstar-Studio_meeting-notes_REF-0194.html,1,1,3,534,0,Seeded modeled result; no desktop or web application executed.
true,false,fixture-0194,sim-cloud-baseline,1.0.0,1,document_0194.html,2026-02-05_Northstar-Studio_meeting-notes_REF-0194.html,2026-02-05_meeting-notes_REF-0194.html,1,0,2,626,0,Seeded modeled result; no desktop or web application executed.
true,false,fixture-0194,sim-cloud-baseline,1.0.0,2,document_0194.html,2026-02-05_Northstar-Studio_meeting-notes_REF-0194.html,2026-02-05_meeting-notes_REF-0194.html,1,0,2,641,0,Seeded modeled result; no desktop or web application executed.
true,false,fixture-0194,sim-cloud-baseline,1.0.0,3,document_0194.html,2026-02-05_Northstar-Studio_meeting-notes_REF-0194.html,2026-02-05_Northstar-Studio_meeting-notes_REF-0194.html,1,1,3,681,0,Seeded modeled result; no desktop or web application executed.
true,false,fixture-0194,sim-local-baseline,1.0.0,1,document_0194.html,2026-02-05_Northstar-Studio_meeting-notes_REF-0194.html,2026-02-05_meeting-notes_REF-0194.html,1,0,3,965,0,Seeded modeled result; no desktop or web application executed.
true,false,fixture-0194,sim-local-baseline,1.0.0,2,document_0194.html,2026-02-05_Northstar-Studio_meeting-notes_REF-0194.html,2026-02-05_Northstar-Studio_meeting-notes_REF-0194.html,1,1,3,1149,0,Seeded modeled result; no desktop or web application executed.
true,false,fixture-0194,sim-local-baseline,1.0.0,3,document_0194.html,2026-02-05_Northstar-Studio_meeting-notes_REF-0194.html,2026-02-05_Northstar-Studio_meeting-notes_REF-0194.html,1,1,3,1218,0,Seeded modeled result; no desktop or web application executed.
true,false,fixture-0194,sim-rule-baseline,1.0.0,1,document_0194.html,2026-02-05_Northstar-Studio_meeting-notes_REF-0194.html,2026-02-05_meeting-notes_REF-0194.html,1,0,1,104,0,Seeded modeled result; no desktop or web application executed.
true,false,fixture-0194,sim-rule-baseline,1.0.0,2,document_0194.html,2026-02-05_Northstar-Studio_meeting-notes_REF-0194.html,2026-02-05_meeting-notes_REF-0194.html,1,0,0,77,0,Seeded modeled result; no desktop or web application executed.
true,false,fixture-0194,sim-rule-baseline,1.0.0,3,document_0194.html,2026-02-05_Northstar-Studio_meeting-notes_REF-0194.html,2026-02-05_meeting-notes_REF-0194.html,1,0,0,103,0,Seeded modeled result; no desktop or web application executed.
true,false,fixture-0195,sim-reference-workflow,1.0.0,1,document_0195.eml,2026-03-06_Pinecone-Works_invoice_REF-0195.eml,2026-03-06_Pinecone-Works_invoice_REF-0195.eml,1,1,3,562,0,Seeded modeled result; no desktop or web application executed.
true,false,fixture-0195,sim-reference-workflow,1.0.0,2,document_0195.eml,2026-03-06_Pinecone-Works_invoice_REF-0195.eml,2026-03-06_Pinecone-Works_invoice_REF-0195.eml,1,1,3,423,0,Seeded modeled result; no desktop or web application executed.
true,false,fixture-0195,sim-reference-workflow,1.0.0,3,document_0195.eml,2026-03-06_Pinecone-Works_invoice_REF-0195.eml,2026-03-06_Pinecone-Works_invoice_REF-0195.eml,1,1,3,550,0,Seeded modeled result; no desktop or web application executed.
true,false,fixture-0195,sim-cloud-baseline,1.0.0,1,document_0195.eml,2026-03-06_Pinecone-Works_invoice_REF-0195.eml,2026-03-06_Pinecone-Works_invoice_REF-0195.eml,1,1,3,925,0,Seeded modeled result; no desktop or web application executed.
true,false,fixture-0195,sim-cloud-baseline,1.0.0,2,document_0195.eml,2026-03-06_Pinecone-Works_invoice_REF-0195.eml,2026-03-06_Pinecone-Works_invoice_REF-0195.eml,1,1,3,567,0,Seeded modeled result; no desktop or web application executed.
true,false,fixture-0195,sim-cloud-baseline,1.0.0,3,document_0195.eml,2026-03-06_Pinecone-Works_invoice_REF-0195.eml,2026-03-06_Pinecone-Works_invoice_REF-0195.eml,1,1,3,847,0,Seeded modeled result; no desktop or web application executed.
true,false,fixture-0195,sim-local-baseline,1.0.0,1,document_0195.eml,2026-03-06_Pinecone-Works_invoice_REF-0195.eml,2026-03-06_invoice_REF-0195.eml,1,0,3,1048,0,Seeded modeled result; no desktop or web application executed.
true,false,fixture-0195,sim-local-baseline,1.0.0,2,document_0195.eml,2026-03-06_Pinecone-Works_invoice_REF-0195.eml,2026-03-06_Pinecone-Works_invoice_REF-0195.eml,1,1,3,1091,0,Seeded modeled result; no desktop or web application executed.
true,false,fixture-0195,sim-local-baseline,1.0.0,3,document_0195.eml,2026-03-06_Pinecone-Works_invoice_REF-0195.eml,2026-03-06_Pinecone-Works_invoice_REF-0195.eml,1,1,3,1224,0,Seeded modeled result; no desktop or web application executed.
true,false,fixture-0195,sim-rule-baseline,1.0.0,1,document_0195.eml,2026-03-06_Pinecone-Works_invoice_REF-0195.eml,2026-03-06_invoice_REF-0195.eml,1,0,2,108,0,Seeded modeled result; no desktop or web application executed.
true,false,fixture-0195,sim-rule-baseline,1.0.0,2,document_0195.eml,2026-03-06_Pinecone-Works_invoice_REF-0195.eml,2026-03-06_invoice_REF-0195.eml,1,0,1,93,0,Seeded modeled result; no desktop or web application executed.
true,false,fixture-0195,sim-rule-baseline,1.0.0,3,document_0195.eml,2026-03-06_Pinecone-Works_invoice_REF-0195.eml,2026-03-06_invoice_REF-0195.eml,1,0,2,80,0,Seeded modeled result; no desktop or web application executed.
true,false,fixture-0196,sim-reference-workflow,1.0.0,1,document_0196.srt,2026-04-07_Acme-Labs_meeting-notes_REF-0196.srt,2026-04-07_Acme-Labs_meeting-notes_REF-0196.srt,1,1,3,411,0,Seeded modeled result; no desktop or web application executed.
true,false,fixture-0196,sim-reference-workflow,1.0.0,2,document_0196.srt,2026-04-07_Acme-Labs_meeting-notes_REF-0196.srt,2026-04-07_Acme-Labs_meeting-notes_REF-0196.srt,1,1,3,573,0,Seeded modeled result; no desktop or web application executed.
true,false,fixture-0196,sim-reference-workflow,1.0.0,3,document_0196.srt,2026-04-07_Acme-Labs_meeting-notes_REF-0196.srt,2026-04-07_Acme-Labs_meeting-notes_REF-0196.srt,1,1,3,452,0,Seeded modeled result; no desktop or web application executed.
true,false,fixture-0196,sim-cloud-baseline,1.0.0,1,document_0196.srt,2026-04-07_Acme-Labs_meeting-notes_REF-0196.srt,2026-04-07_Acme-Labs_meeting-notes_REF-0196.srt,1,1,3,873,0,Seeded modeled result; no desktop or web application executed.
true,false,fixture-0196,sim-cloud-baseline,1.0.0,2,document_0196.srt,2026-04-07_Acme-Labs_meeting-notes_REF-0196.srt,2026-04-07_Acme-Labs_meeting-notes_REF-0196.srt,1,1,3,605,0,Seeded modeled result; no desktop or web application executed.
true,false,fixture-0196,sim-cloud-baseline,1.0.0,3,document_0196.srt,2026-04-07_Acme-Labs_meeting-notes_REF-0196.srt,2026-04-07_Acme-Labs_meeting-notes_REF-0196.srt,1,1,3,703,0,Seeded modeled result; no desktop or web application executed.
true,false,fixture-0196,sim-local-baseline,1.0.0,1,document_0196.srt,2026-04-07_Acme-Labs_meeting-notes_REF-0196.srt,2026-04-07_meeting-notes_REF-0196.srt,1,0,3,1012,0,Seeded modeled result; no desktop or web application executed.
true,false,fixture-0196,sim-local-baseline,1.0.0,2,document_0196.srt,2026-04-07_Acme-Labs_meeting-notes_REF-0196.srt,2026-04-07_Acme-Labs_meeting-notes_REF-0196.srt,1,1,3,771,0,Seeded modeled result; no desktop or web application executed.
true,false,fixture-0196,sim-local-baseline,1.0.0,3,document_0196.srt,2026-04-07_Acme-Labs_meeting-notes_REF-0196.srt,2026-04-07_Acme-Labs_meeting-notes_REF-0196.srt,1,1,3,829,0,Seeded modeled result; no desktop or web application executed.
true,false,fixture-0196,sim-rule-baseline,1.0.0,1,document_0196.srt,2026-04-07_Acme-Labs_meeting-notes_REF-0196.srt,2026-04-07_meeting-notes_REF-0196.srt,1,0,2,94,0,Seeded modeled result; no desktop or web application executed.
true,false,fixture-0196,sim-rule-baseline,1.0.0,2,document_0196.srt,2026-04-07_Acme-Labs_meeting-notes_REF-0196.srt,2026-04-07_Acme-Labs_meeting-notes_REF-0196.srt,1,1,3,83,0,Seeded modeled result; no desktop or web application executed.
true,false,fixture-0196,sim-rule-baseline,1.0.0,3,document_0196.srt,2026-04-07_Acme-Labs_meeting-notes_REF-0196.srt,2026-04-07_meeting-notes_REF-0196.srt,1,0,2,85,0,Seeded modeled result; no desktop or web application executed.
true,false,fixture-0197,sim-reference-workflow,1.0.0,1,document_0197.vtt,2026-05-08_Riverstone-Co_invoice_REF-0197.vtt,2026-05-08_Riverstone-Co_invoice_REF-0197.vtt,1,1,3,481,0,Seeded modeled result; no desktop or web application executed.
true,false,fixture-0197,sim-reference-workflow,1.0.0,2,document_0197.vtt,2026-05-08_Riverstone-Co_invoice_REF-0197.vtt,2026-05-08_Riverstone-Co_invoice_REF-0197.vtt,1,1,3,485,0,Seeded modeled result; no desktop or web application executed.
true,false,fixture-0197,sim-reference-workflow,1.0.0,3,document_0197.vtt,2026-05-08_Riverstone-Co_invoice_REF-0197.vtt,2026-05-08_Riverstone-Co_invoice_REF-0197.vtt,1,1,3,649,0,Seeded modeled result; no desktop or web application executed.
true,false,fixture-0197,sim-cloud-baseline,1.0.0,1,document_0197.vtt,2026-05-08_Riverstone-Co_invoice_REF-0197.vtt,2026-05-08_Riverstone-Co_invoice_REF-0197.vtt,1,1,3,698,0,Seeded modeled result; no desktop or web application executed.
true,false,fixture-0197,sim-cloud-baseline,1.0.0,2,document_0197.vtt,2026-05-08_Riverstone-Co_invoice_REF-0197.vtt,2026-05-08_invoice_REF-0197.vtt,1,0,3,777,0,Seeded modeled result; no desktop or web application executed.
true,false,fixture-0197,sim-cloud-baseline,1.0.0,3,document_0197.vtt,2026-05-08_Riverstone-Co_invoice_REF-0197.vtt,2026-05-08_Riverstone-Co_invoice_REF-0197.vtt,1,1,3,887,0,Seeded modeled result; no desktop or web application executed.
true,false,fixture-0197,sim-local-baseline,1.0.0,1,document_0197.vtt,2026-05-08_Riverstone-Co_invoice_REF-0197.vtt,2026-05-08_Riverstone-Co_invoice_REF-0197.vtt,1,1,3,953,0,Seeded modeled result; no desktop or web application executed.
true,false,fixture-0197,sim-local-baseline,1.0.0,2,document_0197.vtt,2026-05-08_Riverstone-Co_invoice_REF-0197.vtt,2026-05-08_invoice_REF-0197.vtt,1,0,0,1056,0,Seeded modeled result; no desktop or web application executed.
true,false,fixture-0197,sim-local-baseline,1.0.0,3,document_0197.vtt,2026-05-08_Riverstone-Co_invoice_REF-0197.vtt,2026-05-08_Riverstone-Co_invoice_REF-0197.vtt,1,1,3,890,0,Seeded modeled result; no desktop or web application executed.
true,false,fixture-0197,sim-rule-baseline,1.0.0,1,document_0197.vtt,2026-05-08_Riverstone-Co_invoice_REF-0197.vtt,2026-05-08_invoice_REF-0197.vtt,1,0,1,102,0,Seeded modeled result; no desktop or web application executed.
true,false,fixture-0197,sim-rule-baseline,1.0.0,2,document_0197.vtt,2026-05-08_Riverstone-Co_invoice_REF-0197.vtt,2026-05-08_invoice_REF-0197.vtt,1,0,2,106,0,Seeded modeled result; no desktop or web application executed.
true,false,fixture-0197,sim-rule-baseline,1.0.0,3,document_0197.vtt,2026-05-08_Riverstone-Co_invoice_REF-0197.vtt,2026-05-08_invoice_REF-0197.vtt,1,0,1,98,0,Seeded modeled result; no desktop or web application executed.
true,false,fixture-0198,sim-reference-workflow,1.0.0,1,document_0198.svg,2026-06-09_Bluebird-Health_meeting-notes_REF-0198.svg,2026-06-09_Bluebird-Health_meeting-notes_REF-0198.svg,1,1,3,453,0,Seeded modeled result; no desktop or web application executed.
true,false,fixture-0198,sim-reference-workflow,1.0.0,2,document_0198.svg,2026-06-09_Bluebird-Health_meeting-notes_REF-0198.svg,2026-06-09_Bluebird-Health_meeting-notes_REF-0198.svg,1,1,3,535,0,Seeded modeled result; no desktop or web application executed.
true,false,fixture-0198,sim-reference-workflow,1.0.0,3,document_0198.svg,2026-06-09_Bluebird-Health_meeting-notes_REF-0198.svg,2026-06-09_Bluebird-Health_meeting-notes_REF-0198.svg,1,1,3,619,0,Seeded modeled result; no desktop or web application executed.
true,false,fixture-0198,sim-cloud-baseline,1.0.0,1,document_0198.svg,2026-06-09_Bluebird-Health_meeting-notes_REF-0198.svg,2026-06-09_Bluebird-Health_meeting-notes_REF-0198.svg,1,1,3,814,0,Seeded modeled result; no desktop or web application executed.
true,false,fixture-0198,sim-cloud-baseline,1.0.0,2,document_0198.svg,2026-06-09_Bluebird-Health_meeting-notes_REF-0198.svg,2026-06-09_Bluebird-Health_meeting-notes_REF-0198.svg,1,1,3,760,0,Seeded modeled result; no desktop or web application executed.
true,false,fixture-0198,sim-cloud-baseline,1.0.0,3,document_0198.svg,2026-06-09_Bluebird-Health_meeting-notes_REF-0198.svg,2026-06-09_meeting-notes_REF-0198.svg,1,0,3,762,0,Seeded modeled result; no desktop or web application executed.
true,false,fixture-0198,sim-local-baseline,1.0.0,1,document_0198.svg,2026-06-09_Bluebird-Health_meeting-notes_REF-0198.svg,2026-06-09_meeting-notes_REF-0198.svg,1,0,2,918,0,Seeded modeled result; no desktop or web application executed.
true,false,fixture-0198,sim-local-baseline,1.0.0,2,document_0198.svg,2026-06-09_Bluebird-Health_meeting-notes_REF-0198.svg,2026-06-09_Bluebird-Health_meeting-notes_REF-0198.svg,1,1,3,1100,0,Seeded modeled result; no desktop or web application executed.
true,false,fixture-0198,sim-local-baseline,1.0.0,3,document_0198.svg,2026-06-09_Bluebird-Health_meeting-notes_REF-0198.svg,2026-06-09_Bluebird-Health_meeting-notes_REF-0198.svg,0,1,3,1071,1,Seeded modeled result; no desktop or web application executed.
true,false,fixture-0198,sim-rule-baseline,1.0.0,1,document_0198.svg,2026-06-09_Bluebird-Health_meeting-notes_REF-0198.svg,2026-06-09_meeting-notes_REF-0198.svg,1,0,0,80,0,Seeded modeled result; no desktop or web application executed.
true,false,fixture-0198,sim-rule-baseline,1.0.0,2,document_0198.svg,2026-06-09_Bluebird-Health_meeting-notes_REF-0198.svg,2026-06-09_Bluebird-Health_meeting-notes_REF-0198.svg,1,1,3,93,0,Seeded modeled result; no desktop or web application executed.
true,false,fixture-0198,sim-rule-baseline,1.0.0,3,document_0198.svg,2026-06-09_Bluebird-Health_meeting-notes_REF-0198.svg,2026-06-09_Bluebird-Health_meeting-notes_REF-0198.svg,1,1,3,102,0,Seeded modeled result; no desktop or web application executed.
true,false,fixture-0199,sim-reference-workflow,1.0.0,1,document_0199.txt,2026-07-10_Northstar-Studio_invoice_REF-0199.txt,2026-07-10_invoice_REF-0199.txt,1,0,3,485,0,Seeded modeled result; no desktop or web application executed.
true,false,fixture-0199,sim-reference-workflow,1.0.0,2,document_0199.txt,2026-07-10_Northstar-Studio_invoice_REF-0199.txt,2026-07-10_Northstar-Studio_invoice_REF-0199.txt,1,1,3,411,0,Seeded modeled result; no desktop or web application executed.
true,false,fixture-0199,sim-reference-workflow,1.0.0,3,document_0199.txt,2026-07-10_Northstar-Studio_invoice_REF-0199.txt,2026-07-10_Northstar-Studio_invoice_REF-0199.txt,1,1,3,485,0,Seeded modeled result; no desktop or web application executed.
true,false,fixture-0199,sim-cloud-baseline,1.0.0,1,document_0199.txt,2026-07-10_Northstar-Studio_invoice_REF-0199.txt,2026-07-10_Northstar-Studio_invoice_REF-0199.txt,1,1,3,584,0,Seeded modeled result; no desktop or web application executed.
true,false,fixture-0199,sim-cloud-baseline,1.0.0,2,document_0199.txt,2026-07-10_Northstar-Studio_invoice_REF-0199.txt,2026-07-10_Northstar-Studio_invoice_REF-0199.txt,1,1,3,844,0,Seeded modeled result; no desktop or web application executed.
true,false,fixture-0199,sim-cloud-baseline,1.0.0,3,document_0199.txt,2026-07-10_Northstar-Studio_invoice_REF-0199.txt,2026-07-10_Northstar-Studio_invoice_REF-0199.txt,1,1,3,752,0,Seeded modeled result; no desktop or web application executed.
true,false,fixture-0199,sim-local-baseline,1.0.0,1,document_0199.txt,2026-07-10_Northstar-Studio_invoice_REF-0199.txt,2026-07-10_Northstar-Studio_invoice_REF-0199.txt,1,1,3,761,0,Seeded modeled result; no desktop or web application executed.
true,false,fixture-0199,sim-local-baseline,1.0.0,2,document_0199.txt,2026-07-10_Northstar-Studio_invoice_REF-0199.txt,2026-07-10_Northstar-Studio_invoice_REF-0199.txt,1,1,3,1157,0,Seeded modeled result; no desktop or web application executed.
true,false,fixture-0199,sim-local-baseline,1.0.0,3,document_0199.txt,2026-07-10_Northstar-Studio_invoice_REF-0199.txt,2026-07-10_Northstar-Studio_invoice_REF-0199.txt,1,1,3,1024,0,Seeded modeled result; no desktop or web application executed.
true,false,fixture-0199,sim-rule-baseline,1.0.0,1,document_0199.txt,2026-07-10_Northstar-Studio_invoice_REF-0199.txt,2026-07-10_invoice_REF-0199.txt,1,0,1,69,0,Seeded modeled result; no desktop or web application executed.
true,false,fixture-0199,sim-rule-baseline,1.0.0,2,document_0199.txt,2026-07-10_Northstar-Studio_invoice_REF-0199.txt,2026-07-10_invoice_REF-0199.txt,1,0,3,103,0,Seeded modeled result; no desktop or web application executed.
true,false,fixture-0199,sim-rule-baseline,1.0.0,3,document_0199.txt,2026-07-10_Northstar-Studio_invoice_REF-0199.txt,2026-07-10_invoice_REF-0199.txt,1,0,1,83,0,Seeded modeled result; no desktop or web application executed.
true,false,fixture-0200,sim-reference-workflow,1.0.0,1,document_0200.md,2026-08-11_Pinecone-Works_meeting-notes_REF-0200.md,2026-08-11_Pinecone-Works_meeting-notes_REF-0200.md,1,1,3,471,0,Seeded modeled result; no desktop or web application executed.
true,false,fixture-0200,sim-reference-workflow,1.0.0,2,document_0200.md,2026-08-11_Pinecone-Works_meeting-notes_REF-0200.md,2026-08-11_Pinecone-Works_meeting-notes_REF-0200.md,1,1,3,550,0,Seeded modeled result; no desktop or web application executed.
true,false,fixture-0200,sim-reference-workflow,1.0.0,3,document_0200.md,2026-08-11_Pinecone-Works_meeting-notes_REF-0200.md,2026-08-11_Pinecone-Works_meeting-notes_REF-0200.md,1,1,3,521,0,Seeded modeled result; no desktop or web application executed.
true,false,fixture-0200,sim-cloud-baseline,1.0.0,1,document_0200.md,2026-08-11_Pinecone-Works_meeting-notes_REF-0200.md,2026-08-11_meeting-notes_REF-0200.md,1,0,3,770,0,Seeded modeled result; no desktop or web application executed.
true,false,fixture-0200,sim-cloud-baseline,1.0.0,2,document_0200.md,2026-08-11_Pinecone-Works_meeting-notes_REF-0200.md,2026-08-11_Pinecone-Works_meeting-notes_REF-0200.md,1,1,3,893,0,Seeded modeled result; no desktop or web application executed.
true,false,fixture-0200,sim-cloud-baseline,1.0.0,3,document_0200.md,2026-08-11_Pinecone-Works_meeting-notes_REF-0200.md,2026-08-11_Pinecone-Works_meeting-notes_REF-0200.md,1,1,3,567,0,Seeded modeled result; no desktop or web application executed.
true,false,fixture-0200,sim-local-baseline,1.0.0,1,document_0200.md,2026-08-11_Pinecone-Works_meeting-notes_REF-0200.md,2026-08-11_Pinecone-Works_meeting-notes_REF-0200.md,1,1,3,981,0,Seeded modeled result; no desktop or web application executed.
true,false,fixture-0200,sim-local-baseline,1.0.0,2,document_0200.md,2026-08-11_Pinecone-Works_meeting-notes_REF-0200.md,2026-08-11_meeting-notes_REF-0200.md,1,0,2,797,0,Seeded modeled result; no desktop or web application executed.
true,false,fixture-0200,sim-local-baseline,1.0.0,3,document_0200.md,2026-08-11_Pinecone-Works_meeting-notes_REF-0200.md,2026-08-11_Pinecone-Works_meeting-notes_REF-0200.md,1,1,3,1206,0,Seeded modeled result; no desktop or web application executed.
true,false,fixture-0200,sim-rule-baseline,1.0.0,1,document_0200.md,2026-08-11_Pinecone-Works_meeting-notes_REF-0200.md,2026-08-11_meeting-notes_REF-0200.md,1,0,1,104,0,Seeded modeled result; no desktop or web application executed.
true,false,fixture-0200,sim-rule-baseline,1.0.0,2,document_0200.md,2026-08-11_Pinecone-Works_meeting-notes_REF-0200.md,2026-08-11_Pinecone-Works_meeting-notes_REF-0200.md,1,1,3,102,0,Seeded modeled result; no desktop or web application executed.
true,false,fixture-0200,sim-rule-baseline,1.0.0,3,document_0200.md,2026-08-11_Pinecone-Works_meeting-notes_REF-0200.md,2026-08-11_meeting-notes_REF-0200.md,1,0,2,108,0,Seeded modeled result; no desktop or web application executed.
true,false,fixture-0201,sim-reference-workflow,1.0.0,1,document_0201.csv,2026-09-12_Acme-Labs_invoice_REF-0201.csv,2026-09-12_Acme-Labs_invoice_REF-0201.csv,1,1,3,481,0,Seeded modeled result; no desktop or web application executed.
true,false,fixture-0201,sim-reference-workflow,1.0.0,2,document_0201.csv,2026-09-12_Acme-Labs_invoice_REF-0201.csv,2026-09-12_Acme-Labs_invoice_REF-0201.csv,1,1,3,535,0,Seeded modeled result; no desktop or web application executed.
true,false,fixture-0201,sim-reference-workflow,1.0.0,3,document_0201.csv,2026-09-12_Acme-Labs_invoice_REF-0201.csv,2026-09-12_Acme-Labs_invoice_REF-0201.csv,1,1,3,621,0,Seeded modeled result; no desktop or web application executed.
true,false,fixture-0201,sim-cloud-baseline,1.0.0,1,document_0201.csv,2026-09-12_Acme-Labs_invoice_REF-0201.csv,2026-09-12_invoice_REF-0201.csv,1,0,2,774,0,Seeded modeled result; no desktop or web application executed.
true,false,fixture-0201,sim-cloud-baseline,1.0.0,2,document_0201.csv,2026-09-12_Acme-Labs_invoice_REF-0201.csv,2026-09-12_Acme-Labs_invoice_REF-0201.csv,1,1,3,611,0,Seeded modeled result; no desktop or web application executed.
true,false,fixture-0201,sim-cloud-baseline,1.0.0,3,document_0201.csv,2026-09-12_Acme-Labs_invoice_REF-0201.csv,2026-09-12_Acme-Labs_invoice_REF-0201.csv,1,1,3,599,0,Seeded modeled result; no desktop or web application executed.
true,false,fixture-0201,sim-local-baseline,1.0.0,1,document_0201.csv,2026-09-12_Acme-Labs_invoice_REF-0201.csv,2026-09-12_invoice_REF-0201.csv,1,0,2,1076,0,Seeded modeled result; no desktop or web application executed.
true,false,fixture-0201,sim-local-baseline,1.0.0,2,document_0201.csv,2026-09-12_Acme-Labs_invoice_REF-0201.csv,2026-09-12_invoice_REF-0201.csv,1,0,3,1224,0,Seeded modeled result; no desktop or web application executed.
true,false,fixture-0201,sim-local-baseline,1.0.0,3,document_0201.csv,2026-09-12_Acme-Labs_invoice_REF-0201.csv,2026-09-12_invoice_REF-0201.csv,1,0,2,1148,0,Seeded modeled result; no desktop or web application executed.
true,false,fixture-0201,sim-rule-baseline,1.0.0,1,document_0201.csv,2026-09-12_Acme-Labs_invoice_REF-0201.csv,2026-09-12_invoice_REF-0201.csv,1,0,0,102,0,Seeded modeled result; no desktop or web application executed.
true,false,fixture-0201,sim-rule-baseline,1.0.0,2,document_0201.csv,2026-09-12_Acme-Labs_invoice_REF-0201.csv,2026-09-12_Acme-Labs_invoice_REF-0201.csv,1,1,3,89,0,Seeded modeled result; no desktop or web application executed.
true,false,fixture-0201,sim-rule-baseline,1.0.0,3,document_0201.csv,2026-09-12_Acme-Labs_invoice_REF-0201.csv,2026-09-12_invoice_REF-0201.csv,1,0,0,105,0,Seeded modeled result; no desktop or web application executed.
true,false,fixture-0202,sim-reference-workflow,1.0.0,1,document_0202.json,2026-10-13_Riverstone-Co_meeting-notes_REF-0202.json,2026-10-13_Riverstone-Co_meeting-notes_REF-0202.json,1,1,3,630,0,Seeded modeled result; no desktop or web application executed.
true,false,fixture-0202,sim-reference-workflow,1.0.0,2,document_0202.json,2026-10-13_Riverstone-Co_meeting-notes_REF-0202.json,2026-10-13_Riverstone-Co_meeting-notes_REF-0202.json,1,1,3,560,0,Seeded modeled result; no desktop or web application executed.
true,false,fixture-0202,sim-reference-workflow,1.0.0,3,document_0202.json,2026-10-13_Riverstone-Co_meeting-notes_REF-0202.json,2026-10-13_meeting-notes_REF-0202.json,1,0,2,546,0,Seeded modeled result; no desktop or web application executed.
true,false,fixture-0202,sim-cloud-baseline,1.0.0,1,document_0202.json,2026-10-13_Riverstone-Co_meeting-notes_REF-0202.json,2026-10-13_meeting-notes_REF-0202.json,1,0,2,789,0,Seeded modeled result; no desktop or web application executed.
true,false,fixture-0202,sim-cloud-baseline,1.0.0,2,document_0202.json,2026-10-13_Riverstone-Co_meeting-notes_REF-0202.json,2026-10-13_Riverstone-Co_meeting-notes_REF-0202.json,1,1,3,775,0,Seeded modeled result; no desktop or web application executed.
true,false,fixture-0202,sim-cloud-baseline,1.0.0,3,document_0202.json,2026-10-13_Riverstone-Co_meeting-notes_REF-0202.json,2026-10-13_Riverstone-Co_meeting-notes_REF-0202.json,1,1,3,830,0,Seeded modeled result; no desktop or web application executed.
true,false,fixture-0202,sim-local-baseline,1.0.0,1,document_0202.json,2026-10-13_Riverstone-Co_meeting-notes_REF-0202.json,2026-10-13_Riverstone-Co_meeting-notes_REF-0202.json,1,1,3,896,0,Seeded modeled result; no desktop or web application executed.
true,false,fixture-0202,sim-local-baseline,1.0.0,2,document_0202.json,2026-10-13_Riverstone-Co_meeting-notes_REF-0202.json,2026-10-13_Riverstone-Co_meeting-notes_REF-0202.json,1,1,3,940,0,Seeded modeled result; no desktop or web application executed.
true,false,fixture-0202,sim-local-baseline,1.0.0,3,document_0202.json,2026-10-13_Riverstone-Co_meeting-notes_REF-0202.json,2026-10-13_Riverstone-Co_meeting-notes_REF-0202.json,1,1,3,966,0,Seeded modeled result; no desktop or web application executed.
true,false,fixture-0202,sim-rule-baseline,1.0.0,1,document_0202.json,2026-10-13_Riverstone-Co_meeting-notes_REF-0202.json,2026-10-13_meeting-notes_REF-0202.json,1,0,0,99,0,Seeded modeled result; no desktop or web application executed.
true,false,fixture-0202,sim-rule-baseline,1.0.0,2,document_0202.json,2026-10-13_Riverstone-Co_meeting-notes_REF-0202.json,2026-10-13_meeting-notes_REF-0202.json,1,0,2,106,0,Seeded modeled result; no desktop or web application executed.
true,false,fixture-0202,sim-rule-baseline,1.0.0,3,document_0202.json,2026-10-13_Riverstone-Co_meeting-notes_REF-0202.json,2026-10-13_meeting-notes_REF-0202.json,1,0,2,102,0,Seeded modeled result; no desktop or web application executed.
true,false,fixture-0203,sim-reference-workflow,1.0.0,1,document_0203.xml,2026-11-14_Bluebird-Health_invoice_REF-0203.xml,2026-11-14_Bluebird-Health_invoice_REF-0203.xml,1,1,3,629,0,Seeded modeled result; no desktop or web application executed.
true,false,fixture-0203,sim-reference-workflow,1.0.0,2,document_0203.xml,2026-11-14_Bluebird-Health_invoice_REF-0203.xml,2026-11-14_Bluebird-Health_invoice_REF-0203.xml,1,1,3,399,0,Seeded modeled result; no desktop or web application executed.
true,false,fixture-0203,sim-reference-workflow,1.0.0,3,document_0203.xml,2026-11-14_Bluebird-Health_invoice_REF-0203.xml,2026-11-14_Bluebird-Health_invoice_REF-0203.xml,1,1,3,436,0,Seeded modeled result; no desktop or web application executed.
true,false,fixture-0203,sim-cloud-baseline,1.0.0,1,document_0203.xml,2026-11-14_Bluebird-Health_invoice_REF-0203.xml,2026-11-14_Bluebird-Health_invoice_REF-0203.xml,1,1,3,786,0,Seeded modeled result; no desktop or web application executed.
true,false,fixture-0203,sim-cloud-baseline,1.0.0,2,document_0203.xml,2026-11-14_Bluebird-Health_invoice_REF-0203.xml,2026-11-14_invoice_REF-0203.xml,1,0,3,686,0,Seeded modeled result; no desktop or web application executed.
true,false,fixture-0203,sim-cloud-baseline,1.0.0,3,document_0203.xml,2026-11-14_Bluebird-Health_invoice_REF-0203.xml,2026-11-14_invoice_REF-0203.xml,1,0,3,607,0,Seeded modeled result; no desktop or web application executed.
true,false,fixture-0203,sim-local-baseline,1.0.0,1,document_0203.xml,2026-11-14_Bluebird-Health_invoice_REF-0203.xml,2026-11-14_Bluebird-Health_invoice_REF-0203.xml,0,1,3,955,0,Seeded modeled result; no desktop or web application executed.
true,false,fixture-0203,sim-local-baseline,1.0.0,2,document_0203.xml,2026-11-14_Bluebird-Health_invoice_REF-0203.xml,2026-11-14_invoice_REF-0203.xml,1,0,2,788,0,Seeded modeled result; no desktop or web application executed.
true,false,fixture-0203,sim-local-baseline,1.0.0,3,document_0203.xml,2026-11-14_Bluebird-Health_invoice_REF-0203.xml,2026-11-14_Bluebird-Health_invoice_REF-0203.xml,1,1,3,849,0,Seeded modeled result; no desktop or web application executed.
true,false,fixture-0203,sim-rule-baseline,1.0.0,1,document_0203.xml,2026-11-14_Bluebird-Health_invoice_REF-0203.xml,2026-11-14_invoice_REF-0203.xml,1,0,3,96,0,Seeded modeled result; no desktop or web application executed.
true,false,fixture-0203,sim-rule-baseline,1.0.0,2,document_0203.xml,2026-11-14_Bluebird-Health_invoice_REF-0203.xml,2026-11-14_invoice_REF-0203.xml,1,0,3,87,0,Seeded modeled result; no desktop or web application executed.
true,false,fixture-0203,sim-rule-baseline,1.0.0,3,document_0203.xml,2026-11-14_Bluebird-Health_invoice_REF-0203.xml,2026-11-14_invoice_REF-0203.xml,1,0,0,82,0,Seeded modeled result; no desktop or web application executed.
true,false,fixture-0204,sim-reference-workflow,1.0.0,1,document_0204.yaml,2026-12-15_Northstar-Studio_meeting-notes_REF-0204.yaml,2026-12-15_Northstar-Studio_meeting-notes_REF-0204.yaml,1,1,3,405,0,Seeded modeled result; no desktop or web application executed.
true,false,fixture-0204,sim-reference-workflow,1.0.0,2,document_0204.yaml,2026-12-15_Northstar-Studio_meeting-notes_REF-0204.yaml,2026-12-15_Northstar-Studio_meeting-notes_REF-0204.yaml,1,1,3,461,0,Seeded modeled result; no desktop or web application executed.
true,false,fixture-0204,sim-reference-workflow,1.0.0,3,document_0204.yaml,2026-12-15_Northstar-Studio_meeting-notes_REF-0204.yaml,2026-12-15_Northstar-Studio_meeting-notes_REF-0204.yaml,1,1,3,558,0,Seeded modeled result; no desktop or web application executed.
true,false,fixture-0204,sim-cloud-baseline,1.0.0,1,document_0204.yaml,2026-12-15_Northstar-Studio_meeting-notes_REF-0204.yaml,2026-12-15_meeting-notes_REF-0204.yaml,1,0,3,827,0,Seeded modeled result; no desktop or web application executed.
true,false,fixture-0204,sim-cloud-baseline,1.0.0,2,document_0204.yaml,2026-12-15_Northstar-Studio_meeting-notes_REF-0204.yaml,2026-12-15_meeting-notes_REF-0204.yaml,1,0,2,712,0,Seeded modeled result; no desktop or web application executed.
true,false,fixture-0204,sim-cloud-baseline,1.0.0,3,document_0204.yaml,2026-12-15_Northstar-Studio_meeting-notes_REF-0204.yaml,2026-12-15_Northstar-Studio_meeting-notes_REF-0204.yaml,1,1,3,702,0,Seeded modeled result; no desktop or web application executed.
true,false,fixture-0204,sim-local-baseline,1.0.0,1,document_0204.yaml,2026-12-15_Northstar-Studio_meeting-notes_REF-0204.yaml,2026-12-15_meeting-notes_REF-0204.yaml,1,0,2,899,0,Seeded modeled result; no desktop or web application executed.
true,false,fixture-0204,sim-local-baseline,1.0.0,2,document_0204.yaml,2026-12-15_Northstar-Studio_meeting-notes_REF-0204.yaml,2026-12-15_meeting-notes_REF-0204.yaml,1,0,3,888,0,Seeded modeled result; no desktop or web application executed.
true,false,fixture-0204,sim-local-baseline,1.0.0,3,document_0204.yaml,2026-12-15_Northstar-Studio_meeting-notes_REF-0204.yaml,2026-12-15_Northstar-Studio_meeting-notes_REF-0204.yaml,1,1,3,759,0,Seeded modeled result; no desktop or web application executed.
true,false,fixture-0204,sim-rule-baseline,1.0.0,1,document_0204.yaml,2026-12-15_Northstar-Studio_meeting-notes_REF-0204.yaml,2026-12-15_meeting-notes_REF-0204.yaml,1,0,0,91,0,Seeded modeled result; no desktop or web application executed.
true,false,fixture-0204,sim-rule-baseline,1.0.0,2,document_0204.yaml,2026-12-15_Northstar-Studio_meeting-notes_REF-0204.yaml,2026-12-15_Northstar-Studio_meeting-notes_REF-0204.yaml,1,1,3,84,0,Seeded modeled result; no desktop or web application executed.
true,false,fixture-0204,sim-rule-baseline,1.0.0,3,document_0204.yaml,2026-12-15_Northstar-Studio_meeting-notes_REF-0204.yaml,2026-12-15_meeting-notes_REF-0204.yaml,1,0,0,80,0,Seeded modeled result; no desktop or web application executed.
true,false,fixture-0205,sim-reference-workflow,1.0.0,1,document_0205.html,2026-01-16_Pinecone-Works_invoice_REF-0205.html,2026-01-16_Pinecone-Works_invoice_REF-0205.html,1,1,3,400,0,Seeded modeled result; no desktop or web application executed.
true,false,fixture-0205,sim-reference-workflow,1.0.0,2,document_0205.html,2026-01-16_Pinecone-Works_invoice_REF-0205.html,2026-01-16_Pinecone-Works_invoice_REF-0205.html,1,1,3,623,0,Seeded modeled result; no desktop or web application executed.
true,false,fixture-0205,sim-reference-workflow,1.0.0,3,document_0205.html,2026-01-16_Pinecone-Works_invoice_REF-0205.html,2026-01-16_Pinecone-Works_invoice_REF-0205.html,1,1,3,560,0,Seeded modeled result; no desktop or web application executed.
true,false,fixture-0205,sim-cloud-baseline,1.0.0,1,document_0205.html,2026-01-16_Pinecone-Works_invoice_REF-0205.html,2026-01-16_Pinecone-Works_invoice_REF-0205.html,1,1,3,768,0,Seeded modeled result; no desktop or web application executed.
true,false,fixture-0205,sim-cloud-baseline,1.0.0,2,document_0205.html,2026-01-16_Pinecone-Works_invoice_REF-0205.html,2026-01-16_Pinecone-Works_invoice_REF-0205.html,1,1,3,826,0,Seeded modeled result; no desktop or web application executed.
true,false,fixture-0205,sim-cloud-baseline,1.0.0,3,document_0205.html,2026-01-16_Pinecone-Works_invoice_REF-0205.html,2026-01-16_Pinecone-Works_invoice_REF-0205.html,1,1,3,738,0,Seeded modeled result; no desktop or web application executed.
true,false,fixture-0205,sim-local-baseline,1.0.0,1,document_0205.html,2026-01-16_Pinecone-Works_invoice_REF-0205.html,2026-01-16_Pinecone-Works_invoice_REF-0205.html,1,1,3,844,0,Seeded modeled result; no desktop or web application executed.
true,false,fixture-0205,sim-local-baseline,1.0.0,2,document_0205.html,2026-01-16_Pinecone-Works_invoice_REF-0205.html,2026-01-16_Pinecone-Works_invoice_REF-0205.html,1,1,3,757,0,Seeded modeled result; no desktop or web application executed.
true,false,fixture-0205,sim-local-baseline,1.0.0,3,document_0205.html,2026-01-16_Pinecone-Works_invoice_REF-0205.html,2026-01-16_Pinecone-Works_invoice_REF-0205.html,1,1,3,983,0,Seeded modeled result; no desktop or web application executed.
true,false,fixture-0205,sim-rule-baseline,1.0.0,1,document_0205.html,2026-01-16_Pinecone-Works_invoice_REF-0205.html,2026-01-16_invoice_REF-0205.html,1,0,2,72,0,Seeded modeled result; no desktop or web application executed.
true,false,fixture-0205,sim-rule-baseline,1.0.0,2,document_0205.html,2026-01-16_Pinecone-Works_invoice_REF-0205.html,2026-01-16_invoice_REF-0205.html,1,0,3,109,0,Seeded modeled result; no desktop or web application executed.
true,false,fixture-0205,sim-rule-baseline,1.0.0,3,document_0205.html,2026-01-16_Pinecone-Works_invoice_REF-0205.html,2026-01-16_Pinecone-Works_invoice_REF-0205.html,1,1,3,100,0,Seeded modeled result; no desktop or web application executed.
true,false,fixture-0206,sim-reference-workflow,1.0.0,1,document_0206.eml,2026-02-17_Acme-Labs_meeting-notes_REF-0206.eml,2026-02-17_meeting-notes_REF-0206.eml,1,0,3,582,0,Seeded modeled result; no desktop or web application executed.
true,false,fixture-0206,sim-reference-workflow,1.0.0,2,document_0206.eml,2026-02-17_Acme-Labs_meeting-notes_REF-0206.eml,2026-02-17_meeting-notes_REF-0206.eml,1,0,2,539,0,Seeded modeled result; no desktop or web application executed.
true,false,fixture-0206,sim-reference-workflow,1.0.0,3,document_0206.eml,2026-02-17_Acme-Labs_meeting-notes_REF-0206.eml,2026-02-17_Acme-Labs_meeting-notes_REF-0206.eml,1,1,3,417,0,Seeded modeled result; no desktop or web application executed.
true,false,fixture-0206,sim-cloud-baseline,1.0.0,1,document_0206.eml,2026-02-17_Acme-Labs_meeting-notes_REF-0206.eml,2026-02-17_Acme-Labs_meeting-notes_REF-0206.eml,1,1,3,638,0,Seeded modeled result; no desktop or web application executed.
true,false,fixture-0206,sim-cloud-baseline,1.0.0,2,document_0206.eml,2026-02-17_Acme-Labs_meeting-notes_REF-0206.eml,2026-02-17_Acme-Labs_meeting-notes_REF-0206.eml,1,1,3,785,0,Seeded modeled result; no desktop or web application executed.
true,false,fixture-0206,sim-cloud-baseline,1.0.0,3,document_0206.eml,2026-02-17_Acme-Labs_meeting-notes_REF-0206.eml,2026-02-17_Acme-Labs_meeting-notes_REF-0206.eml,1,1,3,585,0,Seeded modeled result; no desktop or web application executed.
true,false,fixture-0206,sim-local-baseline,1.0.0,1,document_0206.eml,2026-02-17_Acme-Labs_meeting-notes_REF-0206.eml,2026-02-17_meeting-notes_REF-0206.eml,1,0,1,1068,0,Seeded modeled result; no desktop or web application executed.
true,false,fixture-0206,sim-local-baseline,1.0.0,2,document_0206.eml,2026-02-17_Acme-Labs_meeting-notes_REF-0206.eml,2026-02-17_Acme-Labs_meeting-notes_REF-0206.eml,1,1,3,946,0,Seeded modeled result; no desktop or web application executed.
true,false,fixture-0206,sim-local-baseline,1.0.0,3,document_0206.eml,2026-02-17_Acme-Labs_meeting-notes_REF-0206.eml,2026-02-17_meeting-notes_REF-0206.eml,1,0,0,743,0,Seeded modeled result; no desktop or web application executed.
true,false,fixture-0206,sim-rule-baseline,1.0.0,1,document_0206.eml,2026-02-17_Acme-Labs_meeting-notes_REF-0206.eml,2026-02-17_meeting-notes_REF-0206.eml,1,0,2,89,0,Seeded modeled result; no desktop or web application executed.
true,false,fixture-0206,sim-rule-baseline,1.0.0,2,document_0206.eml,2026-02-17_Acme-Labs_meeting-notes_REF-0206.eml,2026-02-17_meeting-notes_REF-0206.eml,1,0,3,70,0,Seeded modeled result; no desktop or web application executed.
true,false,fixture-0206,sim-rule-baseline,1.0.0,3,document_0206.eml,2026-02-17_Acme-Labs_meeting-notes_REF-0206.eml,2026-02-17_meeting-notes_REF-0206.eml,1,0,1,72,0,Seeded modeled result; no desktop or web application executed.
true,false,fixture-0207,sim-reference-workflow,1.0.0,1,document_0207.srt,2026-03-18_Riverstone-Co_invoice_REF-0207.srt,2026-03-18_Riverstone-Co_invoice_REF-0207.srt,1,1,3,570,0,Seeded modeled result; no desktop or web application executed.
true,false,fixture-0207,sim-reference-workflow,1.0.0,2,document_0207.srt,2026-03-18_Riverstone-Co_invoice_REF-0207.srt,2026-03-18_Riverstone-Co_invoice_REF-0207.srt,1,1,3,569,0,Seeded modeled result; no desktop or web application executed.
true,false,fixture-0207,sim-reference-workflow,1.0.0,3,document_0207.srt,2026-03-18_Riverstone-Co_invoice_REF-0207.srt,2026-03-18_Riverstone-Co_invoice_REF-0207.srt,1,1,3,568,0,Seeded modeled result; no desktop or web application executed.
true,false,fixture-0207,sim-cloud-baseline,1.0.0,1,document_0207.srt,2026-03-18_Riverstone-Co_invoice_REF-0207.srt,2026-03-18_Riverstone-Co_invoice_REF-0207.srt,1,1,3,656,0,Seeded modeled result; no desktop or web application executed.
true,false,fixture-0207,sim-cloud-baseline,1.0.0,2,document_0207.srt,2026-03-18_Riverstone-Co_invoice_REF-0207.srt,2026-03-18_Riverstone-Co_invoice_REF-0207.srt,1,1,3,588,0,Seeded modeled result; no desktop or web application executed.
true,false,fixture-0207,sim-cloud-baseline,1.0.0,3,document_0207.srt,2026-03-18_Riverstone-Co_invoice_REF-0207.srt,2026-03-18_Riverstone-Co_invoice_REF-0207.srt,1,1,3,842,0,Seeded modeled result; no desktop or web application executed.
true,false,fixture-0207,sim-local-baseline,1.0.0,1,document_0207.srt,2026-03-18_Riverstone-Co_invoice_REF-0207.srt,2026-03-18_Riverstone-Co_invoice_REF-0207.srt,1,1,3,1097,0,Seeded modeled result; no desktop or web application executed.
true,false,fixture-0207,sim-local-baseline,1.0.0,2,document_0207.srt,2026-03-18_Riverstone-Co_invoice_REF-0207.srt,2026-03-18_invoice_REF-0207.srt,1,0,2,1056,0,Seeded modeled result; no desktop or web application executed.
true,false,fixture-0207,sim-local-baseline,1.0.0,3,document_0207.srt,2026-03-18_Riverstone-Co_invoice_REF-0207.srt,2026-03-18_Riverstone-Co_invoice_REF-0207.srt,1,1,3,922,0,Seeded modeled result; no desktop or web application executed.
true,false,fixture-0207,sim-rule-baseline,1.0.0,1,document_0207.srt,2026-03-18_Riverstone-Co_invoice_REF-0207.srt,2026-03-18_Riverstone-Co_invoice_REF-0207.srt,1,1,3,94,0,Seeded modeled result; no desktop or web application executed.
true,false,fixture-0207,sim-rule-baseline,1.0.0,2,document_0207.srt,2026-03-18_Riverstone-Co_invoice_REF-0207.srt,2026-03-18_Riverstone-Co_invoice_REF-0207.srt,1,1,3,109,0,Seeded modeled result; no desktop or web application executed.
true,false,fixture-0207,sim-rule-baseline,1.0.0,3,document_0207.srt,2026-03-18_Riverstone-Co_invoice_REF-0207.srt,2026-03-18_invoice_REF-0207.srt,1,0,2,99,0,Seeded modeled result; no desktop or web application executed.
true,false,fixture-0208,sim-reference-workflow,1.0.0,1,document_0208.vtt,2026-04-19_Bluebird-Health_meeting-notes_REF-0208.vtt,2026-04-19_Bluebird-Health_meeting-notes_REF-0208.vtt,1,1,3,565,0,Seeded modeled result; no desktop or web application executed.
true,false,fixture-0208,sim-reference-workflow,1.0.0,2,document_0208.vtt,2026-04-19_Bluebird-Health_meeting-notes_REF-0208.vtt,2026-04-19_Bluebird-Health_meeting-notes_REF-0208.vtt,1,1,3,567,0,Seeded modeled result; no desktop or web application executed.
true,false,fixture-0208,sim-reference-workflow,1.0.0,3,document_0208.vtt,2026-04-19_Bluebird-Health_meeting-notes_REF-0208.vtt,2026-04-19_Bluebird-Health_meeting-notes_REF-0208.vtt,1,1,3,565,0,Seeded modeled result; no desktop or web application executed.
true,false,fixture-0208,sim-cloud-baseline,1.0.0,1,document_0208.vtt,2026-04-19_Bluebird-Health_meeting-notes_REF-0208.vtt,2026-04-19_Bluebird-Health_meeting-notes_REF-0208.vtt,1,1,3,716,0,Seeded modeled result; no desktop or web application executed.
true,false,fixture-0208,sim-cloud-baseline,1.0.0,2,document_0208.vtt,2026-04-19_Bluebird-Health_meeting-notes_REF-0208.vtt,2026-04-19_meeting-notes_REF-0208.vtt,1,0,3,640,0,Seeded modeled result; no desktop or web application executed.
true,false,fixture-0208,sim-cloud-baseline,1.0.0,3,document_0208.vtt,2026-04-19_Bluebird-Health_meeting-notes_REF-0208.vtt,2026-04-19_Bluebird-Health_meeting-notes_REF-0208.vtt,1,1,3,725,0,Seeded modeled result; no desktop or web application executed.
true,false,fixture-0208,sim-local-baseline,1.0.0,1,document_0208.vtt,2026-04-19_Bluebird-Health_meeting-notes_REF-0208.vtt,2026-04-19_Bluebird-Health_meeting-notes_REF-0208.vtt,1,1,3,868,0,Seeded modeled result; no desktop or web application executed.
true,false,fixture-0208,sim-local-baseline,1.0.0,2,document_0208.vtt,2026-04-19_Bluebird-Health_meeting-notes_REF-0208.vtt,2026-04-19_meeting-notes_REF-0208.vtt,1,0,3,1193,0,Seeded modeled result; no desktop or web application executed.
true,false,fixture-0208,sim-local-baseline,1.0.0,3,document_0208.vtt,2026-04-19_Bluebird-Health_meeting-notes_REF-0208.vtt,2026-04-19_Bluebird-Health_meeting-notes_REF-0208.vtt,1,1,3,1174,0,Seeded modeled result; no desktop or web application executed.
true,false,fixture-0208,sim-rule-baseline,1.0.0,1,document_0208.vtt,2026-04-19_Bluebird-Health_meeting-notes_REF-0208.vtt,2026-04-19_meeting-notes_REF-0208.vtt,1,0,2,82,0,Seeded modeled result; no desktop or web application executed.
true,false,fixture-0208,sim-rule-baseline,1.0.0,2,document_0208.vtt,2026-04-19_Bluebird-Health_meeting-notes_REF-0208.vtt,2026-04-19_meeting-notes_REF-0208.vtt,1,0,3,91,0,Seeded modeled result; no desktop or web application executed.
true,false,fixture-0208,sim-rule-baseline,1.0.0,3,document_0208.vtt,2026-04-19_Bluebird-Health_meeting-notes_REF-0208.vtt,2026-04-19_Bluebird-Health_meeting-notes_REF-0208.vtt,1,1,3,103,0,Seeded modeled result; no desktop or web application executed.
true,false,fixture-0209,sim-reference-workflow,1.0.0,1,document_0209.svg,2026-05-20_Northstar-Studio_invoice_REF-0209.svg,2026-05-20_Northstar-Studio_invoice_REF-0209.svg,1,1,3,415,0,Seeded modeled result; no desktop or web application executed.
true,false,fixture-0209,sim-reference-workflow,1.0.0,2,document_0209.svg,2026-05-20_Northstar-Studio_invoice_REF-0209.svg,2026-05-20_Northstar-Studio_invoice_REF-0209.svg,1,1,3,643,0,Seeded modeled result; no desktop or web application executed.
true,false,fixture-0209,sim-reference-workflow,1.0.0,3,document_0209.svg,2026-05-20_Northstar-Studio_invoice_REF-0209.svg,2026-05-20_Northstar-Studio_invoice_REF-0209.svg,1,1,3,632,0,Seeded modeled result; no desktop or web application executed.
true,false,fixture-0209,sim-cloud-baseline,1.0.0,1,document_0209.svg,2026-05-20_Northstar-Studio_invoice_REF-0209.svg,2026-05-20_Northstar-Studio_invoice_REF-0209.svg,1,1,3,670,0,Seeded modeled result; no desktop or web application executed.
true,false,fixture-0209,sim-cloud-baseline,1.0.0,2,document_0209.svg,2026-05-20_Northstar-Studio_invoice_REF-0209.svg,2026-05-20_Northstar-Studio_invoice_REF-0209.svg,1,1,3,702,0,Seeded modeled result; no desktop or web application executed.
true,false,fixture-0209,sim-cloud-baseline,1.0.0,3,document_0209.svg,2026-05-20_Northstar-Studio_invoice_REF-0209.svg,2026-05-20_Northstar-Studio_invoice_REF-0209.svg,1,1,3,627,0,Seeded modeled result; no desktop or web application executed.
true,false,fixture-0209,sim-local-baseline,1.0.0,1,document_0209.svg,2026-05-20_Northstar-Studio_invoice_REF-0209.svg,2026-05-20_Northstar-Studio_invoice_REF-0209.svg,0,1,3,1223,0,Seeded modeled result; no desktop or web application executed.
true,false,fixture-0209,sim-local-baseline,1.0.0,2,document_0209.svg,2026-05-20_Northstar-Studio_invoice_REF-0209.svg,2026-05-20_invoice_REF-0209.svg,1,0,3,1176,0,Seeded modeled result; no desktop or web application executed.
true,false,fixture-0209,sim-local-baseline,1.0.0,3,document_0209.svg,2026-05-20_Northstar-Studio_invoice_REF-0209.svg,2026-05-20_Northstar-Studio_invoice_REF-0209.svg,1,1,3,1161,0,Seeded modeled result; no desktop or web application executed.
true,false,fixture-0209,sim-rule-baseline,1.0.0,1,document_0209.svg,2026-05-20_Northstar-Studio_invoice_REF-0209.svg,2026-05-20_invoice_REF-0209.svg,1,0,0,83,0,Seeded modeled result; no desktop or web application executed.
true,false,fixture-0209,sim-rule-baseline,1.0.0,2,document_0209.svg,2026-05-20_Northstar-Studio_invoice_REF-0209.svg,2026-05-20_invoice_REF-0209.svg,1,0,0,81,0,Seeded modeled result; no desktop or web application executed.
true,false,fixture-0209,sim-rule-baseline,1.0.0,3,document_0209.svg,2026-05-20_Northstar-Studio_invoice_REF-0209.svg,2026-05-20_invoice_REF-0209.svg,1,0,0,79,0,Seeded modeled result; no desktop or web application executed.
true,false,fixture-0210,sim-reference-workflow,1.0.0,1,document_0210.txt,2026-06-21_Pinecone-Works_meeting-notes_REF-0210.txt,2026-06-21_Pinecone-Works_meeting-notes_REF-0210.txt,1,1,3,407,0,Seeded modeled result; no desktop or web application executed.
true,false,fixture-0210,sim-reference-workflow,1.0.0,2,document_0210.txt,2026-06-21_Pinecone-Works_meeting-notes_REF-0210.txt,2026-06-21_Pinecone-Works_meeting-notes_REF-0210.txt,1,1,3,436,0,Seeded modeled result; no desktop or web application executed.
true,false,fixture-0210,sim-reference-workflow,1.0.0,3,document_0210.txt,2026-06-21_Pinecone-Works_meeting-notes_REF-0210.txt,2026-06-21_Pinecone-Works_meeting-notes_REF-0210.txt,1,1,3,561,0,Seeded modeled result; no desktop or web application executed.
true,false,fixture-0210,sim-cloud-baseline,1.0.0,1,document_0210.txt,2026-06-21_Pinecone-Works_meeting-notes_REF-0210.txt,2026-06-21_Pinecone-Works_meeting-notes_REF-0210.txt,1,1,3,870,0,Seeded modeled result; no desktop or web application executed.
true,false,fixture-0210,sim-cloud-baseline,1.0.0,2,document_0210.txt,2026-06-21_Pinecone-Works_meeting-notes_REF-0210.txt,2026-06-21_meeting-notes_REF-0210.txt,1,0,2,587,0,Seeded modeled result; no desktop or web application executed.
true,false,fixture-0210,sim-cloud-baseline,1.0.0,3,document_0210.txt,2026-06-21_Pinecone-Works_meeting-notes_REF-0210.txt,2026-06-21_Pinecone-Works_meeting-notes_REF-0210.txt,1,1,3,788,0,Seeded modeled result; no desktop or web application executed.
true,false,fixture-0210,sim-local-baseline,1.0.0,1,document_0210.txt,2026-06-21_Pinecone-Works_meeting-notes_REF-0210.txt,2026-06-21_Pinecone-Works_meeting-notes_REF-0210.txt,1,1,3,1007,0,Seeded modeled result; no desktop or web application executed.
true,false,fixture-0210,sim-local-baseline,1.0.0,2,document_0210.txt,2026-06-21_Pinecone-Works_meeting-notes_REF-0210.txt,2026-06-21_Pinecone-Works_meeting-notes_REF-0210.txt,1,1,3,752,0,Seeded modeled result; no desktop or web application executed.
true,false,fixture-0210,sim-local-baseline,1.0.0,3,document_0210.txt,2026-06-21_Pinecone-Works_meeting-notes_REF-0210.txt,2026-06-21_Pinecone-Works_meeting-notes_REF-0210.txt,1,1,3,961,0,Seeded modeled result; no desktop or web application executed.
true,false,fixture-0210,sim-rule-baseline,1.0.0,1,document_0210.txt,2026-06-21_Pinecone-Works_meeting-notes_REF-0210.txt,2026-06-21_Pinecone-Works_meeting-notes_REF-0210.txt,1,1,3,83,0,Seeded modeled result; no desktop or web application executed.
true,false,fixture-0210,sim-rule-baseline,1.0.0,2,document_0210.txt,2026-06-21_Pinecone-Works_meeting-notes_REF-0210.txt,2026-06-21_meeting-notes_REF-0210.txt,1,0,1,79,0,Seeded modeled result; no desktop or web application executed.
true,false,fixture-0210,sim-rule-baseline,1.0.0,3,document_0210.txt,2026-06-21_Pinecone-Works_meeting-notes_REF-0210.txt,2026-06-21_meeting-notes_REF-0210.txt,1,0,1,98,0,Seeded modeled result; no desktop or web application executed.
true,false,fixture-0211,sim-reference-workflow,1.0.0,1,document_0211.md,2026-07-22_Acme-Labs_invoice_REF-0211.md,2026-07-22_Acme-Labs_invoice_REF-0211.md,1,1,3,504,0,Seeded modeled result; no desktop or web application executed.
true,false,fixture-0211,sim-reference-workflow,1.0.0,2,document_0211.md,2026-07-22_Acme-Labs_invoice_REF-0211.md,2026-07-22_Acme-Labs_invoice_REF-0211.md,1,1,3,507,0,Seeded modeled result; no desktop or web application executed.
true,false,fixture-0211,sim-reference-workflow,1.0.0,3,document_0211.md,2026-07-22_Acme-Labs_invoice_REF-0211.md,2026-07-22_Acme-Labs_invoice_REF-0211.md,1,1,3,510,0,Seeded modeled result; no desktop or web application executed.
true,false,fixture-0211,sim-cloud-baseline,1.0.0,1,document_0211.md,2026-07-22_Acme-Labs_invoice_REF-0211.md,2026-07-22_Acme-Labs_invoice_REF-0211.md,1,1,3,823,0,Seeded modeled result; no desktop or web application executed.
true,false,fixture-0211,sim-cloud-baseline,1.0.0,2,document_0211.md,2026-07-22_Acme-Labs_invoice_REF-0211.md,2026-07-22_invoice_REF-0211.md,1,0,3,608,0,Seeded modeled result; no desktop or web application executed.
true,false,fixture-0211,sim-cloud-baseline,1.0.0,3,document_0211.md,2026-07-22_Acme-Labs_invoice_REF-0211.md,2026-07-22_Acme-Labs_invoice_REF-0211.md,1,1,3,785,0,Seeded modeled result; no desktop or web application executed.
true,false,fixture-0211,sim-local-baseline,1.0.0,1,document_0211.md,2026-07-22_Acme-Labs_invoice_REF-0211.md,2026-07-22_invoice_REF-0211.md,1,0,3,1182,0,Seeded modeled result; no desktop or web application executed.
true,false,fixture-0211,sim-local-baseline,1.0.0,2,document_0211.md,2026-07-22_Acme-Labs_invoice_REF-0211.md,2026-07-22_invoice_REF-0211.md,1,0,2,1175,0,Seeded modeled result; no desktop or web application executed.
true,false,fixture-0211,sim-local-baseline,1.0.0,3,document_0211.md,2026-07-22_Acme-Labs_invoice_REF-0211.md,2026-07-22_invoice_REF-0211.md,1,0,2,835,0,Seeded modeled result; no desktop or web application executed.
true,false,fixture-0211,sim-rule-baseline,1.0.0,1,document_0211.md,2026-07-22_Acme-Labs_invoice_REF-0211.md,2026-07-22_Acme-Labs_invoice_REF-0211.md,1,1,3,79,0,Seeded modeled result; no desktop or web application executed.
true,false,fixture-0211,sim-rule-baseline,1.0.0,2,document_0211.md,2026-07-22_Acme-Labs_invoice_REF-0211.md,2026-07-22_invoice_REF-0211.md,1,0,0,74,0,Seeded modeled result; no desktop or web application executed.
true,false,fixture-0211,sim-rule-baseline,1.0.0,3,document_0211.md,2026-07-22_Acme-Labs_invoice_REF-0211.md,2026-07-22_invoice_REF-0211.md,1,0,1,81,0,Seeded modeled result; no desktop or web application executed.
true,false,fixture-0212,sim-reference-workflow,1.0.0,1,document_0212.csv,2026-08-23_Riverstone-Co_meeting-notes_REF-0212.csv,2026-08-23_Riverstone-Co_meeting-notes_REF-0212.csv,1,1,3,477,0,Seeded modeled result; no desktop or web application executed.
true,false,fixture-0212,sim-reference-workflow,1.0.0,2,document_0212.csv,2026-08-23_Riverstone-Co_meeting-notes_REF-0212.csv,2026-08-23_Riverstone-Co_meeting-notes_REF-0212.csv,1,1,3,643,0,Seeded modeled result; no desktop or web application executed.
true,false,fixture-0212,sim-reference-workflow,1.0.0,3,document_0212.csv,2026-08-23_Riverstone-Co_meeting-notes_REF-0212.csv,2026-08-23_Riverstone-Co_meeting-notes_REF-0212.csv,1,1,3,605,0,Seeded modeled result; no desktop or web application executed.
true,false,fixture-0212,sim-cloud-baseline,1.0.0,1,document_0212.csv,2026-08-23_Riverstone-Co_meeting-notes_REF-0212.csv,2026-08-23_meeting-notes_REF-0212.csv,1,0,3,622,0,Seeded modeled result; no desktop or web application executed.
true,false,fixture-0212,sim-cloud-baseline,1.0.0,2,document_0212.csv,2026-08-23_Riverstone-Co_meeting-notes_REF-0212.csv,2026-08-23_meeting-notes_REF-0212.csv,1,0,3,846,0,Seeded modeled result; no desktop or web application executed.
true,false,fixture-0212,sim-cloud-baseline,1.0.0,3,document_0212.csv,2026-08-23_Riverstone-Co_meeting-notes_REF-0212.csv,2026-08-23_Riverstone-Co_meeting-notes_REF-0212.csv,1,1,3,652,0,Seeded modeled result; no desktop or web application executed.
true,false,fixture-0212,sim-local-baseline,1.0.0,1,document_0212.csv,2026-08-23_Riverstone-Co_meeting-notes_REF-0212.csv,2026-08-23_Riverstone-Co_meeting-notes_REF-0212.csv,1,1,3,814,0,Seeded modeled result; no desktop or web application executed.
true,false,fixture-0212,sim-local-baseline,1.0.0,2,document_0212.csv,2026-08-23_Riverstone-Co_meeting-notes_REF-0212.csv,2026-08-23_Riverstone-Co_meeting-notes_REF-0212.csv,1,1,3,866,0,Seeded modeled result; no desktop or web application executed.
true,false,fixture-0212,sim-local-baseline,1.0.0,3,document_0212.csv,2026-08-23_Riverstone-Co_meeting-notes_REF-0212.csv,2026-08-23_Riverstone-Co_meeting-notes_REF-0212.csv,1,1,3,763,0,Seeded modeled result; no desktop or web application executed.
true,false,fixture-0212,sim-rule-baseline,1.0.0,1,document_0212.csv,2026-08-23_Riverstone-Co_meeting-notes_REF-0212.csv,2026-08-23_meeting-notes_REF-0212.csv,1,0,1,110,0,Seeded modeled result; no desktop or web application executed.
true,false,fixture-0212,sim-rule-baseline,1.0.0,2,document_0212.csv,2026-08-23_Riverstone-Co_meeting-notes_REF-0212.csv,2026-08-23_meeting-notes_REF-0212.csv,1,0,0,83,0,Seeded modeled result; no desktop or web application executed.
true,false,fixture-0212,sim-rule-baseline,1.0.0,3,document_0212.csv,2026-08-23_Riverstone-Co_meeting-notes_REF-0212.csv,2026-08-23_meeting-notes_REF-0212.csv,1,0,0,89,0,Seeded modeled result; no desktop or web application executed.
true,false,fixture-0213,sim-reference-workflow,1.0.0,1,document_0213.json,2026-09-24_Bluebird-Health_invoice_REF-0213.json,2026-09-24_Bluebird-Health_invoice_REF-0213.json,1,1,3,517,0,Seeded modeled result; no desktop or web application executed.
true,false,fixture-0213,sim-reference-workflow,1.0.0,2,document_0213.json,2026-09-24_Bluebird-Health_invoice_REF-0213.json,2026-09-24_Bluebird-Health_invoice_REF-0213.json,1,1,3,419,0,Seeded modeled result; no desktop or web application executed.
true,false,fixture-0213,sim-reference-workflow,1.0.0,3,document_0213.json,2026-09-24_Bluebird-Health_invoice_REF-0213.json,2026-09-24_Bluebird-Health_invoice_REF-0213.json,1,1,3,547,0,Seeded modeled result; no desktop or web application executed.
true,false,fixture-0213,sim-cloud-baseline,1.0.0,1,document_0213.json,2026-09-24_Bluebird-Health_invoice_REF-0213.json,2026-09-24_Bluebird-Health_invoice_REF-0213.json,1,1,3,710,0,Seeded modeled result; no desktop or web application executed.
true,false,fixture-0213,sim-cloud-baseline,1.0.0,2,document_0213.json,2026-09-24_Bluebird-Health_invoice_REF-0213.json,2026-09-24_invoice_REF-0213.json,1,0,3,893,0,Seeded modeled result; no desktop or web application executed.
true,false,fixture-0213,sim-cloud-baseline,1.0.0,3,document_0213.json,2026-09-24_Bluebird-Health_invoice_REF-0213.json,2026-09-24_Bluebird-Health_invoice_REF-0213.json,1,1,3,803,0,Seeded modeled result; no desktop or web application executed.
true,false,fixture-0213,sim-local-baseline,1.0.0,1,document_0213.json,2026-09-24_Bluebird-Health_invoice_REF-0213.json,2026-09-24_Bluebird-Health_invoice_REF-0213.json,1,1,3,1000,0,Seeded modeled result; no desktop or web application executed.
true,false,fixture-0213,sim-local-baseline,1.0.0,2,document_0213.json,2026-09-24_Bluebird-Health_invoice_REF-0213.json,2026-09-24_Bluebird-Health_invoice_REF-0213.json,1,1,3,964,0,Seeded modeled result; no desktop or web application executed.
true,false,fixture-0213,sim-local-baseline,1.0.0,3,document_0213.json,2026-09-24_Bluebird-Health_invoice_REF-0213.json,2026-09-24_Bluebird-Health_invoice_REF-0213.json,1,1,3,816,0,Seeded modeled result; no desktop or web application executed.
true,false,fixture-0213,sim-rule-baseline,1.0.0,1,document_0213.json,2026-09-24_Bluebird-Health_invoice_REF-0213.json,2026-09-24_invoice_REF-0213.json,1,0,2,102,0,Seeded modeled result; no desktop or web application executed.
true,false,fixture-0213,sim-rule-baseline,1.0.0,2,document_0213.json,2026-09-24_Bluebird-Health_invoice_REF-0213.json,2026-09-24_invoice_REF-0213.json,1,0,1,112,0,Seeded modeled result; no desktop or web application executed.
true,false,fixture-0213,sim-rule-baseline,1.0.0,3,document_0213.json,2026-09-24_Bluebird-Health_invoice_REF-0213.json,2026-09-24_invoice_REF-0213.json,1,0,1,70,0,Seeded modeled result; no desktop or web application executed.
true,false,fixture-0214,sim-reference-workflow,1.0.0,1,document_0214.xml,2026-10-25_Northstar-Studio_meeting-notes_REF-0214.xml,2026-10-25_Northstar-Studio_meeting-notes_REF-0214.xml,1,1,3,402,0,Seeded modeled result; no desktop or web application executed.
true,false,fixture-0214,sim-reference-workflow,1.0.0,2,document_0214.xml,2026-10-25_Northstar-Studio_meeting-notes_REF-0214.xml,2026-10-25_Northstar-Studio_meeting-notes_REF-0214.xml,1,1,3,422,0,Seeded modeled result; no desktop or web application executed.
true,false,fixture-0214,sim-reference-workflow,1.0.0,3,document_0214.xml,2026-10-25_Northstar-Studio_meeting-notes_REF-0214.xml,2026-10-25_Northstar-Studio_meeting-notes_REF-0214.xml,1,1,3,513,0,Seeded modeled result; no desktop or web application executed.
true,false,fixture-0214,sim-cloud-baseline,1.0.0,1,document_0214.xml,2026-10-25_Northstar-Studio_meeting-notes_REF-0214.xml,2026-10-25_Northstar-Studio_meeting-notes_REF-0214.xml,1,1,3,657,0,Seeded modeled result; no desktop or web application executed.
true,false,fixture-0214,sim-cloud-baseline,1.0.0,2,document_0214.xml,2026-10-25_Northstar-Studio_meeting-notes_REF-0214.xml,2026-10-25_Northstar-Studio_meeting-notes_REF-0214.xml,1,1,3,852,0,Seeded modeled result; no desktop or web application executed.
true,false,fixture-0214,sim-cloud-baseline,1.0.0,3,document_0214.xml,2026-10-25_Northstar-Studio_meeting-notes_REF-0214.xml,2026-10-25_Northstar-Studio_meeting-notes_REF-0214.xml,1,1,3,883,0,Seeded modeled result; no desktop or web application executed.
true,false,fixture-0214,sim-local-baseline,1.0.0,1,document_0214.xml,2026-10-25_Northstar-Studio_meeting-notes_REF-0214.xml,2026-10-25_meeting-notes_REF-0214.xml,1,0,3,1111,0,Seeded modeled result; no desktop or web application executed.
true,false,fixture-0214,sim-local-baseline,1.0.0,2,document_0214.xml,2026-10-25_Northstar-Studio_meeting-notes_REF-0214.xml,2026-10-25_Northstar-Studio_meeting-notes_REF-0214.xml,1,1,3,834,0,Seeded modeled result; no desktop or web application executed.
true,false,fixture-0214,sim-local-baseline,1.0.0,3,document_0214.xml,2026-10-25_Northstar-Studio_meeting-notes_REF-0214.xml,2026-10-25_Northstar-Studio_meeting-notes_REF-0214.xml,1,1,3,914,0,Seeded modeled result; no desktop or web application executed.
true,false,fixture-0214,sim-rule-baseline,1.0.0,1,document_0214.xml,2026-10-25_Northstar-Studio_meeting-notes_REF-0214.xml,2026-10-25_meeting-notes_REF-0214.xml,1,0,2,70,0,Seeded modeled result; no desktop or web application executed.
true,false,fixture-0214,sim-rule-baseline,1.0.0,2,document_0214.xml,2026-10-25_Northstar-Studio_meeting-notes_REF-0214.xml,2026-10-25_meeting-notes_REF-0214.xml,1,0,1,104,0,Seeded modeled result; no desktop or web application executed.
true,false,fixture-0214,sim-rule-baseline,1.0.0,3,document_0214.xml,2026-10-25_Northstar-Studio_meeting-notes_REF-0214.xml,2026-10-25_meeting-notes_REF-0214.xml,1,0,2,110,0,Seeded modeled result; no desktop or web application executed.
true,false,fixture-0215,sim-reference-workflow,1.0.0,1,document_0215.yaml,2026-11-26_Pinecone-Works_invoice_REF-0215.yaml,2026-11-26_Pinecone-Works_invoice_REF-0215.yaml,1,1,3,451,0,Seeded modeled result; no desktop or web application executed.
true,false,fixture-0215,sim-reference-workflow,1.0.0,2,document_0215.yaml,2026-11-26_Pinecone-Works_invoice_REF-0215.yaml,2026-11-26_Pinecone-Works_invoice_REF-0215.yaml,1,1,3,463,0,Seeded modeled result; no desktop or web application executed.
true,false,fixture-0215,sim-reference-workflow,1.0.0,3,document_0215.yaml,2026-11-26_Pinecone-Works_invoice_REF-0215.yaml,2026-11-26_Pinecone-Works_invoice_REF-0215.yaml,1,1,3,552,0,Seeded modeled result; no desktop or web application executed.
true,false,fixture-0215,sim-cloud-baseline,1.0.0,1,document_0215.yaml,2026-11-26_Pinecone-Works_invoice_REF-0215.yaml,2026-11-26_Pinecone-Works_invoice_REF-0215.yaml,1,1,3,825,0,Seeded modeled result; no desktop or web application executed.
true,false,fixture-0215,sim-cloud-baseline,1.0.0,2,document_0215.yaml,2026-11-26_Pinecone-Works_invoice_REF-0215.yaml,2026-11-26_Pinecone-Works_invoice_REF-0215.yaml,1,1,3,705,0,Seeded modeled result; no desktop or web application executed.
true,false,fixture-0215,sim-cloud-baseline,1.0.0,3,document_0215.yaml,2026-11-26_Pinecone-Works_invoice_REF-0215.yaml,2026-11-26_Pinecone-Works_invoice_REF-0215.yaml,1,1,3,764,0,Seeded modeled result; no desktop or web application executed.
true,false,fixture-0215,sim-local-baseline,1.0.0,1,document_0215.yaml,2026-11-26_Pinecone-Works_invoice_REF-0215.yaml,2026-11-26_Pinecone-Works_invoice_REF-0215.yaml,1,1,3,904,0,Seeded modeled result; no desktop or web application executed.
true,false,fixture-0215,sim-local-baseline,1.0.0,2,document_0215.yaml,2026-11-26_Pinecone-Works_invoice_REF-0215.yaml,2026-11-26_invoice_REF-0215.yaml,1,0,2,767,0,Seeded modeled result; no desktop or web application executed.
true,false,fixture-0215,sim-local-baseline,1.0.0,3,document_0215.yaml,2026-11-26_Pinecone-Works_invoice_REF-0215.yaml,2026-11-26_invoice_REF-0215.yaml,1,0,3,1082,0,Seeded modeled result; no desktop or web application executed.
true,false,fixture-0215,sim-rule-baseline,1.0.0,1,document_0215.yaml,2026-11-26_Pinecone-Works_invoice_REF-0215.yaml,2026-11-26_invoice_REF-0215.yaml,1,0,0,93,0,Seeded modeled result; no desktop or web application executed.
true,false,fixture-0215,sim-rule-baseline,1.0.0,2,document_0215.yaml,2026-11-26_Pinecone-Works_invoice_REF-0215.yaml,2026-11-26_invoice_REF-0215.yaml,1,0,1,110,0,Seeded modeled result; no desktop or web application executed.
true,false,fixture-0215,sim-rule-baseline,1.0.0,3,document_0215.yaml,2026-11-26_Pinecone-Works_invoice_REF-0215.yaml,2026-11-26_invoice_REF-0215.yaml,1,0,0,106,0,Seeded modeled result; no desktop or web application executed.
true,false,fixture-0216,sim-reference-workflow,1.0.0,1,document_0216.html,2026-12-27_Acme-Labs_meeting-notes_REF-0216.html,2026-12-27_Acme-Labs_meeting-notes_REF-0216.html,1,1,3,583,0,Seeded modeled result; no desktop or web application executed.
true,false,fixture-0216,sim-reference-workflow,1.0.0,2,document_0216.html,2026-12-27_Acme-Labs_meeting-notes_REF-0216.html,2026-12-27_meeting-notes_REF-0216.html,1,0,3,475,0,Seeded modeled result; no desktop or web application executed.
true,false,fixture-0216,sim-reference-workflow,1.0.0,3,document_0216.html,2026-12-27_Acme-Labs_meeting-notes_REF-0216.html,2026-12-27_Acme-Labs_meeting-notes_REF-0216.html,1,1,3,471,0,Seeded modeled result; no desktop or web application executed.
true,false,fixture-0216,sim-cloud-baseline,1.0.0,1,document_0216.html,2026-12-27_Acme-Labs_meeting-notes_REF-0216.html,2026-12-27_Acme-Labs_meeting-notes_REF-0216.html,1,1,3,738,0,Seeded modeled result; no desktop or web application executed.
true,false,fixture-0216,sim-cloud-baseline,1.0.0,2,document_0216.html,2026-12-27_Acme-Labs_meeting-notes_REF-0216.html,2026-12-27_Acme-Labs_meeting-notes_REF-0216.html,1,1,3,631,0,Seeded modeled result; no desktop or web application executed.
true,false,fixture-0216,sim-cloud-baseline,1.0.0,3,document_0216.html,2026-12-27_Acme-Labs_meeting-notes_REF-0216.html,2026-12-27_Acme-Labs_meeting-notes_REF-0216.html,1,1,3,693,0,Seeded modeled result; no desktop or web application executed.
true,false,fixture-0216,sim-local-baseline,1.0.0,1,document_0216.html,2026-12-27_Acme-Labs_meeting-notes_REF-0216.html,2026-12-27_Acme-Labs_meeting-notes_REF-0216.html,1,1,3,1102,0,Seeded modeled result; no desktop or web application executed.
true,false,fixture-0216,sim-local-baseline,1.0.0,2,document_0216.html,2026-12-27_Acme-Labs_meeting-notes_REF-0216.html,2026-12-27_Acme-Labs_meeting-notes_REF-0216.html,1,1,3,1047,0,Seeded modeled result; no desktop or web application executed.
true,false,fixture-0216,sim-local-baseline,1.0.0,3,document_0216.html,2026-12-27_Acme-Labs_meeting-notes_REF-0216.html,2026-12-27_Acme-Labs_meeting-notes_REF-0216.html,1,1,3,1009,0,Seeded modeled result; no desktop or web application executed.
true,false,fixture-0216,sim-rule-baseline,1.0.0,1,document_0216.html,2026-12-27_Acme-Labs_meeting-notes_REF-0216.html,2026-12-27_Acme-Labs_meeting-notes_REF-0216.html,1,1,3,95,0,Seeded modeled result; no desktop or web application executed.
true,false,fixture-0216,sim-rule-baseline,1.0.0,2,document_0216.html,2026-12-27_Acme-Labs_meeting-notes_REF-0216.html,2026-12-27_meeting-notes_REF-0216.html,1,0,0,93,0,Seeded modeled result; no desktop or web application executed.
true,false,fixture-0216,sim-rule-baseline,1.0.0,3,document_0216.html,2026-12-27_Acme-Labs_meeting-notes_REF-0216.html,2026-12-27_meeting-notes_REF-0216.html,1,0,2,107,0,Seeded modeled result; no desktop or web application executed.
true,false,fixture-0217,sim-reference-workflow,1.0.0,1,document_0217.eml,2026-01-01_Riverstone-Co_invoice_REF-0217.eml,2026-01-01_Riverstone-Co_invoice_REF-0217.eml,1,1,3,589,0,Seeded modeled result; no desktop or web application executed.
true,false,fixture-0217,sim-reference-workflow,1.0.0,2,document_0217.eml,2026-01-01_Riverstone-Co_invoice_REF-0217.eml,2026-01-01_Riverstone-Co_invoice_REF-0217.eml,1,1,3,487,0,Seeded modeled result; no desktop or web application executed.
true,false,fixture-0217,sim-reference-workflow,1.0.0,3,document_0217.eml,2026-01-01_Riverstone-Co_invoice_REF-0217.eml,2026-01-01_Riverstone-Co_invoice_REF-0217.eml,1,1,3,635,0,Seeded modeled result; no desktop or web application executed.
true,false,fixture-0217,sim-cloud-baseline,1.0.0,1,document_0217.eml,2026-01-01_Riverstone-Co_invoice_REF-0217.eml,2026-01-01_Riverstone-Co_invoice_REF-0217.eml,0,1,3,754,0,Seeded modeled result; no desktop or web application executed.
true,false,fixture-0217,sim-cloud-baseline,1.0.0,2,document_0217.eml,2026-01-01_Riverstone-Co_invoice_REF-0217.eml,2026-01-01_Riverstone-Co_invoice_REF-0217.eml,1,1,3,803,0,Seeded modeled result; no desktop or web application executed.
true,false,fixture-0217,sim-cloud-baseline,1.0.0,3,document_0217.eml,2026-01-01_Riverstone-Co_invoice_REF-0217.eml,2026-01-01_Riverstone-Co_invoice_REF-0217.eml,1,1,3,796,0,Seeded modeled result; no desktop or web application executed.
true,false,fixture-0217,sim-local-baseline,1.0.0,1,document_0217.eml,2026-01-01_Riverstone-Co_invoice_REF-0217.eml,2026-01-01_Riverstone-Co_invoice_REF-0217.eml,1,1,3,1188,0,Seeded modeled result; no desktop or web application executed.
true,false,fixture-0217,sim-local-baseline,1.0.0,2,document_0217.eml,2026-01-01_Riverstone-Co_invoice_REF-0217.eml,2026-01-01_Riverstone-Co_invoice_REF-0217.eml,1,1,3,747,0,Seeded modeled result; no desktop or web application executed.
true,false,fixture-0217,sim-local-baseline,1.0.0,3,document_0217.eml,2026-01-01_Riverstone-Co_invoice_REF-0217.eml,2026-01-01_Riverstone-Co_invoice_REF-0217.eml,1,1,3,997,0,Seeded modeled result; no desktop or web application executed.
true,false,fixture-0217,sim-rule-baseline,1.0.0,1,document_0217.eml,2026-01-01_Riverstone-Co_invoice_REF-0217.eml,2026-01-01_invoice_REF-0217.eml,1,0,3,92,0,Seeded modeled result; no desktop or web application executed.
true,false,fixture-0217,sim-rule-baseline,1.0.0,2,document_0217.eml,2026-01-01_Riverstone-Co_invoice_REF-0217.eml,2026-01-01_Riverstone-Co_invoice_REF-0217.eml,1,1,3,74,0,Seeded modeled result; no desktop or web application executed.
true,false,fixture-0217,sim-rule-baseline,1.0.0,3,document_0217.eml,2026-01-01_Riverstone-Co_invoice_REF-0217.eml,2026-01-01_Riverstone-Co_invoice_REF-0217.eml,1,1,3,105,0,Seeded modeled result; no desktop or web application executed.
true,false,fixture-0218,sim-reference-workflow,1.0.0,1,document_0218.srt,2026-02-02_Bluebird-Health_meeting-notes_REF-0218.srt,2026-02-02_Bluebird-Health_meeting-notes_REF-0218.srt,1,1,3,499,0,Seeded modeled result; no desktop or web application executed.
true,false,fixture-0218,sim-reference-workflow,1.0.0,2,document_0218.srt,2026-02-02_Bluebird-Health_meeting-notes_REF-0218.srt,2026-02-02_Bluebird-Health_meeting-notes_REF-0218.srt,1,1,3,476,0,Seeded modeled result; no desktop or web application executed.
true,false,fixture-0218,sim-reference-workflow,1.0.0,3,document_0218.srt,2026-02-02_Bluebird-Health_meeting-notes_REF-0218.srt,2026-02-02_Bluebird-Health_meeting-notes_REF-0218.srt,1,1,3,630,0,Seeded modeled result; no desktop or web application executed.
true,false,fixture-0218,sim-cloud-baseline,1.0.0,1,document_0218.srt,2026-02-02_Bluebird-Health_meeting-notes_REF-0218.srt,2026-02-02_meeting-notes_REF-0218.srt,1,0,3,567,0,Seeded modeled result; no desktop or web application executed.
true,false,fixture-0218,sim-cloud-baseline,1.0.0,2,document_0218.srt,2026-02-02_Bluebird-Health_meeting-notes_REF-0218.srt,2026-02-02_Bluebird-Health_meeting-notes_REF-0218.srt,1,1,3,773,0,Seeded modeled result; no desktop or web application executed.
true,false,fixture-0218,sim-cloud-baseline,1.0.0,3,document_0218.srt,2026-02-02_Bluebird-Health_meeting-notes_REF-0218.srt,2026-02-02_meeting-notes_REF-0218.srt,1,0,3,742,0,Seeded modeled result; no desktop or web application executed.
true,false,fixture-0218,sim-local-baseline,1.0.0,1,document_0218.srt,2026-02-02_Bluebird-Health_meeting-notes_REF-0218.srt,2026-02-02_meeting-notes_REF-0218.srt,1,0,2,944,0,Seeded modeled result; no desktop or web application executed.
true,false,fixture-0218,sim-local-baseline,1.0.0,2,document_0218.srt,2026-02-02_Bluebird-Health_meeting-notes_REF-0218.srt,2026-02-02_meeting-notes_REF-0218.srt,1,0,0,902,0,Seeded modeled result; no desktop or web application executed.
true,false,fixture-0218,sim-local-baseline,1.0.0,3,document_0218.srt,2026-02-02_Bluebird-Health_meeting-notes_REF-0218.srt,2026-02-02_Bluebird-Health_meeting-notes_REF-0218.srt,1,1,3,1208,0,Seeded modeled result; no desktop or web application executed.
true,false,fixture-0218,sim-rule-baseline,1.0.0,1,document_0218.srt,2026-02-02_Bluebird-Health_meeting-notes_REF-0218.srt,2026-02-02_meeting-notes_REF-0218.srt,1,0,1,101,0,Seeded modeled result; no desktop or web application executed.
true,false,fixture-0218,sim-rule-baseline,1.0.0,2,document_0218.srt,2026-02-02_Bluebird-Health_meeting-notes_REF-0218.srt,2026-02-02_meeting-notes_REF-0218.srt,1,0,0,72,0,Seeded modeled result; no desktop or web application executed.
true,false,fixture-0218,sim-rule-baseline,1.0.0,3,document_0218.srt,2026-02-02_Bluebird-Health_meeting-notes_REF-0218.srt,2026-02-02_Bluebird-Health_meeting-notes_REF-0218.srt,1,1,3,112,0,Seeded modeled result; no desktop or web application executed.
true,false,fixture-0219,sim-reference-workflow,1.0.0,1,document_0219.vtt,2026-03-03_Northstar-Studio_invoice_REF-0219.vtt,2026-03-03_Northstar-Studio_invoice_REF-0219.vtt,1,1,3,454,0,Seeded modeled result; no desktop or web application executed.
true,false,fixture-0219,sim-reference-workflow,1.0.0,2,document_0219.vtt,2026-03-03_Northstar-Studio_invoice_REF-0219.vtt,2026-03-03_Northstar-Studio_invoice_REF-0219.vtt,1,1,3,584,0,Seeded modeled result; no desktop or web application executed.
true,false,fixture-0219,sim-reference-workflow,1.0.0,3,document_0219.vtt,2026-03-03_Northstar-Studio_invoice_REF-0219.vtt,2026-03-03_Northstar-Studio_invoice_REF-0219.vtt,1,1,3,402,0,Seeded modeled result; no desktop or web application executed.
true,false,fixture-0219,sim-cloud-baseline,1.0.0,1,document_0219.vtt,2026-03-03_Northstar-Studio_invoice_REF-0219.vtt,2026-03-03_Northstar-Studio_invoice_REF-0219.vtt,1,1,3,832,0,Seeded modeled result; no desktop or web application executed.
true,false,fixture-0219,sim-cloud-baseline,1.0.0,2,document_0219.vtt,2026-03-03_Northstar-Studio_invoice_REF-0219.vtt,2026-03-03_Northstar-Studio_invoice_REF-0219.vtt,1,1,3,651,0,Seeded modeled result; no desktop or web application executed.
true,false,fixture-0219,sim-cloud-baseline,1.0.0,3,document_0219.vtt,2026-03-03_Northstar-Studio_invoice_REF-0219.vtt,2026-03-03_Northstar-Studio_invoice_REF-0219.vtt,1,1,3,700,0,Seeded modeled result; no desktop or web application executed.
true,false,fixture-0219,sim-local-baseline,1.0.0,1,document_0219.vtt,2026-03-03_Northstar-Studio_invoice_REF-0219.vtt,2026-03-03_invoice_REF-0219.vtt,1,0,3,837,0,Seeded modeled result; no desktop or web application executed.
true,false,fixture-0219,sim-local-baseline,1.0.0,2,document_0219.vtt,2026-03-03_Northstar-Studio_invoice_REF-0219.vtt,2026-03-03_invoice_REF-0219.vtt,1,0,1,1142,0,Seeded modeled result; no desktop or web application executed.
true,false,fixture-0219,sim-local-baseline,1.0.0,3,document_0219.vtt,2026-03-03_Northstar-Studio_invoice_REF-0219.vtt,2026-03-03_Northstar-Studio_invoice_REF-0219.vtt,1,1,3,875,0,Seeded modeled result; no desktop or web application executed.
true,false,fixture-0219,sim-rule-baseline,1.0.0,1,document_0219.vtt,2026-03-03_Northstar-Studio_invoice_REF-0219.vtt,2026-03-03_invoice_REF-0219.vtt,1,0,1,75,0,Seeded modeled result; no desktop or web application executed.
true,false,fixture-0219,sim-rule-baseline,1.0.0,2,document_0219.vtt,2026-03-03_Northstar-Studio_invoice_REF-0219.vtt,2026-03-03_invoice_REF-0219.vtt,1,0,1,93,0,Seeded modeled result; no desktop or web application executed.
true,false,fixture-0219,sim-rule-baseline,1.0.0,3,document_0219.vtt,2026-03-03_Northstar-Studio_invoice_REF-0219.vtt,2026-03-03_invoice_REF-0219.vtt,1,0,2,72,0,Seeded modeled result; no desktop or web application executed.
true,false,fixture-0220,sim-reference-workflow,1.0.0,1,document_0220.svg,2026-04-04_Pinecone-Works_meeting-notes_REF-0220.svg,2026-04-04_Pinecone-Works_meeting-notes_REF-0220.svg,1,1,3,508,0,Seeded modeled result; no desktop or web application executed.
true,false,fixture-0220,sim-reference-workflow,1.0.0,2,document_0220.svg,2026-04-04_Pinecone-Works_meeting-notes_REF-0220.svg,2026-04-04_Pinecone-Works_meeting-notes_REF-0220.svg,1,1,3,591,0,Seeded modeled result; no desktop or web application executed.
true,false,fixture-0220,sim-reference-workflow,1.0.0,3,document_0220.svg,2026-04-04_Pinecone-Works_meeting-notes_REF-0220.svg,2026-04-04_Pinecone-Works_meeting-notes_REF-0220.svg,1,1,3,620,0,Seeded modeled result; no desktop or web application executed.
true,false,fixture-0220,sim-cloud-baseline,1.0.0,1,document_0220.svg,2026-04-04_Pinecone-Works_meeting-notes_REF-0220.svg,2026-04-04_Pinecone-Works_meeting-notes_REF-0220.svg,0,1,3,559,1,Seeded modeled result; no desktop or web application executed.
true,false,fixture-0220,sim-cloud-baseline,1.0.0,2,document_0220.svg,2026-04-04_Pinecone-Works_meeting-notes_REF-0220.svg,2026-04-04_meeting-notes_REF-0220.svg,1,0,2,886,0,Seeded modeled result; no desktop or web application executed.
true,false,fixture-0220,sim-cloud-baseline,1.0.0,3,document_0220.svg,2026-04-04_Pinecone-Works_meeting-notes_REF-0220.svg,2026-04-04_Pinecone-Works_meeting-notes_REF-0220.svg,1,1,3,645,0,Seeded modeled result; no desktop or web application executed.
true,false,fixture-0220,sim-local-baseline,1.0.0,1,document_0220.svg,2026-04-04_Pinecone-Works_meeting-notes_REF-0220.svg,2026-04-04_Pinecone-Works_meeting-notes_REF-0220.svg,1,1,3,816,0,Seeded modeled result; no desktop or web application executed.
true,false,fixture-0220,sim-local-baseline,1.0.0,2,document_0220.svg,2026-04-04_Pinecone-Works_meeting-notes_REF-0220.svg,2026-04-04_Pinecone-Works_meeting-notes_REF-0220.svg,1,1,3,943,0,Seeded modeled result; no desktop or web application executed.
true,false,fixture-0220,sim-local-baseline,1.0.0,3,document_0220.svg,2026-04-04_Pinecone-Works_meeting-notes_REF-0220.svg,2026-04-04_Pinecone-Works_meeting-notes_REF-0220.svg,1,1,3,1136,0,Seeded modeled result; no desktop or web application executed.
true,false,fixture-0220,sim-rule-baseline,1.0.0,1,document_0220.svg,2026-04-04_Pinecone-Works_meeting-notes_REF-0220.svg,2026-04-04_meeting-notes_REF-0220.svg,1,0,1,68,0,Seeded modeled result; no desktop or web application executed.
true,false,fixture-0220,sim-rule-baseline,1.0.0,2,document_0220.svg,2026-04-04_Pinecone-Works_meeting-notes_REF-0220.svg,2026-04-04_Pinecone-Works_meeting-notes_REF-0220.svg,1,1,3,69,0,Seeded modeled result; no desktop or web application executed.
true,false,fixture-0220,sim-rule-baseline,1.0.0,3,document_0220.svg,2026-04-04_Pinecone-Works_meeting-notes_REF-0220.svg,2026-04-04_meeting-notes_REF-0220.svg,1,0,1,83,0,Seeded modeled result; no desktop or web application executed.
true,false,fixture-0221,sim-reference-workflow,1.0.0,1,document_0221.txt,2026-05-05_Acme-Labs_invoice_REF-0221.txt,2026-05-05_Acme-Labs_invoice_REF-0221.txt,1,1,3,500,0,Seeded modeled result; no desktop or web application executed.
true,false,fixture-0221,sim-reference-workflow,1.0.0,2,document_0221.txt,2026-05-05_Acme-Labs_invoice_REF-0221.txt,2026-05-05_Acme-Labs_invoice_REF-0221.txt,1,1,3,432,0,Seeded modeled result; no desktop or web application executed.
true,false,fixture-0221,sim-reference-workflow,1.0.0,3,document_0221.txt,2026-05-05_Acme-Labs_invoice_REF-0221.txt,2026-05-05_Acme-Labs_invoice_REF-0221.txt,1,1,3,639,0,Seeded modeled result; no desktop or web application executed.
true,false,fixture-0221,sim-cloud-baseline,1.0.0,1,document_0221.txt,2026-05-05_Acme-Labs_invoice_REF-0221.txt,2026-05-05_Acme-Labs_invoice_REF-0221.txt,1,1,3,682,0,Seeded modeled result; no desktop or web application executed.
true,false,fixture-0221,sim-cloud-baseline,1.0.0,2,document_0221.txt,2026-05-05_Acme-Labs_invoice_REF-0221.txt,2026-05-05_Acme-Labs_invoice_REF-0221.txt,1,1,3,730,0,Seeded modeled result; no desktop or web application executed.
true,false,fixture-0221,sim-cloud-baseline,1.0.0,3,document_0221.txt,2026-05-05_Acme-Labs_invoice_REF-0221.txt,2026-05-05_Acme-Labs_invoice_REF-0221.txt,1,1,3,787,0,Seeded modeled result; no desktop or web application executed.
true,false,fixture-0221,sim-local-baseline,1.0.0,1,document_0221.txt,2026-05-05_Acme-Labs_invoice_REF-0221.txt,2026-05-05_invoice_REF-0221.txt,1,0,1,944,0,Seeded modeled result; no desktop or web application executed.
true,false,fixture-0221,sim-local-baseline,1.0.0,2,document_0221.txt,2026-05-05_Acme-Labs_invoice_REF-0221.txt,2026-05-05_Acme-Labs_invoice_REF-0221.txt,1,1,3,917,0,Seeded modeled result; no desktop or web application executed.
true,false,fixture-0221,sim-local-baseline,1.0.0,3,document_0221.txt,2026-05-05_Acme-Labs_invoice_REF-0221.txt,2026-05-05_invoice_REF-0221.txt,1,0,3,1151,0,Seeded modeled result; no desktop or web application executed.
true,false,fixture-0221,sim-rule-baseline,1.0.0,1,document_0221.txt,2026-05-05_Acme-Labs_invoice_REF-0221.txt,2026-05-05_Acme-Labs_invoice_REF-0221.txt,1,1,3,88,0,Seeded modeled result; no desktop or web application executed.
true,false,fixture-0221,sim-rule-baseline,1.0.0,2,document_0221.txt,2026-05-05_Acme-Labs_invoice_REF-0221.txt,2026-05-05_invoice_REF-0221.txt,1,0,1,69,0,Seeded modeled result; no desktop or web application executed.
true,false,fixture-0221,sim-rule-baseline,1.0.0,3,document_0221.txt,2026-05-05_Acme-Labs_invoice_REF-0221.txt,2026-05-05_invoice_REF-0221.txt,1,0,1,101,0,Seeded modeled result; no desktop or web application executed.
true,false,fixture-0222,sim-reference-workflow,1.0.0,1,document_0222.md,2026-06-06_Riverstone-Co_meeting-notes_REF-0222.md,2026-06-06_Riverstone-Co_meeting-notes_REF-0222.md,1,1,3,547,0,Seeded modeled result; no desktop or web application executed.
true,false,fixture-0222,sim-reference-workflow,1.0.0,2,document_0222.md,2026-06-06_Riverstone-Co_meeting-notes_REF-0222.md,2026-06-06_Riverstone-Co_meeting-notes_REF-0222.md,1,1,3,458,0,Seeded modeled result; no desktop or web application executed.
true,false,fixture-0222,sim-reference-workflow,1.0.0,3,document_0222.md,2026-06-06_Riverstone-Co_meeting-notes_REF-0222.md,2026-06-06_Riverstone-Co_meeting-notes_REF-0222.md,1,1,3,521,0,Seeded modeled result; no desktop or web application executed.
true,false,fixture-0222,sim-cloud-baseline,1.0.0,1,document_0222.md,2026-06-06_Riverstone-Co_meeting-notes_REF-0222.md,2026-06-06_Riverstone-Co_meeting-notes_REF-0222.md,1,1,3,903,0,Seeded modeled result; no desktop or web application executed.
true,false,fixture-0222,sim-cloud-baseline,1.0.0,2,document_0222.md,2026-06-06_Riverstone-Co_meeting-notes_REF-0222.md,2026-06-06_Riverstone-Co_meeting-notes_REF-0222.md,1,1,3,872,0,Seeded modeled result; no desktop or web application executed.
true,false,fixture-0222,sim-cloud-baseline,1.0.0,3,document_0222.md,2026-06-06_Riverstone-Co_meeting-notes_REF-0222.md,2026-06-06_Riverstone-Co_meeting-notes_REF-0222.md,1,1,3,632,0,Seeded modeled result; no desktop or web application executed.
true,false,fixture-0222,sim-local-baseline,1.0.0,1,document_0222.md,2026-06-06_Riverstone-Co_meeting-notes_REF-0222.md,2026-06-06_Riverstone-Co_meeting-notes_REF-0222.md,1,1,3,1135,0,Seeded modeled result; no desktop or web application executed.
true,false,fixture-0222,sim-local-baseline,1.0.0,2,document_0222.md,2026-06-06_Riverstone-Co_meeting-notes_REF-0222.md,2026-06-06_Riverstone-Co_meeting-notes_REF-0222.md,1,1,3,1062,0,Seeded modeled result; no desktop or web application executed.
true,false,fixture-0222,sim-local-baseline,1.0.0,3,document_0222.md,2026-06-06_Riverstone-Co_meeting-notes_REF-0222.md,2026-06-06_Riverstone-Co_meeting-notes_REF-0222.md,1,1,3,810,0,Seeded modeled result; no desktop or web application executed.
true,false,fixture-0222,sim-rule-baseline,1.0.0,1,document_0222.md,2026-06-06_Riverstone-Co_meeting-notes_REF-0222.md,2026-06-06_meeting-notes_REF-0222.md,1,0,2,69,0,Seeded modeled result; no desktop or web application executed.
true,false,fixture-0222,sim-rule-baseline,1.0.0,2,document_0222.md,2026-06-06_Riverstone-Co_meeting-notes_REF-0222.md,2026-06-06_meeting-notes_REF-0222.md,1,0,1,97,0,Seeded modeled result; no desktop or web application executed.
true,false,fixture-0222,sim-rule-baseline,1.0.0,3,document_0222.md,2026-06-06_Riverstone-Co_meeting-notes_REF-0222.md,2026-06-06_Riverstone-Co_meeting-notes_REF-0222.md,1,1,3,103,0,Seeded modeled result; no desktop or web application executed.
true,false,fixture-0223,sim-reference-workflow,1.0.0,1,document_0223.csv,2026-07-07_Bluebird-Health_invoice_REF-0223.csv,2026-07-07_Bluebird-Health_invoice_REF-0223.csv,0,1,3,588,1,Seeded modeled result; no desktop or web application executed.
true,false,fixture-0223,sim-reference-workflow,1.0.0,2,document_0223.csv,2026-07-07_Bluebird-Health_invoice_REF-0223.csv,2026-07-07_Bluebird-Health_invoice_REF-0223.csv,1,1,3,464,0,Seeded modeled result; no desktop or web application executed.
true,false,fixture-0223,sim-reference-workflow,1.0.0,3,document_0223.csv,2026-07-07_Bluebird-Health_invoice_REF-0223.csv,2026-07-07_Bluebird-Health_invoice_REF-0223.csv,1,1,3,411,0,Seeded modeled result; no desktop or web application executed.
true,false,fixture-0223,sim-cloud-baseline,1.0.0,1,document_0223.csv,2026-07-07_Bluebird-Health_invoice_REF-0223.csv,2026-07-07_Bluebird-Health_invoice_REF-0223.csv,1,1,3,866,0,Seeded modeled result; no desktop or web application executed.
true,false,fixture-0223,sim-cloud-baseline,1.0.0,2,document_0223.csv,2026-07-07_Bluebird-Health_invoice_REF-0223.csv,2026-07-07_Bluebird-Health_invoice_REF-0223.csv,1,1,3,557,0,Seeded modeled result; no desktop or web application executed.
true,false,fixture-0223,sim-cloud-baseline,1.0.0,3,document_0223.csv,2026-07-07_Bluebird-Health_invoice_REF-0223.csv,2026-07-07_Bluebird-Health_invoice_REF-0223.csv,1,1,3,571,0,Seeded modeled result; no desktop or web application executed.
true,false,fixture-0223,sim-local-baseline,1.0.0,1,document_0223.csv,2026-07-07_Bluebird-Health_invoice_REF-0223.csv,2026-07-07_invoice_REF-0223.csv,1,0,2,797,0,Seeded modeled result; no desktop or web application executed.
true,false,fixture-0223,sim-local-baseline,1.0.0,2,document_0223.csv,2026-07-07_Bluebird-Health_invoice_REF-0223.csv,2026-07-07_Bluebird-Health_invoice_REF-0223.csv,1,1,3,932,0,Seeded modeled result; no desktop or web application executed.
true,false,fixture-0223,sim-local-baseline,1.0.0,3,document_0223.csv,2026-07-07_Bluebird-Health_invoice_REF-0223.csv,2026-07-07_Bluebird-Health_invoice_REF-0223.csv,1,1,3,979,0,Seeded modeled result; no desktop or web application executed.
true,false,fixture-0223,sim-rule-baseline,1.0.0,1,document_0223.csv,2026-07-07_Bluebird-Health_invoice_REF-0223.csv,2026-07-07_invoice_REF-0223.csv,1,0,1,84,0,Seeded modeled result; no desktop or web application executed.
true,false,fixture-0223,sim-rule-baseline,1.0.0,2,document_0223.csv,2026-07-07_Bluebird-Health_invoice_REF-0223.csv,2026-07-07_invoice_REF-0223.csv,1,0,1,81,0,Seeded modeled result; no desktop or web application executed.
true,false,fixture-0223,sim-rule-baseline,1.0.0,3,document_0223.csv,2026-07-07_Bluebird-Health_invoice_REF-0223.csv,2026-07-07_invoice_REF-0223.csv,1,0,2,92,0,Seeded modeled result; no desktop or web application executed.
true,false,fixture-0224,sim-reference-workflow,1.0.0,1,document_0224.json,2026-08-08_Northstar-Studio_meeting-notes_REF-0224.json,2026-08-08_Northstar-Studio_meeting-notes_REF-0224.json,1,1,3,564,0,Seeded modeled result; no desktop or web application executed.
true,false,fixture-0224,sim-reference-workflow,1.0.0,2,document_0224.json,2026-08-08_Northstar-Studio_meeting-notes_REF-0224.json,2026-08-08_Northstar-Studio_meeting-notes_REF-0224.json,1,1,3,533,0,Seeded modeled result; no desktop or web application executed.
true,false,fixture-0224,sim-reference-workflow,1.0.0,3,document_0224.json,2026-08-08_Northstar-Studio_meeting-notes_REF-0224.json,2026-08-08_Northstar-Studio_meeting-notes_REF-0224.json,1,1,3,631,0,Seeded modeled result; no desktop or web application executed.
true,false,fixture-0224,sim-cloud-baseline,1.0.0,1,document_0224.json,2026-08-08_Northstar-Studio_meeting-notes_REF-0224.json,2026-08-08_meeting-notes_REF-0224.json,1,0,3,813,0,Seeded modeled result; no desktop or web application executed.
true,false,fixture-0224,sim-cloud-baseline,1.0.0,2,document_0224.json,2026-08-08_Northstar-Studio_meeting-notes_REF-0224.json,2026-08-08_Northstar-Studio_meeting-notes_REF-0224.json,1,1,3,649,0,Seeded modeled result; no desktop or web application executed.
true,false,fixture-0224,sim-cloud-baseline,1.0.0,3,document_0224.json,2026-08-08_Northstar-Studio_meeting-notes_REF-0224.json,2026-08-08_Northstar-Studio_meeting-notes_REF-0224.json,1,1,3,818,0,Seeded modeled result; no desktop or web application executed.
true,false,fixture-0224,sim-local-baseline,1.0.0,1,document_0224.json,2026-08-08_Northstar-Studio_meeting-notes_REF-0224.json,2026-08-08_meeting-notes_REF-0224.json,1,0,1,1125,0,Seeded modeled result; no desktop or web application executed.
true,false,fixture-0224,sim-local-baseline,1.0.0,2,document_0224.json,2026-08-08_Northstar-Studio_meeting-notes_REF-0224.json,2026-08-08_Northstar-Studio_meeting-notes_REF-0224.json,1,1,3,917,0,Seeded modeled result; no desktop or web application executed.
true,false,fixture-0224,sim-local-baseline,1.0.0,3,document_0224.json,2026-08-08_Northstar-Studio_meeting-notes_REF-0224.json,2026-08-08_Northstar-Studio_meeting-notes_REF-0224.json,1,1,3,1145,0,Seeded modeled result; no desktop or web application executed.
true,false,fixture-0224,sim-rule-baseline,1.0.0,1,document_0224.json,2026-08-08_Northstar-Studio_meeting-notes_REF-0224.json,2026-08-08_Northstar-Studio_meeting-notes_REF-0224.json,1,1,3,96,0,Seeded modeled result; no desktop or web application executed.
true,false,fixture-0224,sim-rule-baseline,1.0.0,2,document_0224.json,2026-08-08_Northstar-Studio_meeting-notes_REF-0224.json,2026-08-08_Northstar-Studio_meeting-notes_REF-0224.json,1,1,3,68,0,Seeded modeled result; no desktop or web application executed.
true,false,fixture-0224,sim-rule-baseline,1.0.0,3,document_0224.json,2026-08-08_Northstar-Studio_meeting-notes_REF-0224.json,2026-08-08_meeting-notes_REF-0224.json,1,0,0,69,0,Seeded modeled result; no desktop or web application executed.
true,false,fixture-0225,sim-reference-workflow,1.0.0,1,document_0225.xml,2026-09-09_Pinecone-Works_invoice_REF-0225.xml,2026-09-09_Pinecone-Works_invoice_REF-0225.xml,1,1,3,433,0,Seeded modeled result; no desktop or web application executed.
true,false,fixture-0225,sim-reference-workflow,1.0.0,2,document_0225.xml,2026-09-09_Pinecone-Works_invoice_REF-0225.xml,2026-09-09_Pinecone-Works_invoice_REF-0225.xml,1,1,3,592,0,Seeded modeled result; no desktop or web application executed.
true,false,fixture-0225,sim-reference-workflow,1.0.0,3,document_0225.xml,2026-09-09_Pinecone-Works_invoice_REF-0225.xml,2026-09-09_Pinecone-Works_invoice_REF-0225.xml,1,1,3,411,0,Seeded modeled result; no desktop or web application executed.
true,false,fixture-0225,sim-cloud-baseline,1.0.0,1,document_0225.xml,2026-09-09_Pinecone-Works_invoice_REF-0225.xml,2026-09-09_Pinecone-Works_invoice_REF-0225.xml,1,1,3,719,0,Seeded modeled result; no desktop or web application executed.
true,false,fixture-0225,sim-cloud-baseline,1.0.0,2,document_0225.xml,2026-09-09_Pinecone-Works_invoice_REF-0225.xml,2026-09-09_invoice_REF-0225.xml,1,0,2,625,0,Seeded modeled result; no desktop or web application executed.
true,false,fixture-0225,sim-cloud-baseline,1.0.0,3,document_0225.xml,2026-09-09_Pinecone-Works_invoice_REF-0225.xml,2026-09-09_Pinecone-Works_invoice_REF-0225.xml,1,1,3,848,0,Seeded modeled result; no desktop or web application executed.
true,false,fixture-0225,sim-local-baseline,1.0.0,1,document_0225.xml,2026-09-09_Pinecone-Works_invoice_REF-0225.xml,2026-09-09_invoice_REF-0225.xml,1,0,2,1099,0,Seeded modeled result; no desktop or web application executed.
true,false,fixture-0225,sim-local-baseline,1.0.0,2,document_0225.xml,2026-09-09_Pinecone-Works_invoice_REF-0225.xml,2026-09-09_invoice_REF-0225.xml,1,0,2,828,0,Seeded modeled result; no desktop or web application executed.
true,false,fixture-0225,sim-local-baseline,1.0.0,3,document_0225.xml,2026-09-09_Pinecone-Works_invoice_REF-0225.xml,2026-09-09_invoice_REF-0225.xml,1,0,0,1008,0,Seeded modeled result; no desktop or web application executed.
true,false,fixture-0225,sim-rule-baseline,1.0.0,1,document_0225.xml,2026-09-09_Pinecone-Works_invoice_REF-0225.xml,2026-09-09_Pinecone-Works_invoice_REF-0225.xml,1,1,3,77,0,Seeded modeled result; no desktop or web application executed.
true,false,fixture-0225,sim-rule-baseline,1.0.0,2,document_0225.xml,2026-09-09_Pinecone-Works_invoice_REF-0225.xml,2026-09-09_invoice_REF-0225.xml,1,0,3,95,0,Seeded modeled result; no desktop or web application executed.
true,false,fixture-0225,sim-rule-baseline,1.0.0,3,document_0225.xml,2026-09-09_Pinecone-Works_invoice_REF-0225.xml,2026-09-09_Pinecone-Works_invoice_REF-0225.xml,1,1,3,79,0,Seeded modeled result; no desktop or web application executed.
true,false,fixture-0226,sim-reference-workflow,1.0.0,1,document_0226.yaml,2026-10-10_Acme-Labs_meeting-notes_REF-0226.yaml,2026-10-10_Acme-Labs_meeting-notes_REF-0226.yaml,1,1,3,559,0,Seeded modeled result; no desktop or web application executed.
true,false,fixture-0226,sim-reference-workflow,1.0.0,2,document_0226.yaml,2026-10-10_Acme-Labs_meeting-notes_REF-0226.yaml,2026-10-10_meeting-notes_REF-0226.yaml,1,0,3,615,0,Seeded modeled result; no desktop or web application executed.
true,false,fixture-0226,sim-reference-workflow,1.0.0,3,document_0226.yaml,2026-10-10_Acme-Labs_meeting-notes_REF-0226.yaml,2026-10-10_Acme-Labs_meeting-notes_REF-0226.yaml,1,1,3,555,0,Seeded modeled result; no desktop or web application executed.
true,false,fixture-0226,sim-cloud-baseline,1.0.0,1,document_0226.yaml,2026-10-10_Acme-Labs_meeting-notes_REF-0226.yaml,2026-10-10_meeting-notes_REF-0226.yaml,1,0,0,596,0,Seeded modeled result; no desktop or web application executed.
true,false,fixture-0226,sim-cloud-baseline,1.0.0,2,document_0226.yaml,2026-10-10_Acme-Labs_meeting-notes_REF-0226.yaml,2026-10-10_Acme-Labs_meeting-notes_REF-0226.yaml,1,1,3,777,0,Seeded modeled result; no desktop or web application executed.
true,false,fixture-0226,sim-cloud-baseline,1.0.0,3,document_0226.yaml,2026-10-10_Acme-Labs_meeting-notes_REF-0226.yaml,2026-10-10_Acme-Labs_meeting-notes_REF-0226.yaml,1,1,3,633,0,Seeded modeled result; no desktop or web application executed.
true,false,fixture-0226,sim-local-baseline,1.0.0,1,document_0226.yaml,2026-10-10_Acme-Labs_meeting-notes_REF-0226.yaml,2026-10-10_Acme-Labs_meeting-notes_REF-0226.yaml,1,1,3,853,0,Seeded modeled result; no desktop or web application executed.
true,false,fixture-0226,sim-local-baseline,1.0.0,2,document_0226.yaml,2026-10-10_Acme-Labs_meeting-notes_REF-0226.yaml,2026-10-10_Acme-Labs_meeting-notes_REF-0226.yaml,1,1,3,781,0,Seeded modeled result; no desktop or web application executed.
true,false,fixture-0226,sim-local-baseline,1.0.0,3,document_0226.yaml,2026-10-10_Acme-Labs_meeting-notes_REF-0226.yaml,2026-10-10_meeting-notes_REF-0226.yaml,1,0,1,900,0,Seeded modeled result; no desktop or web application executed.
true,false,fixture-0226,sim-rule-baseline,1.0.0,1,document_0226.yaml,2026-10-10_Acme-Labs_meeting-notes_REF-0226.yaml,2026-10-10_meeting-notes_REF-0226.yaml,1,0,0,106,0,Seeded modeled result; no desktop or web application executed.
true,false,fixture-0226,sim-rule-baseline,1.0.0,2,document_0226.yaml,2026-10-10_Acme-Labs_meeting-notes_REF-0226.yaml,2026-10-10_meeting-notes_REF-0226.yaml,1,0,0,81,0,Seeded modeled result; no desktop or web application executed.
true,false,fixture-0226,sim-rule-baseline,1.0.0,3,document_0226.yaml,2026-10-10_Acme-Labs_meeting-notes_REF-0226.yaml,2026-10-10_Acme-Labs_meeting-notes_REF-0226.yaml,1,1,3,87,0,Seeded modeled result; no desktop or web application executed.
true,false,fixture-0227,sim-reference-workflow,1.0.0,1,document_0227.html,2026-11-11_Riverstone-Co_invoice_REF-0227.html,2026-11-11_Riverstone-Co_invoice_REF-0227.html,1,1,3,454,0,Seeded modeled result; no desktop or web application executed.
true,false,fixture-0227,sim-reference-workflow,1.0.0,2,document_0227.html,2026-11-11_Riverstone-Co_invoice_REF-0227.html,2026-11-11_Riverstone-Co_invoice_REF-0227.html,1,1,3,433,0,Seeded modeled result; no desktop or web application executed.
true,false,fixture-0227,sim-reference-workflow,1.0.0,3,document_0227.html,2026-11-11_Riverstone-Co_invoice_REF-0227.html,2026-11-11_Riverstone-Co_invoice_REF-0227.html,1,1,3,436,0,Seeded modeled result; no desktop or web application executed.
true,false,fixture-0227,sim-cloud-baseline,1.0.0,1,document_0227.html,2026-11-11_Riverstone-Co_invoice_REF-0227.html,2026-11-11_Riverstone-Co_invoice_REF-0227.html,1,1,3,667,0,Seeded modeled result; no desktop or web application executed.
true,false,fixture-0227,sim-cloud-baseline,1.0.0,2,document_0227.html,2026-11-11_Riverstone-Co_invoice_REF-0227.html,2026-11-11_invoice_REF-0227.html,1,0,1,815,0,Seeded modeled result; no desktop or web application executed.
true,false,fixture-0227,sim-cloud-baseline,1.0.0,3,document_0227.html,2026-11-11_Riverstone-Co_invoice_REF-0227.html,2026-11-11_invoice_REF-0227.html,1,0,3,719,0,Seeded modeled result; no desktop or web application executed.
true,false,fixture-0227,sim-local-baseline,1.0.0,1,document_0227.html,2026-11-11_Riverstone-Co_invoice_REF-0227.html,2026-11-11_Riverstone-Co_invoice_REF-0227.html,1,1,3,1218,0,Seeded modeled result; no desktop or web application executed.
true,false,fixture-0227,sim-local-baseline,1.0.0,2,document_0227.html,2026-11-11_Riverstone-Co_invoice_REF-0227.html,2026-11-11_Riverstone-Co_invoice_REF-0227.html,1,1,3,1115,0,Seeded modeled result; no desktop or web application executed.
true,false,fixture-0227,sim-local-baseline,1.0.0,3,document_0227.html,2026-11-11_Riverstone-Co_invoice_REF-0227.html,2026-11-11_Riverstone-Co_invoice_REF-0227.html,1,1,3,1025,0,Seeded modeled result; no desktop or web application executed.
true,false,fixture-0227,sim-rule-baseline,1.0.0,1,document_0227.html,2026-11-11_Riverstone-Co_invoice_REF-0227.html,2026-11-11_invoice_REF-0227.html,1,0,3,108,0,Seeded modeled result; no desktop or web application executed.
true,false,fixture-0227,sim-rule-baseline,1.0.0,2,document_0227.html,2026-11-11_Riverstone-Co_invoice_REF-0227.html,2026-11-11_invoice_REF-0227.html,1,0,0,101,0,Seeded modeled result; no desktop or web application executed.
true,false,fixture-0227,sim-rule-baseline,1.0.0,3,document_0227.html,2026-11-11_Riverstone-Co_invoice_REF-0227.html,2026-11-11_invoice_REF-0227.html,1,0,2,110,0,Seeded modeled result; no desktop or web application executed.
true,false,fixture-0228,sim-reference-workflow,1.0.0,1,document_0228.eml,2026-12-12_Bluebird-Health_meeting-notes_REF-0228.eml,2026-12-12_Bluebird-Health_meeting-notes_REF-0228.eml,1,1,3,627,0,Seeded modeled result; no desktop or web application executed.
true,false,fixture-0228,sim-reference-workflow,1.0.0,2,document_0228.eml,2026-12-12_Bluebird-Health_meeting-notes_REF-0228.eml,2026-12-12_Bluebird-Health_meeting-notes_REF-0228.eml,1,1,3,544,0,Seeded modeled result; no desktop or web application executed.
true,false,fixture-0228,sim-reference-workflow,1.0.0,3,document_0228.eml,2026-12-12_Bluebird-Health_meeting-notes_REF-0228.eml,2026-12-12_Bluebird-Health_meeting-notes_REF-0228.eml,1,1,3,427,0,Seeded modeled result; no desktop or web application executed.
true,false,fixture-0228,sim-cloud-baseline,1.0.0,1,document_0228.eml,2026-12-12_Bluebird-Health_meeting-notes_REF-0228.eml,2026-12-12_Bluebird-Health_meeting-notes_REF-0228.eml,1,1,3,604,0,Seeded modeled result; no desktop or web application executed.
true,false,fixture-0228,sim-cloud-baseline,1.0.0,2,document_0228.eml,2026-12-12_Bluebird-Health_meeting-notes_REF-0228.eml,2026-12-12_Bluebird-Health_meeting-notes_REF-0228.eml,1,1,3,674,0,Seeded modeled result; no desktop or web application executed.
true,false,fixture-0228,sim-cloud-baseline,1.0.0,3,document_0228.eml,2026-12-12_Bluebird-Health_meeting-notes_REF-0228.eml,2026-12-12_Bluebird-Health_meeting-notes_REF-0228.eml,1,1,3,751,0,Seeded modeled result; no desktop or web application executed.
true,false,fixture-0228,sim-local-baseline,1.0.0,1,document_0228.eml,2026-12-12_Bluebird-Health_meeting-notes_REF-0228.eml,2026-12-12_Bluebird-Health_meeting-notes_REF-0228.eml,1,1,3,789,0,Seeded modeled result; no desktop or web application executed.
true,false,fixture-0228,sim-local-baseline,1.0.0,2,document_0228.eml,2026-12-12_Bluebird-Health_meeting-notes_REF-0228.eml,2026-12-12_Bluebird-Health_meeting-notes_REF-0228.eml,1,1,3,1144,0,Seeded modeled result; no desktop or web application executed.
true,false,fixture-0228,sim-local-baseline,1.0.0,3,document_0228.eml,2026-12-12_Bluebird-Health_meeting-notes_REF-0228.eml,2026-12-12_Bluebird-Health_meeting-notes_REF-0228.eml,1,1,3,806,0,Seeded modeled result; no desktop or web application executed.
true,false,fixture-0228,sim-rule-baseline,1.0.0,1,document_0228.eml,2026-12-12_Bluebird-Health_meeting-notes_REF-0228.eml,2026-12-12_Bluebird-Health_meeting-notes_REF-0228.eml,1,1,3,81,0,Seeded modeled result; no desktop or web application executed.
true,false,fixture-0228,sim-rule-baseline,1.0.0,2,document_0228.eml,2026-12-12_Bluebird-Health_meeting-notes_REF-0228.eml,2026-12-12_Bluebird-Health_meeting-notes_REF-0228.eml,1,1,3,70,0,Seeded modeled result; no desktop or web application executed.
true,false,fixture-0228,sim-rule-baseline,1.0.0,3,document_0228.eml,2026-12-12_Bluebird-Health_meeting-notes_REF-0228.eml,2026-12-12_meeting-notes_REF-0228.eml,1,0,3,103,0,Seeded modeled result; no desktop or web application executed.
true,false,fixture-0229,sim-reference-workflow,1.0.0,1,document_0229.srt,2026-01-13_Northstar-Studio_invoice_REF-0229.srt,2026-01-13_Northstar-Studio_invoice_REF-0229.srt,1,1,3,556,0,Seeded modeled result; no desktop or web application executed.
true,false,fixture-0229,sim-reference-workflow,1.0.0,2,document_0229.srt,2026-01-13_Northstar-Studio_invoice_REF-0229.srt,2026-01-13_Northstar-Studio_invoice_REF-0229.srt,1,1,3,412,0,Seeded modeled result; no desktop or web application executed.
true,false,fixture-0229,sim-reference-workflow,1.0.0,3,document_0229.srt,2026-01-13_Northstar-Studio_invoice_REF-0229.srt,2026-01-13_Northstar-Studio_invoice_REF-0229.srt,1,1,3,633,0,Seeded modeled result; no desktop or web application executed.
true,false,fixture-0229,sim-cloud-baseline,1.0.0,1,document_0229.srt,2026-01-13_Northstar-Studio_invoice_REF-0229.srt,2026-01-13_Northstar-Studio_invoice_REF-0229.srt,1,1,3,716,0,Seeded modeled result; no desktop or web application executed.
true,false,fixture-0229,sim-cloud-baseline,1.0.0,2,document_0229.srt,2026-01-13_Northstar-Studio_invoice_REF-0229.srt,2026-01-13_invoice_REF-0229.srt,1,0,3,912,0,Seeded modeled result; no desktop or web application executed.
true,false,fixture-0229,sim-cloud-baseline,1.0.0,3,document_0229.srt,2026-01-13_Northstar-Studio_invoice_REF-0229.srt,2026-01-13_Northstar-Studio_invoice_REF-0229.srt,1,1,3,864,0,Seeded modeled result; no desktop or web application executed.
true,false,fixture-0229,sim-local-baseline,1.0.0,1,document_0229.srt,2026-01-13_Northstar-Studio_invoice_REF-0229.srt,2026-01-13_Northstar-Studio_invoice_REF-0229.srt,1,1,3,1181,0,Seeded modeled result; no desktop or web application executed.
true,false,fixture-0229,sim-local-baseline,1.0.0,2,document_0229.srt,2026-01-13_Northstar-Studio_invoice_REF-0229.srt,2026-01-13_Northstar-Studio_invoice_REF-0229.srt,1,1,3,1050,0,Seeded modeled result; no desktop or web application executed.
true,false,fixture-0229,sim-local-baseline,1.0.0,3,document_0229.srt,2026-01-13_Northstar-Studio_invoice_REF-0229.srt,2026-01-13_invoice_REF-0229.srt,1,0,3,1082,0,Seeded modeled result; no desktop or web application executed.
true,false,fixture-0229,sim-rule-baseline,1.0.0,1,document_0229.srt,2026-01-13_Northstar-Studio_invoice_REF-0229.srt,2026-01-13_invoice_REF-0229.srt,1,0,2,107,0,Seeded modeled result; no desktop or web application executed.
true,false,fixture-0229,sim-rule-baseline,1.0.0,2,document_0229.srt,2026-01-13_Northstar-Studio_invoice_REF-0229.srt,2026-01-13_invoice_REF-0229.srt,1,0,0,77,0,Seeded modeled result; no desktop or web application executed.
true,false,fixture-0229,sim-rule-baseline,1.0.0,3,document_0229.srt,2026-01-13_Northstar-Studio_invoice_REF-0229.srt,2026-01-13_invoice_REF-0229.srt,1,0,0,110,0,Seeded modeled result; no desktop or web application executed.
true,false,fixture-0230,sim-reference-workflow,1.0.0,1,document_0230.vtt,2026-02-14_Pinecone-Works_meeting-notes_REF-0230.vtt,2026-02-14_Pinecone-Works_meeting-notes_REF-0230.vtt,1,1,3,456,0,Seeded modeled result; no desktop or web application executed.
true,false,fixture-0230,sim-reference-workflow,1.0.0,2,document_0230.vtt,2026-02-14_Pinecone-Works_meeting-notes_REF-0230.vtt,2026-02-14_Pinecone-Works_meeting-notes_REF-0230.vtt,1,1,3,616,0,Seeded modeled result; no desktop or web application executed.
true,false,fixture-0230,sim-reference-workflow,1.0.0,3,document_0230.vtt,2026-02-14_Pinecone-Works_meeting-notes_REF-0230.vtt,2026-02-14_Pinecone-Works_meeting-notes_REF-0230.vtt,1,1,3,461,0,Seeded modeled result; no desktop or web application executed.
true,false,fixture-0230,sim-cloud-baseline,1.0.0,1,document_0230.vtt,2026-02-14_Pinecone-Works_meeting-notes_REF-0230.vtt,2026-02-14_meeting-notes_REF-0230.vtt,1,0,2,675,0,Seeded modeled result; no desktop or web application executed.
true,false,fixture-0230,sim-cloud-baseline,1.0.0,2,document_0230.vtt,2026-02-14_Pinecone-Works_meeting-notes_REF-0230.vtt,2026-02-14_Pinecone-Works_meeting-notes_REF-0230.vtt,1,1,3,745,0,Seeded modeled result; no desktop or web application executed.
true,false,fixture-0230,sim-cloud-baseline,1.0.0,3,document_0230.vtt,2026-02-14_Pinecone-Works_meeting-notes_REF-0230.vtt,2026-02-14_Pinecone-Works_meeting-notes_REF-0230.vtt,1,1,3,766,0,Seeded modeled result; no desktop or web application executed.
true,false,fixture-0230,sim-local-baseline,1.0.0,1,document_0230.vtt,2026-02-14_Pinecone-Works_meeting-notes_REF-0230.vtt,2026-02-14_Pinecone-Works_meeting-notes_REF-0230.vtt,1,1,3,833,0,Seeded modeled result; no desktop or web application executed.
true,false,fixture-0230,sim-local-baseline,1.0.0,2,document_0230.vtt,2026-02-14_Pinecone-Works_meeting-notes_REF-0230.vtt,2026-02-14_Pinecone-Works_meeting-notes_REF-0230.vtt,0,1,3,1163,1,Seeded modeled result; no desktop or web application executed.
true,false,fixture-0230,sim-local-baseline,1.0.0,3,document_0230.vtt,2026-02-14_Pinecone-Works_meeting-notes_REF-0230.vtt,2026-02-14_Pinecone-Works_meeting-notes_REF-0230.vtt,1,1,3,1165,0,Seeded modeled result; no desktop or web application executed.
true,false,fixture-0230,sim-rule-baseline,1.0.0,1,document_0230.vtt,2026-02-14_Pinecone-Works_meeting-notes_REF-0230.vtt,2026-02-14_Pinecone-Works_meeting-notes_REF-0230.vtt,1,1,3,91,0,Seeded modeled result; no desktop or web application executed.
true,false,fixture-0230,sim-rule-baseline,1.0.0,2,document_0230.vtt,2026-02-14_Pinecone-Works_meeting-notes_REF-0230.vtt,2026-02-14_Pinecone-Works_meeting-notes_REF-0230.vtt,1,1,3,89,0,Seeded modeled result; no desktop or web application executed.
true,false,fixture-0230,sim-rule-baseline,1.0.0,3,document_0230.vtt,2026-02-14_Pinecone-Works_meeting-notes_REF-0230.vtt,2026-02-14_meeting-notes_REF-0230.vtt,1,0,1,80,0,Seeded modeled result; no desktop or web application executed.
true,false,fixture-0231,sim-reference-workflow,1.0.0,1,document_0231.svg,2026-03-15_Acme-Labs_invoice_REF-0231.svg,2026-03-15_Acme-Labs_invoice_REF-0231.svg,1,1,3,607,0,Seeded modeled result; no desktop or web application executed.
true,false,fixture-0231,sim-reference-workflow,1.0.0,2,document_0231.svg,2026-03-15_Acme-Labs_invoice_REF-0231.svg,2026-03-15_Acme-Labs_invoice_REF-0231.svg,1,1,3,438,0,Seeded modeled result; no desktop or web application executed.
true,false,fixture-0231,sim-reference-workflow,1.0.0,3,document_0231.svg,2026-03-15_Acme-Labs_invoice_REF-0231.svg,2026-03-15_Acme-Labs_invoice_REF-0231.svg,1,1,3,583,0,Seeded modeled result; no desktop or web application executed.
true,false,fixture-0231,sim-cloud-baseline,1.0.0,1,document_0231.svg,2026-03-15_Acme-Labs_invoice_REF-0231.svg,2026-03-15_Acme-Labs_invoice_REF-0231.svg,1,1,3,597,0,Seeded modeled result; no desktop or web application executed.
true,false,fixture-0231,sim-cloud-baseline,1.0.0,2,document_0231.svg,2026-03-15_Acme-Labs_invoice_REF-0231.svg,2026-03-15_Acme-Labs_invoice_REF-0231.svg,1,1,3,636,0,Seeded modeled result; no desktop or web application executed.
true,false,fixture-0231,sim-cloud-baseline,1.0.0,3,document_0231.svg,2026-03-15_Acme-Labs_invoice_REF-0231.svg,2026-03-15_invoice_REF-0231.svg,1,0,3,674,0,Seeded modeled result; no desktop or web application executed.
true,false,fixture-0231,sim-local-baseline,1.0.0,1,document_0231.svg,2026-03-15_Acme-Labs_invoice_REF-0231.svg,2026-03-15_invoice_REF-0231.svg,1,0,2,842,0,Seeded modeled result; no desktop or web application executed.
true,false,fixture-0231,sim-local-baseline,1.0.0,2,document_0231.svg,2026-03-15_Acme-Labs_invoice_REF-0231.svg,2026-03-15_Acme-Labs_invoice_REF-0231.svg,1,1,3,1031,0,Seeded modeled result; no desktop or web application executed.
true,false,fixture-0231,sim-local-baseline,1.0.0,3,document_0231.svg,2026-03-15_Acme-Labs_invoice_REF-0231.svg,2026-03-15/invoice:REF-0231.svg,0,0,3,811,0,Seeded modeled result; no desktop or web application executed.
true,false,fixture-0231,sim-rule-baseline,1.0.0,1,document_0231.svg,2026-03-15_Acme-Labs_invoice_REF-0231.svg,2026-03-15_invoice_REF-0231.svg,1,0,1,100,0,Seeded modeled result; no desktop or web application executed.
true,false,fixture-0231,sim-rule-baseline,1.0.0,2,document_0231.svg,2026-03-15_Acme-Labs_invoice_REF-0231.svg,2026-03-15_Acme-Labs_invoice_REF-0231.svg,1,1,3,92,0,Seeded modeled result; no desktop or web application executed.
true,false,fixture-0231,sim-rule-baseline,1.0.0,3,document_0231.svg,2026-03-15_Acme-Labs_invoice_REF-0231.svg,2026-03-15_invoice_REF-0231.svg,1,0,1,111,0,Seeded modeled result; no desktop or web application executed.
true,false,fixture-0232,sim-reference-workflow,1.0.0,1,document_0232.txt,2026-04-16_Riverstone-Co_meeting-notes_REF-0232.txt,2026-04-16_meeting-notes_REF-0232.txt,1,0,3,553,0,Seeded modeled result; no desktop or web application executed.
true,false,fixture-0232,sim-reference-workflow,1.0.0,2,document_0232.txt,2026-04-16_Riverstone-Co_meeting-notes_REF-0232.txt,2026-04-16_Riverstone-Co_meeting-notes_REF-0232.txt,1,1,3,535,0,Seeded modeled result; no desktop or web application executed.
true,false,fixture-0232,sim-reference-workflow,1.0.0,3,document_0232.txt,2026-04-16_Riverstone-Co_meeting-notes_REF-0232.txt,2026-04-16_Riverstone-Co_meeting-notes_REF-0232.txt,1,1,3,456,0,Seeded modeled result; no desktop or web application executed.
true,false,fixture-0232,sim-cloud-baseline,1.0.0,1,document_0232.txt,2026-04-16_Riverstone-Co_meeting-notes_REF-0232.txt,2026-04-16_meeting-notes_REF-0232.txt,1,0,2,698,0,Seeded modeled result; no desktop or web application executed.
true,false,fixture-0232,sim-cloud-baseline,1.0.0,2,document_0232.txt,2026-04-16_Riverstone-Co_meeting-notes_REF-0232.txt,2026-04-16_meeting-notes_REF-0232.txt,1,0,3,653,0,Seeded modeled result; no desktop or web application executed.
true,false,fixture-0232,sim-cloud-baseline,1.0.0,3,document_0232.txt,2026-04-16_Riverstone-Co_meeting-notes_REF-0232.txt,2026-04-16_meeting-notes_REF-0232.txt,1,0,3,853,0,Seeded modeled result; no desktop or web application executed.
true,false,fixture-0232,sim-local-baseline,1.0.0,1,document_0232.txt,2026-04-16_Riverstone-Co_meeting-notes_REF-0232.txt,2026-04-16_Riverstone-Co_meeting-notes_REF-0232.txt,1,1,3,1067,0,Seeded modeled result; no desktop or web application executed.
true,false,fixture-0232,sim-local-baseline,1.0.0,2,document_0232.txt,2026-04-16_Riverstone-Co_meeting-notes_REF-0232.txt,2026-04-16_meeting-notes_REF-0232.txt,1,0,0,1144,0,Seeded modeled result; no desktop or web application executed.
true,false,fixture-0232,sim-local-baseline,1.0.0,3,document_0232.txt,2026-04-16_Riverstone-Co_meeting-notes_REF-0232.txt,2026-04-16_Riverstone-Co_meeting-notes_REF-0232.txt,1,1,3,807,0,Seeded modeled result; no desktop or web application executed.
true,false,fixture-0232,sim-rule-baseline,1.0.0,1,document_0232.txt,2026-04-16_Riverstone-Co_meeting-notes_REF-0232.txt,2026-04-16_meeting-notes_REF-0232.txt,1,0,0,92,0,Seeded modeled result; no desktop or web application executed.
true,false,fixture-0232,sim-rule-baseline,1.0.0,2,document_0232.txt,2026-04-16_Riverstone-Co_meeting-notes_REF-0232.txt,2026-04-16_meeting-notes_REF-0232.txt,1,0,0,104,0,Seeded modeled result; no desktop or web application executed.
true,false,fixture-0232,sim-rule-baseline,1.0.0,3,document_0232.txt,2026-04-16_Riverstone-Co_meeting-notes_REF-0232.txt,2026-04-16_meeting-notes_REF-0232.txt,1,0,1,74,0,Seeded modeled result; no desktop or web application executed.
true,false,fixture-0233,sim-reference-workflow,1.0.0,1,document_0233.md,2026-05-17_Bluebird-Health_invoice_REF-0233.md,2026-05-17_Bluebird-Health_invoice_REF-0233.md,1,1,3,646,0,Seeded modeled result; no desktop or web application executed.
true,false,fixture-0233,sim-reference-workflow,1.0.0,2,document_0233.md,2026-05-17_Bluebird-Health_invoice_REF-0233.md,2026-05-17_Bluebird-Health_invoice_REF-0233.md,1,1,3,457,0,Seeded modeled result; no desktop or web application executed.
true,false,fixture-0233,sim-reference-workflow,1.0.0,3,document_0233.md,2026-05-17_Bluebird-Health_invoice_REF-0233.md,2026-05-17_Bluebird-Health_invoice_REF-0233.md,1,1,3,617,0,Seeded modeled result; no desktop or web application executed.
true,false,fixture-0233,sim-cloud-baseline,1.0.0,1,document_0233.md,2026-05-17_Bluebird-Health_invoice_REF-0233.md,2026-05-17_Bluebird-Health_invoice_REF-0233.md,1,1,3,555,0,Seeded modeled result; no desktop or web application executed.
true,false,fixture-0233,sim-cloud-baseline,1.0.0,2,document_0233.md,2026-05-17_Bluebird-Health_invoice_REF-0233.md,2026-05-17_invoice_REF-0233.md,1,0,3,811,0,Seeded modeled result; no desktop or web application executed.
true,false,fixture-0233,sim-cloud-baseline,1.0.0,3,document_0233.md,2026-05-17_Bluebird-Health_invoice_REF-0233.md,2026-05-17_Bluebird-Health_invoice_REF-0233.md,1,1,3,717,0,Seeded modeled result; no desktop or web application executed.
true,false,fixture-0233,sim-local-baseline,1.0.0,1,document_0233.md,2026-05-17_Bluebird-Health_invoice_REF-0233.md,2026-05-17_Bluebird-Health_invoice_REF-0233.md,1,1,3,992,0,Seeded modeled result; no desktop or web application executed.
true,false,fixture-0233,sim-local-baseline,1.0.0,2,document_0233.md,2026-05-17_Bluebird-Health_invoice_REF-0233.md,2026-05-17_Bluebird-Health_invoice_REF-0233.md,1,1,3,1142,0,Seeded modeled result; no desktop or web application executed.
true,false,fixture-0233,sim-local-baseline,1.0.0,3,document_0233.md,2026-05-17_Bluebird-Health_invoice_REF-0233.md,2026-05-17_Bluebird-Health_invoice_REF-0233.md,1,1,3,1049,0,Seeded modeled result; no desktop or web application executed.
true,false,fixture-0233,sim-rule-baseline,1.0.0,1,document_0233.md,2026-05-17_Bluebird-Health_invoice_REF-0233.md,2026-05-17_invoice_REF-0233.md,1,0,1,89,0,Seeded modeled result; no desktop or web application executed.
true,false,fixture-0233,sim-rule-baseline,1.0.0,2,document_0233.md,2026-05-17_Bluebird-Health_invoice_REF-0233.md,2026-05-17_invoice_REF-0233.md,1,0,2,111,0,Seeded modeled result; no desktop or web application executed.
true,false,fixture-0233,sim-rule-baseline,1.0.0,3,document_0233.md,2026-05-17_Bluebird-Health_invoice_REF-0233.md,2026-05-17_invoice_REF-0233.md,1,0,1,89,0,Seeded modeled result; no desktop or web application executed.
true,false,fixture-0234,sim-reference-workflow,1.0.0,1,document_0234.csv,2026-06-18_Northstar-Studio_meeting-notes_REF-0234.csv,2026-06-18_Northstar-Studio_meeting-notes_REF-0234.csv,1,1,3,492,0,Seeded modeled result; no desktop or web application executed.
true,false,fixture-0234,sim-reference-workflow,1.0.0,2,document_0234.csv,2026-06-18_Northstar-Studio_meeting-notes_REF-0234.csv,2026-06-18_Northstar-Studio_meeting-notes_REF-0234.csv,1,1,3,517,0,Seeded modeled result; no desktop or web application executed.
true,false,fixture-0234,sim-reference-workflow,1.0.0,3,document_0234.csv,2026-06-18_Northstar-Studio_meeting-notes_REF-0234.csv,2026-06-18_Northstar-Studio_meeting-notes_REF-0234.csv,1,1,3,628,0,Seeded modeled result; no desktop or web application executed.
true,false,fixture-0234,sim-cloud-baseline,1.0.0,1,document_0234.csv,2026-06-18_Northstar-Studio_meeting-notes_REF-0234.csv,2026-06-18_Northstar-Studio_meeting-notes_REF-0234.csv,1,1,3,921,0,Seeded modeled result; no desktop or web application executed.
true,false,fixture-0234,sim-cloud-baseline,1.0.0,2,document_0234.csv,2026-06-18_Northstar-Studio_meeting-notes_REF-0234.csv,2026-06-18_Northstar-Studio_meeting-notes_REF-0234.csv,1,1,3,603,0,Seeded modeled result; no desktop or web application executed.
true,false,fixture-0234,sim-cloud-baseline,1.0.0,3,document_0234.csv,2026-06-18_Northstar-Studio_meeting-notes_REF-0234.csv,2026-06-18_Northstar-Studio_meeting-notes_REF-0234.csv,1,1,3,574,0,Seeded modeled result; no desktop or web application executed.
true,false,fixture-0234,sim-local-baseline,1.0.0,1,document_0234.csv,2026-06-18_Northstar-Studio_meeting-notes_REF-0234.csv,2026-06-18_meeting-notes_REF-0234.csv,1,0,2,1148,0,Seeded modeled result; no desktop or web application executed.
true,false,fixture-0234,sim-local-baseline,1.0.0,2,document_0234.csv,2026-06-18_Northstar-Studio_meeting-notes_REF-0234.csv,2026-06-18_Northstar-Studio_meeting-notes_REF-0234.csv,1,1,3,742,0,Seeded modeled result; no desktop or web application executed.
true,false,fixture-0234,sim-local-baseline,1.0.0,3,document_0234.csv,2026-06-18_Northstar-Studio_meeting-notes_REF-0234.csv,2026-06-18_Northstar-Studio_meeting-notes_REF-0234.csv,1,1,3,1103,0,Seeded modeled result; no desktop or web application executed.
true,false,fixture-0234,sim-rule-baseline,1.0.0,1,document_0234.csv,2026-06-18_Northstar-Studio_meeting-notes_REF-0234.csv,2026-06-18_meeting-notes_REF-0234.csv,1,0,1,97,0,Seeded modeled result; no desktop or web application executed.
true,false,fixture-0234,sim-rule-baseline,1.0.0,2,document_0234.csv,2026-06-18_Northstar-Studio_meeting-notes_REF-0234.csv,2026-06-18_meeting-notes_REF-0234.csv,1,0,1,87,0,Seeded modeled result; no desktop or web application executed.
true,false,fixture-0234,sim-rule-baseline,1.0.0,3,document_0234.csv,2026-06-18_Northstar-Studio_meeting-notes_REF-0234.csv,2026-06-18_meeting-notes_REF-0234.csv,1,0,2,110,0,Seeded modeled result; no desktop or web application executed.
true,false,fixture-0235,sim-reference-workflow,1.0.0,1,document_0235.json,2026-07-19_Pinecone-Works_invoice_REF-0235.json,2026-07-19_Pinecone-Works_invoice_REF-0235.json,1,1,3,640,0,Seeded modeled result; no desktop or web application executed.
true,false,fixture-0235,sim-reference-workflow,1.0.0,2,document_0235.json,2026-07-19_Pinecone-Works_invoice_REF-0235.json,2026-07-19_Pinecone-Works_invoice_REF-0235.json,1,1,3,443,0,Seeded modeled result; no desktop or web application executed.
true,false,fixture-0235,sim-reference-workflow,1.0.0,3,document_0235.json,2026-07-19_Pinecone-Works_invoice_REF-0235.json,2026-07-19_Pinecone-Works_invoice_REF-0235.json,1,1,3,618,0,Seeded modeled result; no desktop or web application executed.
true,false,fixture-0235,sim-cloud-baseline,1.0.0,1,document_0235.json,2026-07-19_Pinecone-Works_invoice_REF-0235.json,2026-07-19_Pinecone-Works_invoice_REF-0235.json,1,1,3,638,0,Seeded modeled result; no desktop or web application executed.
true,false,fixture-0235,sim-cloud-baseline,1.0.0,2,document_0235.json,2026-07-19_Pinecone-Works_invoice_REF-0235.json,2026-07-19_Pinecone-Works_invoice_REF-0235.json,1,1,3,654,0,Seeded modeled result; no desktop or web application executed.
true,false,fixture-0235,sim-cloud-baseline,1.0.0,3,document_0235.json,2026-07-19_Pinecone-Works_invoice_REF-0235.json,2026-07-19_Pinecone-Works_invoice_REF-0235.json,1,1,3,851,0,Seeded modeled result; no desktop or web application executed.
true,false,fixture-0235,sim-local-baseline,1.0.0,1,document_0235.json,2026-07-19_Pinecone-Works_invoice_REF-0235.json,2026-07-19_Pinecone-Works_invoice_REF-0235.json,1,1,3,1214,0,Seeded modeled result; no desktop or web application executed.
true,false,fixture-0235,sim-local-baseline,1.0.0,2,document_0235.json,2026-07-19_Pinecone-Works_invoice_REF-0235.json,2026-07-19_Pinecone-Works_invoice_REF-0235.json,1,1,3,788,0,Seeded modeled result; no desktop or web application executed.
true,false,fixture-0235,sim-local-baseline,1.0.0,3,document_0235.json,2026-07-19_Pinecone-Works_invoice_REF-0235.json,2026-07-19_invoice_REF-0235.json,1,0,0,770,0,Seeded modeled result; no desktop or web application executed.
true,false,fixture-0235,sim-rule-baseline,1.0.0,1,document_0235.json,2026-07-19_Pinecone-Works_invoice_REF-0235.json,2026-07-19_invoice_REF-0235.json,1,0,2,91,0,Seeded modeled result; no desktop or web application executed.
true,false,fixture-0235,sim-rule-baseline,1.0.0,2,document_0235.json,2026-07-19_Pinecone-Works_invoice_REF-0235.json,2026-07-19_invoice_REF-0235.json,1,0,2,93,0,Seeded modeled result; no desktop or web application executed.
true,false,fixture-0235,sim-rule-baseline,1.0.0,3,document_0235.json,2026-07-19_Pinecone-Works_invoice_REF-0235.json,2026-07-19_invoice_REF-0235.json,1,0,2,112,0,Seeded modeled result; no desktop or web application executed.
true,false,fixture-0236,sim-reference-workflow,1.0.0,1,document_0236.xml,2026-08-20_Acme-Labs_meeting-notes_REF-0236.xml,2026-08-20_Acme-Labs_meeting-notes_REF-0236.xml,1,1,3,526,0,Seeded modeled result; no desktop or web application executed.
true,false,fixture-0236,sim-reference-workflow,1.0.0,2,document_0236.xml,2026-08-20_Acme-Labs_meeting-notes_REF-0236.xml,2026-08-20_Acme-Labs_meeting-notes_REF-0236.xml,1,1,3,411,0,Seeded modeled result; no desktop or web application executed.
true,false,fixture-0236,sim-reference-workflow,1.0.0,3,document_0236.xml,2026-08-20_Acme-Labs_meeting-notes_REF-0236.xml,2026-08-20_meeting-notes_REF-0236.xml,1,0,3,506,0,Seeded modeled result; no desktop or web application executed.
true,false,fixture-0236,sim-cloud-baseline,1.0.0,1,document_0236.xml,2026-08-20_Acme-Labs_meeting-notes_REF-0236.xml,2026-08-20_meeting-notes_REF-0236.xml,1,0,3,653,0,Seeded modeled result; no desktop or web application executed.
true,false,fixture-0236,sim-cloud-baseline,1.0.0,2,document_0236.xml,2026-08-20_Acme-Labs_meeting-notes_REF-0236.xml,2026-08-20_Acme-Labs_meeting-notes_REF-0236.xml,1,1,3,590,0,Seeded modeled result; no desktop or web application executed.
true,false,fixture-0236,sim-cloud-baseline,1.0.0,3,document_0236.xml,2026-08-20_Acme-Labs_meeting-notes_REF-0236.xml,2026-08-20_Acme-Labs_meeting-notes_REF-0236.xml,1,1,3,673,0,Seeded modeled result; no desktop or web application executed.
true,false,fixture-0236,sim-local-baseline,1.0.0,1,document_0236.xml,2026-08-20_Acme-Labs_meeting-notes_REF-0236.xml,2026-08-20_meeting-notes_REF-0236.xml,1,0,3,817,0,Seeded modeled result; no desktop or web application executed.
true,false,fixture-0236,sim-local-baseline,1.0.0,2,document_0236.xml,2026-08-20_Acme-Labs_meeting-notes_REF-0236.xml,2026-08-20_Acme-Labs_meeting-notes_REF-0236.xml,1,1,3,794,0,Seeded modeled result; no desktop or web application executed.
true,false,fixture-0236,sim-local-baseline,1.0.0,3,document_0236.xml,2026-08-20_Acme-Labs_meeting-notes_REF-0236.xml,2026-08-20_meeting-notes_REF-0236.xml,1,0,2,1131,0,Seeded modeled result; no desktop or web application executed.
true,false,fixture-0236,sim-rule-baseline,1.0.0,1,document_0236.xml,2026-08-20_Acme-Labs_meeting-notes_REF-0236.xml,2026-08-20_meeting-notes_REF-0236.xml,1,0,2,111,0,Seeded modeled result; no desktop or web application executed.
true,false,fixture-0236,sim-rule-baseline,1.0.0,2,document_0236.xml,2026-08-20_Acme-Labs_meeting-notes_REF-0236.xml,2026-08-20_meeting-notes_REF-0236.xml,1,0,2,78,0,Seeded modeled result; no desktop or web application executed.
true,false,fixture-0236,sim-rule-baseline,1.0.0,3,document_0236.xml,2026-08-20_Acme-Labs_meeting-notes_REF-0236.xml,2026-08-20_meeting-notes_REF-0236.xml,1,0,2,82,0,Seeded modeled result; no desktop or web application executed.
true,false,fixture-0237,sim-reference-workflow,1.0.0,1,document_0237.yaml,2026-09-21_Riverstone-Co_invoice_REF-0237.yaml,2026-09-21_Riverstone-Co_invoice_REF-0237.yaml,1,1,3,642,0,Seeded modeled result; no desktop or web application executed.
true,false,fixture-0237,sim-reference-workflow,1.0.0,2,document_0237.yaml,2026-09-21_Riverstone-Co_invoice_REF-0237.yaml,2026-09-21_Riverstone-Co_invoice_REF-0237.yaml,1,1,3,404,0,Seeded modeled result; no desktop or web application executed.
true,false,fixture-0237,sim-reference-workflow,1.0.0,3,document_0237.yaml,2026-09-21_Riverstone-Co_invoice_REF-0237.yaml,2026-09-21_Riverstone-Co_invoice_REF-0237.yaml,1,1,3,593,0,Seeded modeled result; no desktop or web application executed.
true,false,fixture-0237,sim-cloud-baseline,1.0.0,1,document_0237.yaml,2026-09-21_Riverstone-Co_invoice_REF-0237.yaml,2026-09-21_Riverstone-Co_invoice_REF-0237.yaml,1,1,3,702,0,Seeded modeled result; no desktop or web application executed.
true,false,fixture-0237,sim-cloud-baseline,1.0.0,2,document_0237.yaml,2026-09-21_Riverstone-Co_invoice_REF-0237.yaml,2026-09-21_Riverstone-Co_invoice_REF-0237.yaml,1,1,3,752,0,Seeded modeled result; no desktop or web application executed.
true,false,fixture-0237,sim-cloud-baseline,1.0.0,3,document_0237.yaml,2026-09-21_Riverstone-Co_invoice_REF-0237.yaml,2026-09-21_Riverstone-Co_invoice_REF-0237.yaml,1,1,3,573,0,Seeded modeled result; no desktop or web application executed.
true,false,fixture-0237,sim-local-baseline,1.0.0,1,document_0237.yaml,2026-09-21_Riverstone-Co_invoice_REF-0237.yaml,2026-09-21_Riverstone-Co_invoice_REF-0237.yaml,1,1,3,1041,0,Seeded modeled result; no desktop or web application executed.
true,false,fixture-0237,sim-local-baseline,1.0.0,2,document_0237.yaml,2026-09-21_Riverstone-Co_invoice_REF-0237.yaml,2026-09-21_Riverstone-Co_invoice_REF-0237.yaml,1,1,3,881,0,Seeded modeled result; no desktop or web application executed.
true,false,fixture-0237,sim-local-baseline,1.0.0,3,document_0237.yaml,2026-09-21_Riverstone-Co_invoice_REF-0237.yaml,2026-09-21_invoice_REF-0237.yaml,1,0,2,892,0,Seeded modeled result; no desktop or web application executed.
true,false,fixture-0237,sim-rule-baseline,1.0.0,1,document_0237.yaml,2026-09-21_Riverstone-Co_invoice_REF-0237.yaml,2026-09-21_invoice_REF-0237.yaml,1,0,1,94,0,Seeded modeled result; no desktop or web application executed.
true,false,fixture-0237,sim-rule-baseline,1.0.0,2,document_0237.yaml,2026-09-21_Riverstone-Co_invoice_REF-0237.yaml,2026-09-21_invoice_REF-0237.yaml,1,0,0,99,0,Seeded modeled result; no desktop or web application executed.
true,false,fixture-0237,sim-rule-baseline,1.0.0,3,document_0237.yaml,2026-09-21_Riverstone-Co_invoice_REF-0237.yaml,2026-09-21_invoice_REF-0237.yaml,1,0,1,112,0,Seeded modeled result; no desktop or web application executed.
true,false,fixture-0238,sim-reference-workflow,1.0.0,1,document_0238.html,2026-10-22_Bluebird-Health_meeting-notes_REF-0238.html,2026-10-22_meeting-notes_REF-0238.html,1,0,3,503,0,Seeded modeled result; no desktop or web application executed.
true,false,fixture-0238,sim-reference-workflow,1.0.0,2,document_0238.html,2026-10-22_Bluebird-Health_meeting-notes_REF-0238.html,2026-10-22_meeting-notes_REF-0238.html,1,0,3,517,0,Seeded modeled result; no desktop or web application executed.
true,false,fixture-0238,sim-reference-workflow,1.0.0,3,document_0238.html,2026-10-22_Bluebird-Health_meeting-notes_REF-0238.html,2026-10-22_Bluebird-Health_meeting-notes_REF-0238.html,1,1,3,585,0,Seeded modeled result; no desktop or web application executed.
true,false,fixture-0238,sim-cloud-baseline,1.0.0,1,document_0238.html,2026-10-22_Bluebird-Health_meeting-notes_REF-0238.html,2026-10-22_Bluebird-Health_meeting-notes_REF-0238.html,1,1,3,805,0,Seeded modeled result; no desktop or web application executed.
true,false,fixture-0238,sim-cloud-baseline,1.0.0,2,document_0238.html,2026-10-22_Bluebird-Health_meeting-notes_REF-0238.html,2026-10-22_meeting-notes_REF-0238.html,1,0,2,570,0,Seeded modeled result; no desktop or web application executed.
true,false,fixture-0238,sim-cloud-baseline,1.0.0,3,document_0238.html,2026-10-22_Bluebird-Health_meeting-notes_REF-0238.html,2026-10-22_meeting-notes_REF-0238.html,1,0,3,577,0,Seeded modeled result; no desktop or web application executed.
true,false,fixture-0238,sim-local-baseline,1.0.0,1,document_0238.html,2026-10-22_Bluebird-Health_meeting-notes_REF-0238.html,2026-10-22_meeting-notes_REF-0238.html,1,0,1,965,0,Seeded modeled result; no desktop or web application executed.
true,false,fixture-0238,sim-local-baseline,1.0.0,2,document_0238.html,2026-10-22_Bluebird-Health_meeting-notes_REF-0238.html,2026-10-22_Bluebird-Health_meeting-notes_REF-0238.html,0,1,3,1207,1,Seeded modeled result; no desktop or web application executed.
true,false,fixture-0238,sim-local-baseline,1.0.0,3,document_0238.html,2026-10-22_Bluebird-Health_meeting-notes_REF-0238.html,2026-10-22_Bluebird-Health_meeting-notes_REF-0238.html,1,1,3,815,0,Seeded modeled result; no desktop or web application executed.
true,false,fixture-0238,sim-rule-baseline,1.0.0,1,document_0238.html,2026-10-22_Bluebird-Health_meeting-notes_REF-0238.html,2026-10-22_meeting-notes_REF-0238.html,1,0,2,112,0,Seeded modeled result; no desktop or web application executed.
true,false,fixture-0238,sim-rule-baseline,1.0.0,2,document_0238.html,2026-10-22_Bluebird-Health_meeting-notes_REF-0238.html,2026-10-22_Bluebird-Health_meeting-notes_REF-0238.html,1,1,3,108,0,Seeded modeled result; no desktop or web application executed.
true,false,fixture-0238,sim-rule-baseline,1.0.0,3,document_0238.html,2026-10-22_Bluebird-Health_meeting-notes_REF-0238.html,2026-10-22_meeting-notes_REF-0238.html,1,0,0,89,0,Seeded modeled result; no desktop or web application executed.
true,false,fixture-0239,sim-reference-workflow,1.0.0,1,document_0239.eml,2026-11-23_Northstar-Studio_invoice_REF-0239.eml,2026-11-23_Northstar-Studio_invoice_REF-0239.eml,1,1,3,535,0,Seeded modeled result; no desktop or web application executed.
true,false,fixture-0239,sim-reference-workflow,1.0.0,2,document_0239.eml,2026-11-23_Northstar-Studio_invoice_REF-0239.eml,2026-11-23_invoice_REF-0239.eml,1,0,3,448,0,Seeded modeled result; no desktop or web application executed.
true,false,fixture-0239,sim-reference-workflow,1.0.0,3,document_0239.eml,2026-11-23_Northstar-Studio_invoice_REF-0239.eml,2026-11-23_Northstar-Studio_invoice_REF-0239.eml,1,1,3,586,0,Seeded modeled result; no desktop or web application executed.
true,false,fixture-0239,sim-cloud-baseline,1.0.0,1,document_0239.eml,2026-11-23_Northstar-Studio_invoice_REF-0239.eml,2026-11-23_Northstar-Studio_invoice_REF-0239.eml,1,1,3,921,0,Seeded modeled result; no desktop or web application executed.
true,false,fixture-0239,sim-cloud-baseline,1.0.0,2,document_0239.eml,2026-11-23_Northstar-Studio_invoice_REF-0239.eml,2026-11-23_Northstar-Studio_invoice_REF-0239.eml,1,1,3,888,0,Seeded modeled result; no desktop or web application executed.
true,false,fixture-0239,sim-cloud-baseline,1.0.0,3,document_0239.eml,2026-11-23_Northstar-Studio_invoice_REF-0239.eml,2026-11-23_Northstar-Studio_invoice_REF-0239.eml,1,1,3,733,0,Seeded modeled result; no desktop or web application executed.
true,false,fixture-0239,sim-local-baseline,1.0.0,1,document_0239.eml,2026-11-23_Northstar-Studio_invoice_REF-0239.eml,2026-11-23_invoice_REF-0239.eml,1,0,2,859,0,Seeded modeled result; no desktop or web application executed.
true,false,fixture-0239,sim-local-baseline,1.0.0,2,document_0239.eml,2026-11-23_Northstar-Studio_invoice_REF-0239.eml,2026-11-23_invoice_REF-0239.eml,1,0,3,1038,0,Seeded modeled result; no desktop or web application executed.
true,false,fixture-0239,sim-local-baseline,1.0.0,3,document_0239.eml,2026-11-23_Northstar-Studio_invoice_REF-0239.eml,2026-11-23_invoice_REF-0239.eml,1,0,1,833,0,Seeded modeled result; no desktop or web application executed.
true,false,fixture-0239,sim-rule-baseline,1.0.0,1,document_0239.eml,2026-11-23_Northstar-Studio_invoice_REF-0239.eml,2026-11-23_invoice_REF-0239.eml,1,0,2,85,0,Seeded modeled result; no desktop or web application executed.
true,false,fixture-0239,sim-rule-baseline,1.0.0,2,document_0239.eml,2026-11-23_Northstar-Studio_invoice_REF-0239.eml,2026-11-23_invoice_REF-0239.eml,1,0,0,102,0,Seeded modeled result; no desktop or web application executed.
true,false,fixture-0239,sim-rule-baseline,1.0.0,3,document_0239.eml,2026-11-23_Northstar-Studio_invoice_REF-0239.eml,2026-11-23_invoice_REF-0239.eml,1,0,2,82,0,Seeded modeled result; no desktop or web application executed.
true,false,fixture-0240,sim-reference-workflow,1.0.0,1,document_0240.srt,2026-12-24_Pinecone-Works_meeting-notes_REF-0240.srt,2026-12-24_Pinecone-Works_meeting-notes_REF-0240.srt,1,1,3,439,0,Seeded modeled result; no desktop or web application executed.
true,false,fixture-0240,sim-reference-workflow,1.0.0,2,document_0240.srt,2026-12-24_Pinecone-Works_meeting-notes_REF-0240.srt,2026-12-24_Pinecone-Works_meeting-notes_REF-0240.srt,1,1,3,482,0,Seeded modeled result; no desktop or web application executed.
true,false,fixture-0240,sim-reference-workflow,1.0.0,3,document_0240.srt,2026-12-24_Pinecone-Works_meeting-notes_REF-0240.srt,2026-12-24_Pinecone-Works_meeting-notes_REF-0240.srt,1,1,3,485,0,Seeded modeled result; no desktop or web application executed.
true,false,fixture-0240,sim-cloud-baseline,1.0.0,1,document_0240.srt,2026-12-24_Pinecone-Works_meeting-notes_REF-0240.srt,2026-12-24_meeting-notes_REF-0240.srt,1,0,3,791,0,Seeded modeled result; no desktop or web application executed.
true,false,fixture-0240,sim-cloud-baseline,1.0.0,2,document_0240.srt,2026-12-24_Pinecone-Works_meeting-notes_REF-0240.srt,2026-12-24_meeting-notes_REF-0240.srt,1,0,0,607,0,Seeded modeled result; no desktop or web application executed.
true,false,fixture-0240,sim-cloud-baseline,1.0.0,3,document_0240.srt,2026-12-24_Pinecone-Works_meeting-notes_REF-0240.srt,2026-12-24_meeting-notes_REF-0240.srt,1,0,3,796,0,Seeded modeled result; no desktop or web application executed.
true,false,fixture-0240,sim-local-baseline,1.0.0,1,document_0240.srt,2026-12-24_Pinecone-Works_meeting-notes_REF-0240.srt,2026-12-24_Pinecone-Works_meeting-notes_REF-0240.srt,0,1,3,916,1,Seeded modeled result; no desktop or web application executed.
true,false,fixture-0240,sim-local-baseline,1.0.0,2,document_0240.srt,2026-12-24_Pinecone-Works_meeting-notes_REF-0240.srt,2026-12-24_Pinecone-Works_meeting-notes_REF-0240.srt,1,1,3,803,0,Seeded modeled result; no desktop or web application executed.
true,false,fixture-0240,sim-local-baseline,1.0.0,3,document_0240.srt,2026-12-24_Pinecone-Works_meeting-notes_REF-0240.srt,2026-12-24_meeting-notes_REF-0240.srt,1,0,1,1195,0,Seeded modeled result; no desktop or web application executed.
true,false,fixture-0240,sim-rule-baseline,1.0.0,1,document_0240.srt,2026-12-24_Pinecone-Works_meeting-notes_REF-0240.srt,2026-12-24_meeting-notes_REF-0240.srt,1,0,2,86,0,Seeded modeled result; no desktop or web application executed.
true,false,fixture-0240,sim-rule-baseline,1.0.0,2,document_0240.srt,2026-12-24_Pinecone-Works_meeting-notes_REF-0240.srt,2026-12-24_Pinecone-Works_meeting-notes_REF-0240.srt,1,1,3,75,0,Seeded modeled result; no desktop or web application executed.
true,false,fixture-0240,sim-rule-baseline,1.0.0,3,document_0240.srt,2026-12-24_Pinecone-Works_meeting-notes_REF-0240.srt,2026-12-24_meeting-notes_REF-0240.srt,1,0,1,105,0,Seeded modeled result; no desktop or web application executed.
true,false,fixture-0241,sim-reference-workflow,1.0.0,1,document_0241.vtt,2026-01-25_Acme-Labs_invoice_REF-0241.vtt,2026-01-25_Acme-Labs_invoice_REF-0241.vtt,1,1,3,543,0,Seeded modeled result; no desktop or web application executed.
true,false,fixture-0241,sim-reference-workflow,1.0.0,2,document_0241.vtt,2026-01-25_Acme-Labs_invoice_REF-0241.vtt,2026-01-25_Acme-Labs_invoice_REF-0241.vtt,1,1,3,456,0,Seeded modeled result; no desktop or web application executed.
true,false,fixture-0241,sim-reference-workflow,1.0.0,3,document_0241.vtt,2026-01-25_Acme-Labs_invoice_REF-0241.vtt,2026-01-25_Acme-Labs_invoice_REF-0241.vtt,1,1,3,479,0,Seeded modeled result; no desktop or web application executed.
true,false,fixture-0241,sim-cloud-baseline,1.0.0,1,document_0241.vtt,2026-01-25_Acme-Labs_invoice_REF-0241.vtt,2026-01-25_Acme-Labs_invoice_REF-0241.vtt,1,1,3,909,0,Seeded modeled result; no desktop or web application executed.
true,false,fixture-0241,sim-cloud-baseline,1.0.0,2,document_0241.vtt,2026-01-25_Acme-Labs_invoice_REF-0241.vtt,2026-01-25_Acme-Labs_invoice_REF-0241.vtt,1,1,3,901,0,Seeded modeled result; no desktop or web application executed.
true,false,fixture-0241,sim-cloud-baseline,1.0.0,3,document_0241.vtt,2026-01-25_Acme-Labs_invoice_REF-0241.vtt,2026-01-25_Acme-Labs_invoice_REF-0241.vtt,1,1,3,765,0,Seeded modeled result; no desktop or web application executed.
true,false,fixture-0241,sim-local-baseline,1.0.0,1,document_0241.vtt,2026-01-25_Acme-Labs_invoice_REF-0241.vtt,2026-01-25_Acme-Labs_invoice_REF-0241.vtt,1,1,3,1020,0,Seeded modeled result; no desktop or web application executed.
true,false,fixture-0241,sim-local-baseline,1.0.0,2,document_0241.vtt,2026-01-25_Acme-Labs_invoice_REF-0241.vtt,2026-01-25_Acme-Labs_invoice_REF-0241.vtt,1,1,3,1077,0,Seeded modeled result; no desktop or web application executed.
true,false,fixture-0241,sim-local-baseline,1.0.0,3,document_0241.vtt,2026-01-25_Acme-Labs_invoice_REF-0241.vtt,2026-01-25_Acme-Labs_invoice_REF-0241.vtt,1,1,3,1162,0,Seeded modeled result; no desktop or web application executed.
true,false,fixture-0241,sim-rule-baseline,1.0.0,1,document_0241.vtt,2026-01-25_Acme-Labs_invoice_REF-0241.vtt,2026-01-25_invoice_REF-0241.vtt,1,0,0,101,0,Seeded modeled result; no desktop or web application executed.
true,false,fixture-0241,sim-rule-baseline,1.0.0,2,document_0241.vtt,2026-01-25_Acme-Labs_invoice_REF-0241.vtt,2026-01-25_invoice_REF-0241.vtt,1,0,1,80,0,Seeded modeled result; no desktop or web application executed.
true,false,fixture-0241,sim-rule-baseline,1.0.0,3,document_0241.vtt,2026-01-25_Acme-Labs_invoice_REF-0241.vtt,2026-01-25_Acme-Labs_invoice_REF-0241.vtt,1,1,3,107,0,Seeded modeled result; no desktop or web application executed.
true,false,fixture-0242,sim-reference-workflow,1.0.0,1,document_0242.svg,2026-02-26_Riverstone-Co_meeting-notes_REF-0242.svg,2026-02-26_Riverstone-Co_meeting-notes_REF-0242.svg,1,1,3,490,0,Seeded modeled result; no desktop or web application executed.
true,false,fixture-0242,sim-reference-workflow,1.0.0,2,document_0242.svg,2026-02-26_Riverstone-Co_meeting-notes_REF-0242.svg,2026-02-26_meeting-notes_REF-0242.svg,1,0,2,417,0,Seeded modeled result; no desktop or web application executed.
true,false,fixture-0242,sim-reference-workflow,1.0.0,3,document_0242.svg,2026-02-26_Riverstone-Co_meeting-notes_REF-0242.svg,2026-02-26_Riverstone-Co_meeting-notes_REF-0242.svg,1,1,3,444,0,Seeded modeled result; no desktop or web application executed.
true,false,fixture-0242,sim-cloud-baseline,1.0.0,1,document_0242.svg,2026-02-26_Riverstone-Co_meeting-notes_REF-0242.svg,2026-02-26_Riverstone-Co_meeting-notes_REF-0242.svg,1,1,3,606,0,Seeded modeled result; no desktop or web application executed.
true,false,fixture-0242,sim-cloud-baseline,1.0.0,2,document_0242.svg,2026-02-26_Riverstone-Co_meeting-notes_REF-0242.svg,2026-02-26_Riverstone-Co_meeting-notes_REF-0242.svg,1,1,3,765,0,Seeded modeled result; no desktop or web application executed.
true,false,fixture-0242,sim-cloud-baseline,1.0.0,3,document_0242.svg,2026-02-26_Riverstone-Co_meeting-notes_REF-0242.svg,2026-02-26_Riverstone-Co_meeting-notes_REF-0242.svg,1,1,3,618,0,Seeded modeled result; no desktop or web application executed.
true,false,fixture-0242,sim-local-baseline,1.0.0,1,document_0242.svg,2026-02-26_Riverstone-Co_meeting-notes_REF-0242.svg,2026-02-26_Riverstone-Co_meeting-notes_REF-0242.svg,1,1,3,1170,0,Seeded modeled result; no desktop or web application executed.
true,false,fixture-0242,sim-local-baseline,1.0.0,2,document_0242.svg,2026-02-26_Riverstone-Co_meeting-notes_REF-0242.svg,2026-02-26_meeting-notes_REF-0242.svg,1,0,3,1192,0,Seeded modeled result; no desktop or web application executed.
true,false,fixture-0242,sim-local-baseline,1.0.0,3,document_0242.svg,2026-02-26_Riverstone-Co_meeting-notes_REF-0242.svg,2026-02-26_Riverstone-Co_meeting-notes_REF-0242.svg,1,1,3,1078,0,Seeded modeled result; no desktop or web application executed.
true,false,fixture-0242,sim-rule-baseline,1.0.0,1,document_0242.svg,2026-02-26_Riverstone-Co_meeting-notes_REF-0242.svg,2026-02-26_Riverstone-Co_meeting-notes_REF-0242.svg,1,1,3,72,0,Seeded modeled result; no desktop or web application executed.
true,false,fixture-0242,sim-rule-baseline,1.0.0,2,document_0242.svg,2026-02-26_Riverstone-Co_meeting-notes_REF-0242.svg,2026-02-26_meeting-notes_REF-0242.svg,1,0,2,109,0,Seeded modeled result; no desktop or web application executed.
true,false,fixture-0242,sim-rule-baseline,1.0.0,3,document_0242.svg,2026-02-26_Riverstone-Co_meeting-notes_REF-0242.svg,2026-02-26_meeting-notes_REF-0242.svg,1,0,1,111,0,Seeded modeled result; no desktop or web application executed.
true,false,fixture-0243,sim-reference-workflow,1.0.0,1,document_0243.txt,2026-03-27_Bluebird-Health_invoice_REF-0243.txt,2026-03-27_Bluebird-Health_invoice_REF-0243.txt,1,1,3,591,0,Seeded modeled result; no desktop or web application executed.
true,false,fixture-0243,sim-reference-workflow,1.0.0,2,document_0243.txt,2026-03-27_Bluebird-Health_invoice_REF-0243.txt,2026-03-27_invoice_REF-0243.txt,1,0,3,562,0,Seeded modeled result; no desktop or web application executed.
true,false,fixture-0243,sim-reference-workflow,1.0.0,3,document_0243.txt,2026-03-27_Bluebird-Health_invoice_REF-0243.txt,2026-03-27_invoice_REF-0243.txt,1,0,3,445,0,Seeded modeled result; no desktop or web application executed.
true,false,fixture-0243,sim-cloud-baseline,1.0.0,1,document_0243.txt,2026-03-27_Bluebird-Health_invoice_REF-0243.txt,2026-03-27_Bluebird-Health_invoice_REF-0243.txt,1,1,3,693,0,Seeded modeled result; no desktop or web application executed.
true,false,fixture-0243,sim-cloud-baseline,1.0.0,2,document_0243.txt,2026-03-27_Bluebird-Health_invoice_REF-0243.txt,2026-03-27_Bluebird-Health_invoice_REF-0243.txt,1,1,3,613,0,Seeded modeled result; no desktop or web application executed.
true,false,fixture-0243,sim-cloud-baseline,1.0.0,3,document_0243.txt,2026-03-27_Bluebird-Health_invoice_REF-0243.txt,2026-03-27_Bluebird-Health_invoice_REF-0243.txt,1,1,3,632,0,Seeded modeled result; no desktop or web application executed.
true,false,fixture-0243,sim-local-baseline,1.0.0,1,document_0243.txt,2026-03-27_Bluebird-Health_invoice_REF-0243.txt,2026-03-27_Bluebird-Health_invoice_REF-0243.txt,1,1,3,849,0,Seeded modeled result; no desktop or web application executed.
true,false,fixture-0243,sim-local-baseline,1.0.0,2,document_0243.txt,2026-03-27_Bluebird-Health_invoice_REF-0243.txt,2026-03-27_Bluebird-Health_invoice_REF-0243.txt,1,1,3,1097,0,Seeded modeled result; no desktop or web application executed.
true,false,fixture-0243,sim-local-baseline,1.0.0,3,document_0243.txt,2026-03-27_Bluebird-Health_invoice_REF-0243.txt,2026-03-27_Bluebird-Health_invoice_REF-0243.txt,1,1,3,792,0,Seeded modeled result; no desktop or web application executed.
true,false,fixture-0243,sim-rule-baseline,1.0.0,1,document_0243.txt,2026-03-27_Bluebird-Health_invoice_REF-0243.txt,2026-03-27_invoice_REF-0243.txt,1,0,0,102,0,Seeded modeled result; no desktop or web application executed.
true,false,fixture-0243,sim-rule-baseline,1.0.0,2,document_0243.txt,2026-03-27_Bluebird-Health_invoice_REF-0243.txt,2026-03-27_Bluebird-Health_invoice_REF-0243.txt,1,1,3,91,0,Seeded modeled result; no desktop or web application executed.
true,false,fixture-0243,sim-rule-baseline,1.0.0,3,document_0243.txt,2026-03-27_Bluebird-Health_invoice_REF-0243.txt,2026-03-27_Bluebird-Health_invoice_REF-0243.txt,1,1,3,92,0,Seeded modeled result; no desktop or web application executed.
true,false,fixture-0244,sim-reference-workflow,1.0.0,1,document_0244.md,2026-04-01_Northstar-Studio_meeting-notes_REF-0244.md,2026-04-01_Northstar-Studio_meeting-notes_REF-0244.md,1,1,3,453,0,Seeded modeled result; no desktop or web application executed.
true,false,fixture-0244,sim-reference-workflow,1.0.0,2,document_0244.md,2026-04-01_Northstar-Studio_meeting-notes_REF-0244.md,2026-04-01_Northstar-Studio_meeting-notes_REF-0244.md,1,1,3,577,0,Seeded modeled result; no desktop or web application executed.
true,false,fixture-0244,sim-reference-workflow,1.0.0,3,document_0244.md,2026-04-01_Northstar-Studio_meeting-notes_REF-0244.md,2026-04-01_Northstar-Studio_meeting-notes_REF-0244.md,1,1,3,583,0,Seeded modeled result; no desktop or web application executed.
true,false,fixture-0244,sim-cloud-baseline,1.0.0,1,document_0244.md,2026-04-01_Northstar-Studio_meeting-notes_REF-0244.md,2026-04-01_Northstar-Studio_meeting-notes_REF-0244.md,1,1,3,668,0,Seeded modeled result; no desktop or web application executed.
true,false,fixture-0244,sim-cloud-baseline,1.0.0,2,document_0244.md,2026-04-01_Northstar-Studio_meeting-notes_REF-0244.md,2026-04-01_Northstar-Studio_meeting-notes_REF-0244.md,1,1,3,778,0,Seeded modeled result; no desktop or web application executed.
true,false,fixture-0244,sim-cloud-baseline,1.0.0,3,document_0244.md,2026-04-01_Northstar-Studio_meeting-notes_REF-0244.md,2026-04-01_Northstar-Studio_meeting-notes_REF-0244.md,1,1,3,672,0,Seeded modeled result; no desktop or web application executed.
true,false,fixture-0244,sim-local-baseline,1.0.0,1,document_0244.md,2026-04-01_Northstar-Studio_meeting-notes_REF-0244.md,2026-04-01_meeting-notes_REF-0244.md,1,0,2,785,0,Seeded modeled result; no desktop or web application executed.
true,false,fixture-0244,sim-local-baseline,1.0.0,2,document_0244.md,2026-04-01_Northstar-Studio_meeting-notes_REF-0244.md,2026-04-01_meeting-notes_REF-0244.md,1,0,1,1079,0,Seeded modeled result; no desktop or web application executed.
true,false,fixture-0244,sim-local-baseline,1.0.0,3,document_0244.md,2026-04-01_Northstar-Studio_meeting-notes_REF-0244.md,2026-04-01_Northstar-Studio_meeting-notes_REF-0244.md,1,1,3,1220,0,Seeded modeled result; no desktop or web application executed.
true,false,fixture-0244,sim-rule-baseline,1.0.0,1,document_0244.md,2026-04-01_Northstar-Studio_meeting-notes_REF-0244.md,2026-04-01_meeting-notes_REF-0244.md,1,0,1,111,0,Seeded modeled result; no desktop or web application executed.
true,false,fixture-0244,sim-rule-baseline,1.0.0,2,document_0244.md,2026-04-01_Northstar-Studio_meeting-notes_REF-0244.md,2026-04-01_meeting-notes_REF-0244.md,1,0,2,88,0,Seeded modeled result; no desktop or web application executed.
true,false,fixture-0244,sim-rule-baseline,1.0.0,3,document_0244.md,2026-04-01_Northstar-Studio_meeting-notes_REF-0244.md,2026-04-01_meeting-notes_REF-0244.md,1,0,1,88,0,Seeded modeled result; no desktop or web application executed.
true,false,fixture-0245,sim-reference-workflow,1.0.0,1,document_0245.csv,2026-05-02_Pinecone-Works_invoice_REF-0245.csv,2026-05-02_Pinecone-Works_invoice_REF-0245.csv,1,1,3,436,0,Seeded modeled result; no desktop or web application executed.
true,false,fixture-0245,sim-reference-workflow,1.0.0,2,document_0245.csv,2026-05-02_Pinecone-Works_invoice_REF-0245.csv,2026-05-02_Pinecone-Works_invoice_REF-0245.csv,1,1,3,614,0,Seeded modeled result; no desktop or web application executed.
true,false,fixture-0245,sim-reference-workflow,1.0.0,3,document_0245.csv,2026-05-02_Pinecone-Works_invoice_REF-0245.csv,2026-05-02_Pinecone-Works_invoice_REF-0245.csv,1,1,3,634,0,Seeded modeled result; no desktop or web application executed.
true,false,fixture-0245,sim-cloud-baseline,1.0.0,1,document_0245.csv,2026-05-02_Pinecone-Works_invoice_REF-0245.csv,2026-05-02_Pinecone-Works_invoice_REF-0245.csv,1,1,3,720,0,Seeded modeled result; no desktop or web application executed.
true,false,fixture-0245,sim-cloud-baseline,1.0.0,2,document_0245.csv,2026-05-02_Pinecone-Works_invoice_REF-0245.csv,2026-05-02_invoice_REF-0245.csv,1,0,1,739,0,Seeded modeled result; no desktop or web application executed.
true,false,fixture-0245,sim-cloud-baseline,1.0.0,3,document_0245.csv,2026-05-02_Pinecone-Works_invoice_REF-0245.csv,2026-05-02_invoice_REF-0245.csv,1,0,3,773,0,Seeded modeled result; no desktop or web application executed.
true,false,fixture-0245,sim-local-baseline,1.0.0,1,document_0245.csv,2026-05-02_Pinecone-Works_invoice_REF-0245.csv,2026-05-02_invoice_REF-0245.csv,1,0,1,750,0,Seeded modeled result; no desktop or web application executed.
true,false,fixture-0245,sim-local-baseline,1.0.0,2,document_0245.csv,2026-05-02_Pinecone-Works_invoice_REF-0245.csv,2026-05-02_invoice_REF-0245.csv,1,0,3,766,0,Seeded modeled result; no desktop or web application executed.
true,false,fixture-0245,sim-local-baseline,1.0.0,3,document_0245.csv,2026-05-02_Pinecone-Works_invoice_REF-0245.csv,2026-05-02_invoice_REF-0245.csv,1,0,2,809,0,Seeded modeled result; no desktop or web application executed.
true,false,fixture-0245,sim-rule-baseline,1.0.0,1,document_0245.csv,2026-05-02_Pinecone-Works_invoice_REF-0245.csv,2026-05-02_Pinecone-Works_invoice_REF-0245.csv,1,1,3,109,0,Seeded modeled result; no desktop or web application executed.
true,false,fixture-0245,sim-rule-baseline,1.0.0,2,document_0245.csv,2026-05-02_Pinecone-Works_invoice_REF-0245.csv,2026-05-02_invoice_REF-0245.csv,1,0,0,99,0,Seeded modeled result; no desktop or web application executed.
true,false,fixture-0245,sim-rule-baseline,1.0.0,3,document_0245.csv,2026-05-02_Pinecone-Works_invoice_REF-0245.csv,2026-05-02_invoice_REF-0245.csv,1,0,2,77,0,Seeded modeled result; no desktop or web application executed.
true,false,fixture-0246,sim-reference-workflow,1.0.0,1,document_0246.json,2026-06-03_Acme-Labs_meeting-notes_REF-0246.json,2026-06-03_Acme-Labs_meeting-notes_REF-0246.json,1,1,3,480,0,Seeded modeled result; no desktop or web application executed.
true,false,fixture-0246,sim-reference-workflow,1.0.0,2,document_0246.json,2026-06-03_Acme-Labs_meeting-notes_REF-0246.json,2026-06-03_meeting-notes_REF-0246.json,1,0,3,441,0,Seeded modeled result; no desktop or web application executed.
true,false,fixture-0246,sim-reference-workflow,1.0.0,3,document_0246.json,2026-06-03_Acme-Labs_meeting-notes_REF-0246.json,2026-06-03_Acme-Labs_meeting-notes_REF-0246.json,1,1,3,571,0,Seeded modeled result; no desktop or web application executed.
true,false,fixture-0246,sim-cloud-baseline,1.0.0,1,document_0246.json,2026-06-03_Acme-Labs_meeting-notes_REF-0246.json,2026-06-03_Acme-Labs_meeting-notes_REF-0246.json,1,1,3,848,0,Seeded modeled result; no desktop or web application executed.
true,false,fixture-0246,sim-cloud-baseline,1.0.0,2,document_0246.json,2026-06-03_Acme-Labs_meeting-notes_REF-0246.json,2026-06-03_Acme-Labs_meeting-notes_REF-0246.json,1,1,3,655,0,Seeded modeled result; no desktop or web application executed.
true,false,fixture-0246,sim-cloud-baseline,1.0.0,3,document_0246.json,2026-06-03_Acme-Labs_meeting-notes_REF-0246.json,2026-06-03_Acme-Labs_meeting-notes_REF-0246.json,1,1,3,576,0,Seeded modeled result; no desktop or web application executed.
true,false,fixture-0246,sim-local-baseline,1.0.0,1,document_0246.json,2026-06-03_Acme-Labs_meeting-notes_REF-0246.json,2026-06-03_Acme-Labs_meeting-notes_REF-0246.json,1,1,3,816,0,Seeded modeled result; no desktop or web application executed.
true,false,fixture-0246,sim-local-baseline,1.0.0,2,document_0246.json,2026-06-03_Acme-Labs_meeting-notes_REF-0246.json,2026-06-03_Acme-Labs_meeting-notes_REF-0246.json,1,1,3,867,0,Seeded modeled result; no desktop or web application executed.
true,false,fixture-0246,sim-local-baseline,1.0.0,3,document_0246.json,2026-06-03_Acme-Labs_meeting-notes_REF-0246.json,2026-06-03_Acme-Labs_meeting-notes_REF-0246.json,1,1,3,946,0,Seeded modeled result; no desktop or web application executed.
true,false,fixture-0246,sim-rule-baseline,1.0.0,1,document_0246.json,2026-06-03_Acme-Labs_meeting-notes_REF-0246.json,2026-06-03_meeting-notes_REF-0246.json,1,0,2,79,0,Seeded modeled result; no desktop or web application executed.
true,false,fixture-0246,sim-rule-baseline,1.0.0,2,document_0246.json,2026-06-03_Acme-Labs_meeting-notes_REF-0246.json,2026-06-03_meeting-notes_REF-0246.json,1,0,3,68,0,Seeded modeled result; no desktop or web application executed.
true,false,fixture-0246,sim-rule-baseline,1.0.0,3,document_0246.json,2026-06-03_Acme-Labs_meeting-notes_REF-0246.json,2026-06-03_meeting-notes_REF-0246.json,1,0,2,97,0,Seeded modeled result; no desktop or web application executed.
true,false,fixture-0247,sim-reference-workflow,1.0.0,1,document_0247.xml,2026-07-04_Riverstone-Co_invoice_REF-0247.xml,2026-07-04_invoice_REF-0247.xml,1,0,3,574,0,Seeded modeled result; no desktop or web application executed.
true,false,fixture-0247,sim-reference-workflow,1.0.0,2,document_0247.xml,2026-07-04_Riverstone-Co_invoice_REF-0247.xml,2026-07-04_Riverstone-Co_invoice_REF-0247.xml,1,1,3,453,0,Seeded modeled result; no desktop or web application executed.
true,false,fixture-0247,sim-reference-workflow,1.0.0,3,document_0247.xml,2026-07-04_Riverstone-Co_invoice_REF-0247.xml,2026-07-04_Riverstone-Co_invoice_REF-0247.xml,1,1,3,632,0,Seeded modeled result; no desktop or web application executed.
true,false,fixture-0247,sim-cloud-baseline,1.0.0,1,document_0247.xml,2026-07-04_Riverstone-Co_invoice_REF-0247.xml,2026-07-04_Riverstone-Co_invoice_REF-0247.xml,1,1,3,919,0,Seeded modeled result; no desktop or web application executed.
true,false,fixture-0247,sim-cloud-baseline,1.0.0,2,document_0247.xml,2026-07-04_Riverstone-Co_invoice_REF-0247.xml,2026-07-04_Riverstone-Co_invoice_REF-0247.xml,1,1,3,605,0,Seeded modeled result; no desktop or web application executed.
true,false,fixture-0247,sim-cloud-baseline,1.0.0,3,document_0247.xml,2026-07-04_Riverstone-Co_invoice_REF-0247.xml,2026-07-04_Riverstone-Co_invoice_REF-0247.xml,1,1,3,646,0,Seeded modeled result; no desktop or web application executed.
true,false,fixture-0247,sim-local-baseline,1.0.0,1,document_0247.xml,2026-07-04_Riverstone-Co_invoice_REF-0247.xml,2026-07-04_Riverstone-Co_invoice_REF-0247.xml,1,1,3,952,0,Seeded modeled result; no desktop or web application executed.
true,false,fixture-0247,sim-local-baseline,1.0.0,2,document_0247.xml,2026-07-04_Riverstone-Co_invoice_REF-0247.xml,2026-07-04_invoice_REF-0247.xml,1,0,3,967,0,Seeded modeled result; no desktop or web application executed.
true,false,fixture-0247,sim-local-baseline,1.0.0,3,document_0247.xml,2026-07-04_Riverstone-Co_invoice_REF-0247.xml,2026-07-04_invoice_REF-0247.xml,1,0,1,769,0,Seeded modeled result; no desktop or web application executed.
true,false,fixture-0247,sim-rule-baseline,1.0.0,1,document_0247.xml,2026-07-04_Riverstone-Co_invoice_REF-0247.xml,2026-07-04_invoice_REF-0247.xml,1,0,2,73,0,Seeded modeled result; no desktop or web application executed.
true,false,fixture-0247,sim-rule-baseline,1.0.0,2,document_0247.xml,2026-07-04_Riverstone-Co_invoice_REF-0247.xml,2026-07-04_invoice_REF-0247.xml,1,0,0,70,0,Seeded modeled result; no desktop or web application executed.
true,false,fixture-0247,sim-rule-baseline,1.0.0,3,document_0247.xml,2026-07-04_Riverstone-Co_invoice_REF-0247.xml,2026-07-04_invoice_REF-0247.xml,1,0,0,87,0,Seeded modeled result; no desktop or web application executed.
true,false,fixture-0248,sim-reference-workflow,1.0.0,1,document_0248.yaml,2026-08-05_Bluebird-Health_meeting-notes_REF-0248.yaml,2026-08-05_Bluebird-Health_meeting-notes_REF-0248.yaml,1,1,3,483,0,Seeded modeled result; no desktop or web application executed.
true,false,fixture-0248,sim-reference-workflow,1.0.0,2,document_0248.yaml,2026-08-05_Bluebird-Health_meeting-notes_REF-0248.yaml,2026-08-05_Bluebird-Health_meeting-notes_REF-0248.yaml,1,1,3,477,0,Seeded modeled result; no desktop or web application executed.
true,false,fixture-0248,sim-reference-workflow,1.0.0,3,document_0248.yaml,2026-08-05_Bluebird-Health_meeting-notes_REF-0248.yaml,2026-08-05_Bluebird-Health_meeting-notes_REF-0248.yaml,1,1,3,425,0,Seeded modeled result; no desktop or web application executed.
true,false,fixture-0248,sim-cloud-baseline,1.0.0,1,document_0248.yaml,2026-08-05_Bluebird-Health_meeting-notes_REF-0248.yaml,2026-08-05/meeting-notes:REF-0248.yaml,0,0,3,844,0,Seeded modeled result; no desktop or web application executed.
true,false,fixture-0248,sim-cloud-baseline,1.0.0,2,document_0248.yaml,2026-08-05_Bluebird-Health_meeting-notes_REF-0248.yaml,2026-08-05_Bluebird-Health_meeting-notes_REF-0248.yaml,1,1,3,673,0,Seeded modeled result; no desktop or web application executed.
true,false,fixture-0248,sim-cloud-baseline,1.0.0,3,document_0248.yaml,2026-08-05_Bluebird-Health_meeting-notes_REF-0248.yaml,2026-08-05_Bluebird-Health_meeting-notes_REF-0248.yaml,1,1,3,872,0,Seeded modeled result; no desktop or web application executed.
true,false,fixture-0248,sim-local-baseline,1.0.0,1,document_0248.yaml,2026-08-05_Bluebird-Health_meeting-notes_REF-0248.yaml,2026-08-05_meeting-notes_REF-0248.yaml,1,0,3,1086,0,Seeded modeled result; no desktop or web application executed.
true,false,fixture-0248,sim-local-baseline,1.0.0,2,document_0248.yaml,2026-08-05_Bluebird-Health_meeting-notes_REF-0248.yaml,2026-08-05_Bluebird-Health_meeting-notes_REF-0248.yaml,1,1,3,961,0,Seeded modeled result; no desktop or web application executed.
true,false,fixture-0248,sim-local-baseline,1.0.0,3,document_0248.yaml,2026-08-05_Bluebird-Health_meeting-notes_REF-0248.yaml,2026-08-05_meeting-notes_REF-0248.yaml,1,0,3,1019,0,Seeded modeled result; no desktop or web application executed.
true,false,fixture-0248,sim-rule-baseline,1.0.0,1,document_0248.yaml,2026-08-05_Bluebird-Health_meeting-notes_REF-0248.yaml,2026-08-05_Bluebird-Health_meeting-notes_REF-0248.yaml,1,1,3,104,0,Seeded modeled result; no desktop or web application executed.
true,false,fixture-0248,sim-rule-baseline,1.0.0,2,document_0248.yaml,2026-08-05_Bluebird-Health_meeting-notes_REF-0248.yaml,2026-08-05_Bluebird-Health_meeting-notes_REF-0248.yaml,1,1,3,103,0,Seeded modeled result; no desktop or web application executed.
true,false,fixture-0248,sim-rule-baseline,1.0.0,3,document_0248.yaml,2026-08-05_Bluebird-Health_meeting-notes_REF-0248.yaml,2026-08-05_meeting-notes_REF-0248.yaml,1,0,1,100,0,Seeded modeled result; no desktop or web application executed.
true,false,fixture-0249,sim-reference-workflow,1.0.0,1,document_0249.html,2026-09-06_Northstar-Studio_invoice_REF-0249.html,2026-09-06_Northstar-Studio_invoice_REF-0249.html,1,1,3,412,0,Seeded modeled result; no desktop or web application executed.
true,false,fixture-0249,sim-reference-workflow,1.0.0,2,document_0249.html,2026-09-06_Northstar-Studio_invoice_REF-0249.html,2026-09-06_Northstar-Studio_invoice_REF-0249.html,1,1,3,601,0,Seeded modeled result; no desktop or web application executed.
true,false,fixture-0249,sim-reference-workflow,1.0.0,3,document_0249.html,2026-09-06_Northstar-Studio_invoice_REF-0249.html,2026-09-06_Northstar-Studio_invoice_REF-0249.html,1,1,3,566,0,Seeded modeled result; no desktop or web application executed.
true,false,fixture-0249,sim-cloud-baseline,1.0.0,1,document_0249.html,2026-09-06_Northstar-Studio_invoice_REF-0249.html,2026-09-06_invoice_REF-0249.html,1,0,3,852,0,Seeded modeled result; no desktop or web application executed.
true,false,fixture-0249,sim-cloud-baseline,1.0.0,2,document_0249.html,2026-09-06_Northstar-Studio_invoice_REF-0249.html,2026-09-06_Northstar-Studio_invoice_REF-0249.html,1,1,3,625,0,Seeded modeled result; no desktop or web application executed.
true,false,fixture-0249,sim-cloud-baseline,1.0.0,3,document_0249.html,2026-09-06_Northstar-Studio_invoice_REF-0249.html,2026-09-06_Northstar-Studio_invoice_REF-0249.html,1,1,3,557,0,Seeded modeled result; no desktop or web application executed.
true,false,fixture-0249,sim-local-baseline,1.0.0,1,document_0249.html,2026-09-06_Northstar-Studio_invoice_REF-0249.html,2026-09-06_Northstar-Studio_invoice_REF-0249.html,1,1,3,845,0,Seeded modeled result; no desktop or web application executed.
true,false,fixture-0249,sim-local-baseline,1.0.0,2,document_0249.html,2026-09-06_Northstar-Studio_invoice_REF-0249.html,2026-09-06_Northstar-Studio_invoice_REF-0249.html,1,1,3,1162,0,Seeded modeled result; no desktop or web application executed.
true,false,fixture-0249,sim-local-baseline,1.0.0,3,document_0249.html,2026-09-06_Northstar-Studio_invoice_REF-0249.html,2026-09-06_Northstar-Studio_invoice_REF-0249.html,1,1,3,736,0,Seeded modeled result; no desktop or web application executed.
true,false,fixture-0249,sim-rule-baseline,1.0.0,1,document_0249.html,2026-09-06_Northstar-Studio_invoice_REF-0249.html,2026-09-06_invoice_REF-0249.html,1,0,0,77,0,Seeded modeled result; no desktop or web application executed.
true,false,fixture-0249,sim-rule-baseline,1.0.0,2,document_0249.html,2026-09-06_Northstar-Studio_invoice_REF-0249.html,2026-09-06_invoice_REF-0249.html,1,0,2,73,0,Seeded modeled result; no desktop or web application executed.
true,false,fixture-0249,sim-rule-baseline,1.0.0,3,document_0249.html,2026-09-06_Northstar-Studio_invoice_REF-0249.html,2026-09-06_invoice_REF-0249.html,1,0,0,75,0,Seeded modeled result; no desktop or web application executed.
true,false,fixture-0250,sim-reference-workflow,1.0.0,1,document_0250.eml,2026-10-07_Pinecone-Works_meeting-notes_REF-0250.eml,2026-10-07_Pinecone-Works_meeting-notes_REF-0250.eml,1,1,3,514,0,Seeded modeled result; no desktop or web application executed.
true,false,fixture-0250,sim-reference-workflow,1.0.0,2,document_0250.eml,2026-10-07_Pinecone-Works_meeting-notes_REF-0250.eml,2026-10-07_Pinecone-Works_meeting-notes_REF-0250.eml,1,1,3,456,0,Seeded modeled result; no desktop or web application executed.
true,false,fixture-0250,sim-reference-workflow,1.0.0,3,document_0250.eml,2026-10-07_Pinecone-Works_meeting-notes_REF-0250.eml,2026-10-07_Pinecone-Works_meeting-notes_REF-0250.eml,1,1,3,550,0,Seeded modeled result; no desktop or web application executed.
true,false,fixture-0250,sim-cloud-baseline,1.0.0,1,document_0250.eml,2026-10-07_Pinecone-Works_meeting-notes_REF-0250.eml,2026-10-07_meeting-notes_REF-0250.eml,1,0,3,780,0,Seeded modeled result; no desktop or web application executed.
true,false,fixture-0250,sim-cloud-baseline,1.0.0,2,document_0250.eml,2026-10-07_Pinecone-Works_meeting-notes_REF-0250.eml,2026-10-07_meeting-notes_REF-0250.eml,1,0,2,638,0,Seeded modeled result; no desktop or web application executed.
true,false,fixture-0250,sim-cloud-baseline,1.0.0,3,document_0250.eml,2026-10-07_Pinecone-Works_meeting-notes_REF-0250.eml,2026-10-07_Pinecone-Works_meeting-notes_REF-0250.eml,1,1,3,634,0,Seeded modeled result; no desktop or web application executed.
true,false,fixture-0250,sim-local-baseline,1.0.0,1,document_0250.eml,2026-10-07_Pinecone-Works_meeting-notes_REF-0250.eml,2026-10-07_Pinecone-Works_meeting-notes_REF-0250.eml,1,1,3,994,0,Seeded modeled result; no desktop or web application executed.
true,false,fixture-0250,sim-local-baseline,1.0.0,2,document_0250.eml,2026-10-07_Pinecone-Works_meeting-notes_REF-0250.eml,2026-10-07_Pinecone-Works_meeting-notes_REF-0250.eml,1,1,3,1108,0,Seeded modeled result; no desktop or web application executed.
true,false,fixture-0250,sim-local-baseline,1.0.0,3,document_0250.eml,2026-10-07_Pinecone-Works_meeting-notes_REF-0250.eml,2026-10-07_Pinecone-Works_meeting-notes_REF-0250.eml,1,1,3,1156,0,Seeded modeled result; no desktop or web application executed.
true,false,fixture-0250,sim-rule-baseline,1.0.0,1,document_0250.eml,2026-10-07_Pinecone-Works_meeting-notes_REF-0250.eml,2026-10-07_Pinecone-Works_meeting-notes_REF-0250.eml,1,1,3,103,0,Seeded modeled result; no desktop or web application executed.
true,false,fixture-0250,sim-rule-baseline,1.0.0,2,document_0250.eml,2026-10-07_Pinecone-Works_meeting-notes_REF-0250.eml,2026-10-07_meeting-notes_REF-0250.eml,1,0,1,107,0,Seeded modeled result; no desktop or web application executed.
true,false,fixture-0250,sim-rule-baseline,1.0.0,3,document_0250.eml,2026-10-07_Pinecone-Works_meeting-notes_REF-0250.eml,2026-10-07_meeting-notes_REF-0250.eml,1,0,1,103,0,Seeded modeled result; no desktop or web application executed.
true,false,fixture-0251,sim-reference-workflow,1.0.0,1,document_0251.srt,2026-11-08_Acme-Labs_invoice_REF-0251.srt,2026-11-08_Acme-Labs_invoice_REF-0251.srt,1,1,3,614,0,Seeded modeled result; no desktop or web application executed.
true,false,fixture-0251,sim-reference-workflow,1.0.0,2,document_0251.srt,2026-11-08_Acme-Labs_invoice_REF-0251.srt,2026-11-08_Acme-Labs_invoice_REF-0251.srt,1,1,3,544,0,Seeded modeled result; no desktop or web application executed.
true,false,fixture-0251,sim-reference-workflow,1.0.0,3,document_0251.srt,2026-11-08_Acme-Labs_invoice_REF-0251.srt,2026-11-08_Acme-Labs_invoice_REF-0251.srt,1,1,3,582,0,Seeded modeled result; no desktop or web application executed.
true,false,fixture-0251,sim-cloud-baseline,1.0.0,1,document_0251.srt,2026-11-08_Acme-Labs_invoice_REF-0251.srt,2026-11-08_invoice_REF-0251.srt,1,0,3,835,0,Seeded modeled result; no desktop or web application executed.
true,false,fixture-0251,sim-cloud-baseline,1.0.0,2,document_0251.srt,2026-11-08_Acme-Labs_invoice_REF-0251.srt,2026-11-08_Acme-Labs_invoice_REF-0251.srt,1,1,3,827,0,Seeded modeled result; no desktop or web application executed.
true,false,fixture-0251,sim-cloud-baseline,1.0.0,3,document_0251.srt,2026-11-08_Acme-Labs_invoice_REF-0251.srt,2026-11-08_Acme-Labs_invoice_REF-0251.srt,1,1,3,625,0,Seeded modeled result; no desktop or web application executed.
true,false,fixture-0251,sim-local-baseline,1.0.0,1,document_0251.srt,2026-11-08_Acme-Labs_invoice_REF-0251.srt,2026-11-08_invoice_REF-0251.srt,1,0,3,1216,0,Seeded modeled result; no desktop or web application executed.
true,false,fixture-0251,sim-local-baseline,1.0.0,2,document_0251.srt,2026-11-08_Acme-Labs_invoice_REF-0251.srt,2026-11-08_Acme-Labs_invoice_REF-0251.srt,1,1,3,796,0,Seeded modeled result; no desktop or web application executed.
true,false,fixture-0251,sim-local-baseline,1.0.0,3,document_0251.srt,2026-11-08_Acme-Labs_invoice_REF-0251.srt,2026-11-08_invoice_REF-0251.srt,1,0,3,1096,0,Seeded modeled result; no desktop or web application executed.
true,false,fixture-0251,sim-rule-baseline,1.0.0,1,document_0251.srt,2026-11-08_Acme-Labs_invoice_REF-0251.srt,2026-11-08_invoice_REF-0251.srt,1,0,1,85,0,Seeded modeled result; no desktop or web application executed.
true,false,fixture-0251,sim-rule-baseline,1.0.0,2,document_0251.srt,2026-11-08_Acme-Labs_invoice_REF-0251.srt,2026-11-08_invoice_REF-0251.srt,1,0,2,93,0,Seeded modeled result; no desktop or web application executed.
true,false,fixture-0251,sim-rule-baseline,1.0.0,3,document_0251.srt,2026-11-08_Acme-Labs_invoice_REF-0251.srt,2026-11-08_invoice_REF-0251.srt,1,0,0,88,0,Seeded modeled result; no desktop or web application executed.
true,false,fixture-0252,sim-reference-workflow,1.0.0,1,document_0252.vtt,2026-12-09_Riverstone-Co_meeting-notes_REF-0252.vtt,2026-12-09_meeting-notes_REF-0252.vtt,1,0,3,514,0,Seeded modeled result; no desktop or web application executed.
true,false,fixture-0252,sim-reference-workflow,1.0.0,2,document_0252.vtt,2026-12-09_Riverstone-Co_meeting-notes_REF-0252.vtt,2026-12-09_Riverstone-Co_meeting-notes_REF-0252.vtt,1,1,3,571,0,Seeded modeled result; no desktop or web application executed.
true,false,fixture-0252,sim-reference-workflow,1.0.0,3,document_0252.vtt,2026-12-09_Riverstone-Co_meeting-notes_REF-0252.vtt,2026-12-09_Riverstone-Co_meeting-notes_REF-0252.vtt,1,1,3,551,0,Seeded modeled result; no desktop or web application executed.
true,false,fixture-0252,sim-cloud-baseline,1.0.0,1,document_0252.vtt,2026-12-09_Riverstone-Co_meeting-notes_REF-0252.vtt,2026-12-09_meeting-notes_REF-0252.vtt,1,0,2,889,0,Seeded modeled result; no desktop or web application executed.
true,false,fixture-0252,sim-cloud-baseline,1.0.0,2,document_0252.vtt,2026-12-09_Riverstone-Co_meeting-notes_REF-0252.vtt,2026-12-09_Riverstone-Co_meeting-notes_REF-0252.vtt,1,1,3,584,0,Seeded modeled result; no desktop or web application executed.
true,false,fixture-0252,sim-cloud-baseline,1.0.0,3,document_0252.vtt,2026-12-09_Riverstone-Co_meeting-notes_REF-0252.vtt,2026-12-09_Riverstone-Co_meeting-notes_REF-0252.vtt,1,1,3,604,0,Seeded modeled result; no desktop or web application executed.
true,false,fixture-0252,sim-local-baseline,1.0.0,1,document_0252.vtt,2026-12-09_Riverstone-Co_meeting-notes_REF-0252.vtt,2026-12-09_meeting-notes_REF-0252.vtt,1,0,0,1059,0,Seeded modeled result; no desktop or web application executed.
true,false,fixture-0252,sim-local-baseline,1.0.0,2,document_0252.vtt,2026-12-09_Riverstone-Co_meeting-notes_REF-0252.vtt,2026-12-09_meeting-notes_REF-0252.vtt,1,0,2,1148,0,Seeded modeled result; no desktop or web application executed.
true,false,fixture-0252,sim-local-baseline,1.0.0,3,document_0252.vtt,2026-12-09_Riverstone-Co_meeting-notes_REF-0252.vtt,2026-12-09_meeting-notes_REF-0252.vtt,1,0,1,1113,0,Seeded modeled result; no desktop or web application executed.
true,false,fixture-0252,sim-rule-baseline,1.0.0,1,document_0252.vtt,2026-12-09_Riverstone-Co_meeting-notes_REF-0252.vtt,2026-12-09_meeting-notes_REF-0252.vtt,1,0,1,101,0,Seeded modeled result; no desktop or web application executed.
true,false,fixture-0252,sim-rule-baseline,1.0.0,2,document_0252.vtt,2026-12-09_Riverstone-Co_meeting-notes_REF-0252.vtt,2026-12-09_meeting-notes_REF-0252.vtt,1,0,2,84,0,Seeded modeled result; no desktop or web application executed.
true,false,fixture-0252,sim-rule-baseline,1.0.0,3,document_0252.vtt,2026-12-09_Riverstone-Co_meeting-notes_REF-0252.vtt,2026-12-09_meeting-notes_REF-0252.vtt,1,0,1,71,0,Seeded modeled result; no desktop or web application executed.
true,false,fixture-0253,sim-reference-workflow,1.0.0,1,document_0253.svg,2026-01-10_Bluebird-Health_invoice_REF-0253.svg,2026-01-10_Bluebird-Health_invoice_REF-0253.svg,1,1,3,490,0,Seeded modeled result; no desktop or web application executed.
true,false,fixture-0253,sim-reference-workflow,1.0.0,2,document_0253.svg,2026-01-10_Bluebird-Health_invoice_REF-0253.svg,2026-01-10_Bluebird-Health_invoice_REF-0253.svg,1,1,3,464,0,Seeded modeled result; no desktop or web application executed.
true,false,fixture-0253,sim-reference-workflow,1.0.0,3,document_0253.svg,2026-01-10_Bluebird-Health_invoice_REF-0253.svg,2026-01-10_invoice_REF-0253.svg,1,0,3,558,0,Seeded modeled result; no desktop or web application executed.
true,false,fixture-0253,sim-cloud-baseline,1.0.0,1,document_0253.svg,2026-01-10_Bluebird-Health_invoice_REF-0253.svg,2026-01-10_Bluebird-Health_invoice_REF-0253.svg,1,1,3,680,0,Seeded modeled result; no desktop or web application executed.
true,false,fixture-0253,sim-cloud-baseline,1.0.0,2,document_0253.svg,2026-01-10_Bluebird-Health_invoice_REF-0253.svg,2026-01-10_Bluebird-Health_invoice_REF-0253.svg,1,1,3,846,0,Seeded modeled result; no desktop or web application executed.
true,false,fixture-0253,sim-cloud-baseline,1.0.0,3,document_0253.svg,2026-01-10_Bluebird-Health_invoice_REF-0253.svg,2026-01-10_Bluebird-Health_invoice_REF-0253.svg,1,1,3,569,0,Seeded modeled result; no desktop or web application executed.
true,false,fixture-0253,sim-local-baseline,1.0.0,1,document_0253.svg,2026-01-10_Bluebird-Health_invoice_REF-0253.svg,2026-01-10_invoice_REF-0253.svg,1,0,2,995,0,Seeded modeled result; no desktop or web application executed.
true,false,fixture-0253,sim-local-baseline,1.0.0,2,document_0253.svg,2026-01-10_Bluebird-Health_invoice_REF-0253.svg,2026-01-10_invoice_REF-0253.svg,1,0,2,1012,0,Seeded modeled result; no desktop or web application executed.
true,false,fixture-0253,sim-local-baseline,1.0.0,3,document_0253.svg,2026-01-10_Bluebird-Health_invoice_REF-0253.svg,2026-01-10_Bluebird-Health_invoice_REF-0253.svg,1,1,3,1087,0,Seeded modeled result; no desktop or web application executed.
true,false,fixture-0253,sim-rule-baseline,1.0.0,1,document_0253.svg,2026-01-10_Bluebird-Health_invoice_REF-0253.svg,2026-01-10_Bluebird-Health_invoice_REF-0253.svg,1,1,3,71,0,Seeded modeled result; no desktop or web application executed.
true,false,fixture-0253,sim-rule-baseline,1.0.0,2,document_0253.svg,2026-01-10_Bluebird-Health_invoice_REF-0253.svg,2026-01-10_Bluebird-Health_invoice_REF-0253.svg,1,1,3,112,0,Seeded modeled result; no desktop or web application executed.
true,false,fixture-0253,sim-rule-baseline,1.0.0,3,document_0253.svg,2026-01-10_Bluebird-Health_invoice_REF-0253.svg,2026-01-10_invoice_REF-0253.svg,1,0,1,107,0,Seeded modeled result; no desktop or web application executed.
true,false,fixture-0254,sim-reference-workflow,1.0.0,1,document_0254.txt,2026-02-11_Northstar-Studio_meeting-notes_REF-0254.txt,2026-02-11_Northstar-Studio_meeting-notes_REF-0254.txt,1,1,3,406,0,Seeded modeled result; no desktop or web application executed.
true,false,fixture-0254,sim-reference-workflow,1.0.0,2,document_0254.txt,2026-02-11_Northstar-Studio_meeting-notes_REF-0254.txt,2026-02-11_Northstar-Studio_meeting-notes_REF-0254.txt,1,1,3,529,0,Seeded modeled result; no desktop or web application executed.
true,false,fixture-0254,sim-reference-workflow,1.0.0,3,document_0254.txt,2026-02-11_Northstar-Studio_meeting-notes_REF-0254.txt,2026-02-11_Northstar-Studio_meeting-notes_REF-0254.txt,1,1,3,620,0,Seeded modeled result; no desktop or web application executed.
true,false,fixture-0254,sim-cloud-baseline,1.0.0,1,document_0254.txt,2026-02-11_Northstar-Studio_meeting-notes_REF-0254.txt,2026-02-11_Northstar-Studio_meeting-notes_REF-0254.txt,1,1,3,902,0,Seeded modeled result; no desktop or web application executed.
true,false,fixture-0254,sim-cloud-baseline,1.0.0,2,document_0254.txt,2026-02-11_Northstar-Studio_meeting-notes_REF-0254.txt,2026-02-11_Northstar-Studio_meeting-notes_REF-0254.txt,1,1,3,758,0,Seeded modeled result; no desktop or web application executed.
true,false,fixture-0254,sim-cloud-baseline,1.0.0,3,document_0254.txt,2026-02-11_Northstar-Studio_meeting-notes_REF-0254.txt,2026-02-11_Northstar-Studio_meeting-notes_REF-0254.txt,1,1,3,762,0,Seeded modeled result; no desktop or web application executed.
true,false,fixture-0254,sim-local-baseline,1.0.0,1,document_0254.txt,2026-02-11_Northstar-Studio_meeting-notes_REF-0254.txt,2026-02-11_Northstar-Studio_meeting-notes_REF-0254.txt,1,1,3,1113,0,Seeded modeled result; no desktop or web application executed.
true,false,fixture-0254,sim-local-baseline,1.0.0,2,document_0254.txt,2026-02-11_Northstar-Studio_meeting-notes_REF-0254.txt,2026-02-11_meeting-notes_REF-0254.txt,1,0,1,1096,0,Seeded modeled result; no desktop or web application executed.
true,false,fixture-0254,sim-local-baseline,1.0.0,3,document_0254.txt,2026-02-11_Northstar-Studio_meeting-notes_REF-0254.txt,2026-02-11_meeting-notes_REF-0254.txt,1,0,3,1040,0,Seeded modeled result; no desktop or web application executed.
true,false,fixture-0254,sim-rule-baseline,1.0.0,1,document_0254.txt,2026-02-11_Northstar-Studio_meeting-notes_REF-0254.txt,2026-02-11_meeting-notes_REF-0254.txt,1,0,1,74,0,Seeded modeled result; no desktop or web application executed.
true,false,fixture-0254,sim-rule-baseline,1.0.0,2,document_0254.txt,2026-02-11_Northstar-Studio_meeting-notes_REF-0254.txt,2026-02-11_meeting-notes_REF-0254.txt,1,0,2,102,0,Seeded modeled result; no desktop or web application executed.
true,false,fixture-0254,sim-rule-baseline,1.0.0,3,document_0254.txt,2026-02-11_Northstar-Studio_meeting-notes_REF-0254.txt,2026-02-11_meeting-notes_REF-0254.txt,1,0,0,110,0,Seeded modeled result; no desktop or web application executed.
true,false,fixture-0255,sim-reference-workflow,1.0.0,1,document_0255.md,2026-03-12_Pinecone-Works_invoice_REF-0255.md,2026-03-12_invoice_REF-0255.md,1,0,3,529,0,Seeded modeled result; no desktop or web application executed.
true,false,fixture-0255,sim-reference-workflow,1.0.0,2,document_0255.md,2026-03-12_Pinecone-Works_invoice_REF-0255.md,2026-03-12_Pinecone-Works_invoice_REF-0255.md,1,1,3,572,0,Seeded modeled result; no desktop or web application executed.
true,false,fixture-0255,sim-reference-workflow,1.0.0,3,document_0255.md,2026-03-12_Pinecone-Works_invoice_REF-0255.md,2026-03-12_Pinecone-Works_invoice_REF-0255.md,1,1,3,499,0,Seeded modeled result; no desktop or web application executed.
true,false,fixture-0255,sim-cloud-baseline,1.0.0,1,document_0255.md,2026-03-12_Pinecone-Works_invoice_REF-0255.md,2026-03-12_Pinecone-Works_invoice_REF-0255.md,1,1,3,857,0,Seeded modeled result; no desktop or web application executed.
true,false,fixture-0255,sim-cloud-baseline,1.0.0,2,document_0255.md,2026-03-12_Pinecone-Works_invoice_REF-0255.md,2026-03-12_Pinecone-Works_invoice_REF-0255.md,1,1,3,765,0,Seeded modeled result; no desktop or web application executed.
true,false,fixture-0255,sim-cloud-baseline,1.0.0,3,document_0255.md,2026-03-12_Pinecone-Works_invoice_REF-0255.md,2026-03-12_Pinecone-Works_invoice_REF-0255.md,1,1,3,622,0,Seeded modeled result; no desktop or web application executed.
true,false,fixture-0255,sim-local-baseline,1.0.0,1,document_0255.md,2026-03-12_Pinecone-Works_invoice_REF-0255.md,2026-03-12_Pinecone-Works_invoice_REF-0255.md,1,1,3,837,0,Seeded modeled result; no desktop or web application executed.
true,false,fixture-0255,sim-local-baseline,1.0.0,2,document_0255.md,2026-03-12_Pinecone-Works_invoice_REF-0255.md,2026-03-12_Pinecone-Works_invoice_REF-0255.md,1,1,3,1084,0,Seeded modeled result; no desktop or web application executed.
true,false,fixture-0255,sim-local-baseline,1.0.0,3,document_0255.md,2026-03-12_Pinecone-Works_invoice_REF-0255.md,2026-03-12_Pinecone-Works_invoice_REF-0255.md,1,1,3,1126,0,Seeded modeled result; no desktop or web application executed.
true,false,fixture-0255,sim-rule-baseline,1.0.0,1,document_0255.md,2026-03-12_Pinecone-Works_invoice_REF-0255.md,2026-03-12_Pinecone-Works_invoice_REF-0255.md,1,1,3,96,0,Seeded modeled result; no desktop or web application executed.
true,false,fixture-0255,sim-rule-baseline,1.0.0,2,document_0255.md,2026-03-12_Pinecone-Works_invoice_REF-0255.md,2026-03-12_invoice_REF-0255.md,1,0,1,94,0,Seeded modeled result; no desktop or web application executed.
true,false,fixture-0255,sim-rule-baseline,1.0.0,3,document_0255.md,2026-03-12_Pinecone-Works_invoice_REF-0255.md,2026-03-12_invoice_REF-0255.md,1,0,2,100,0,Seeded modeled result; no desktop or web application executed.
true,false,fixture-0256,sim-reference-workflow,1.0.0,1,document_0256.csv,2026-04-13_Acme-Labs_meeting-notes_REF-0256.csv,2026-04-13_Acme-Labs_meeting-notes_REF-0256.csv,1,1,3,402,0,Seeded modeled result; no desktop or web application executed.
true,false,fixture-0256,sim-reference-workflow,1.0.0,2,document_0256.csv,2026-04-13_Acme-Labs_meeting-notes_REF-0256.csv,2026-04-13_Acme-Labs_meeting-notes_REF-0256.csv,1,1,3,441,0,Seeded modeled result; no desktop or web application executed.
true,false,fixture-0256,sim-reference-workflow,1.0.0,3,document_0256.csv,2026-04-13_Acme-Labs_meeting-notes_REF-0256.csv,2026-04-13_Acme-Labs_meeting-notes_REF-0256.csv,1,1,3,544,0,Seeded modeled result; no desktop or web application executed.
true,false,fixture-0256,sim-cloud-baseline,1.0.0,1,document_0256.csv,2026-04-13_Acme-Labs_meeting-notes_REF-0256.csv,2026-04-13_Acme-Labs_meeting-notes_REF-0256.csv,1,1,3,776,0,Seeded modeled result; no desktop or web application executed.
true,false,fixture-0256,sim-cloud-baseline,1.0.0,2,document_0256.csv,2026-04-13_Acme-Labs_meeting-notes_REF-0256.csv,2026-04-13_meeting-notes_REF-0256.csv,1,0,3,623,0,Seeded modeled result; no desktop or web application executed.
true,false,fixture-0256,sim-cloud-baseline,1.0.0,3,document_0256.csv,2026-04-13_Acme-Labs_meeting-notes_REF-0256.csv,2026-04-13_Acme-Labs_meeting-notes_REF-0256.csv,1,1,3,583,0,Seeded modeled result; no desktop or web application executed.
true,false,fixture-0256,sim-local-baseline,1.0.0,1,document_0256.csv,2026-04-13_Acme-Labs_meeting-notes_REF-0256.csv,2026-04-13_Acme-Labs_meeting-notes_REF-0256.csv,1,1,3,987,0,Seeded modeled result; no desktop or web application executed.
true,false,fixture-0256,sim-local-baseline,1.0.0,2,document_0256.csv,2026-04-13_Acme-Labs_meeting-notes_REF-0256.csv,2026-04-13_Acme-Labs_meeting-notes_REF-0256.csv,1,1,3,884,0,Seeded modeled result; no desktop or web application executed.
true,false,fixture-0256,sim-local-baseline,1.0.0,3,document_0256.csv,2026-04-13_Acme-Labs_meeting-notes_REF-0256.csv,2026-04-13_meeting-notes_REF-0256.csv,1,0,2,1068,0,Seeded modeled result; no desktop or web application executed.
true,false,fixture-0256,sim-rule-baseline,1.0.0,1,document_0256.csv,2026-04-13_Acme-Labs_meeting-notes_REF-0256.csv,2026-04-13_meeting-notes_REF-0256.csv,1,0,1,90,0,Seeded modeled result; no desktop or web application executed.
true,false,fixture-0256,sim-rule-baseline,1.0.0,2,document_0256.csv,2026-04-13_Acme-Labs_meeting-notes_REF-0256.csv,2026-04-13_meeting-notes_REF-0256.csv,1,0,1,82,0,Seeded modeled result; no desktop or web application executed.
true,false,fixture-0256,sim-rule-baseline,1.0.0,3,document_0256.csv,2026-04-13_Acme-Labs_meeting-notes_REF-0256.csv,2026-04-13_meeting-notes_REF-0256.csv,1,0,1,107,0,Seeded modeled result; no desktop or web application executed.
true,false,fixture-0257,sim-reference-workflow,1.0.0,1,document_0257.json,2026-05-14_Riverstone-Co_invoice_REF-0257.json,2026-05-14_Riverstone-Co_invoice_REF-0257.json,1,1,3,529,0,Seeded modeled result; no desktop or web application executed.
true,false,fixture-0257,sim-reference-workflow,1.0.0,2,document_0257.json,2026-05-14_Riverstone-Co_invoice_REF-0257.json,2026-05-14_Riverstone-Co_invoice_REF-0257.json,1,1,3,484,0,Seeded modeled result; no desktop or web application executed.
true,false,fixture-0257,sim-reference-workflow,1.0.0,3,document_0257.json,2026-05-14_Riverstone-Co_invoice_REF-0257.json,2026-05-14_Riverstone-Co_invoice_REF-0257.json,1,1,3,647,0,Seeded modeled result; no desktop or web application executed.
true,false,fixture-0257,sim-cloud-baseline,1.0.0,1,document_0257.json,2026-05-14_Riverstone-Co_invoice_REF-0257.json,2026-05-14_Riverstone-Co_invoice_REF-0257.json,1,1,3,623,0,Seeded modeled result; no desktop or web application executed.
true,false,fixture-0257,sim-cloud-baseline,1.0.0,2,document_0257.json,2026-05-14_Riverstone-Co_invoice_REF-0257.json,2026-05-14_Riverstone-Co_invoice_REF-0257.json,1,1,3,761,0,Seeded modeled result; no desktop or web application executed.
true,false,fixture-0257,sim-cloud-baseline,1.0.0,3,document_0257.json,2026-05-14_Riverstone-Co_invoice_REF-0257.json,2026-05-14_Riverstone-Co_invoice_REF-0257.json,1,1,3,633,0,Seeded modeled result; no desktop or web application executed.
true,false,fixture-0257,sim-local-baseline,1.0.0,1,document_0257.json,2026-05-14_Riverstone-Co_invoice_REF-0257.json,2026-05-14_Riverstone-Co_invoice_REF-0257.json,1,1,3,1012,0,Seeded modeled result; no desktop or web application executed.
true,false,fixture-0257,sim-local-baseline,1.0.0,2,document_0257.json,2026-05-14_Riverstone-Co_invoice_REF-0257.json,2026-05-14_invoice_REF-0257.json,1,0,2,879,0,Seeded modeled result; no desktop or web application executed.
true,false,fixture-0257,sim-local-baseline,1.0.0,3,document_0257.json,2026-05-14_Riverstone-Co_invoice_REF-0257.json,2026-05-14_invoice_REF-0257.json,1,0,1,766,0,Seeded modeled result; no desktop or web application executed.
true,false,fixture-0257,sim-rule-baseline,1.0.0,1,document_0257.json,2026-05-14_Riverstone-Co_invoice_REF-0257.json,2026-05-14_invoice_REF-0257.json,1,0,2,105,0,Seeded modeled result; no desktop or web application executed.
true,false,fixture-0257,sim-rule-baseline,1.0.0,2,document_0257.json,2026-05-14_Riverstone-Co_invoice_REF-0257.json,2026-05-14_invoice_REF-0257.json,1,0,2,91,0,Seeded modeled result; no desktop or web application executed.
true,false,fixture-0257,sim-rule-baseline,1.0.0,3,document_0257.json,2026-05-14_Riverstone-Co_invoice_REF-0257.json,2026-05-14_invoice_REF-0257.json,1,0,1,77,0,Seeded modeled result; no desktop or web application executed.
true,false,fixture-0258,sim-reference-workflow,1.0.0,1,document_0258.xml,2026-06-15_Bluebird-Health_meeting-notes_REF-0258.xml,2026-06-15_Bluebird-Health_meeting-notes_REF-0258.xml,1,1,3,512,0,Seeded modeled result; no desktop or web application executed.
true,false,fixture-0258,sim-reference-workflow,1.0.0,2,document_0258.xml,2026-06-15_Bluebird-Health_meeting-notes_REF-0258.xml,2026-06-15_Bluebird-Health_meeting-notes_REF-0258.xml,1,1,3,576,0,Seeded modeled result; no desktop or web application executed.
true,false,fixture-0258,sim-reference-workflow,1.0.0,3,document_0258.xml,2026-06-15_Bluebird-Health_meeting-notes_REF-0258.xml,2026-06-15_Bluebird-Health_meeting-notes_REF-0258.xml,1,1,3,446,0,Seeded modeled result; no desktop or web application executed.
true,false,fixture-0258,sim-cloud-baseline,1.0.0,1,document_0258.xml,2026-06-15_Bluebird-Health_meeting-notes_REF-0258.xml,2026-06-15_Bluebird-Health_meeting-notes_REF-0258.xml,1,1,3,847,0,Seeded modeled result; no desktop or web application executed.
true,false,fixture-0258,sim-cloud-baseline,1.0.0,2,document_0258.xml,2026-06-15_Bluebird-Health_meeting-notes_REF-0258.xml,2026-06-15_Bluebird-Health_meeting-notes_REF-0258.xml,1,1,3,732,0,Seeded modeled result; no desktop or web application executed.
true,false,fixture-0258,sim-cloud-baseline,1.0.0,3,document_0258.xml,2026-06-15_Bluebird-Health_meeting-notes_REF-0258.xml,2026-06-15_Bluebird-Health_meeting-notes_REF-0258.xml,1,1,3,688,0,Seeded modeled result; no desktop or web application executed.
true,false,fixture-0258,sim-local-baseline,1.0.0,1,document_0258.xml,2026-06-15_Bluebird-Health_meeting-notes_REF-0258.xml,2026-06-15_Bluebird-Health_meeting-notes_REF-0258.xml,1,1,3,922,0,Seeded modeled result; no desktop or web application executed.
true,false,fixture-0258,sim-local-baseline,1.0.0,2,document_0258.xml,2026-06-15_Bluebird-Health_meeting-notes_REF-0258.xml,2026-06-15_Bluebird-Health_meeting-notes_REF-0258.xml,1,1,3,832,0,Seeded modeled result; no desktop or web application executed.
true,false,fixture-0258,sim-local-baseline,1.0.0,3,document_0258.xml,2026-06-15_Bluebird-Health_meeting-notes_REF-0258.xml,2026-06-15_Bluebird-Health_meeting-notes_REF-0258.xml,1,1,3,1135,0,Seeded modeled result; no desktop or web application executed.
true,false,fixture-0258,sim-rule-baseline,1.0.0,1,document_0258.xml,2026-06-15_Bluebird-Health_meeting-notes_REF-0258.xml,2026-06-15_Bluebird-Health_meeting-notes_REF-0258.xml,1,1,3,79,0,Seeded modeled result; no desktop or web application executed.
true,false,fixture-0258,sim-rule-baseline,1.0.0,2,document_0258.xml,2026-06-15_Bluebird-Health_meeting-notes_REF-0258.xml,2026-06-15_meeting-notes_REF-0258.xml,1,0,0,88,0,Seeded modeled result; no desktop or web application executed.
true,false,fixture-0258,sim-rule-baseline,1.0.0,3,document_0258.xml,2026-06-15_Bluebird-Health_meeting-notes_REF-0258.xml,2026-06-15_meeting-notes_REF-0258.xml,1,0,2,74,0,Seeded modeled result; no desktop or web application executed.
true,false,fixture-0259,sim-reference-workflow,1.0.0,1,document_0259.yaml,2026-07-16_Northstar-Studio_invoice_REF-0259.yaml,2026-07-16_Northstar-Studio_invoice_REF-0259.yaml,1,1,3,636,0,Seeded modeled result; no desktop or web application executed.
true,false,fixture-0259,sim-reference-workflow,1.0.0,2,document_0259.yaml,2026-07-16_Northstar-Studio_invoice_REF-0259.yaml,2026-07-16_Northstar-Studio_invoice_REF-0259.yaml,1,1,3,439,0,Seeded modeled result; no desktop or web application executed.
true,false,fixture-0259,sim-reference-workflow,1.0.0,3,document_0259.yaml,2026-07-16_Northstar-Studio_invoice_REF-0259.yaml,2026-07-16_invoice_REF-0259.yaml,1,0,3,593,0,Seeded modeled result; no desktop or web application executed.
true,false,fixture-0259,sim-cloud-baseline,1.0.0,1,document_0259.yaml,2026-07-16_Northstar-Studio_invoice_REF-0259.yaml,2026-07-16_invoice_REF-0259.yaml,1,0,2,857,0,Seeded modeled result; no desktop or web application executed.
true,false,fixture-0259,sim-cloud-baseline,1.0.0,2,document_0259.yaml,2026-07-16_Northstar-Studio_invoice_REF-0259.yaml,2026-07-16_Northstar-Studio_invoice_REF-0259.yaml,1,1,3,842,0,Seeded modeled result; no desktop or web application executed.
true,false,fixture-0259,sim-cloud-baseline,1.0.0,3,document_0259.yaml,2026-07-16_Northstar-Studio_invoice_REF-0259.yaml,2026-07-16_Northstar-Studio_invoice_REF-0259.yaml,1,1,3,769,0,Seeded modeled result; no desktop or web application executed.
true,false,fixture-0259,sim-local-baseline,1.0.0,1,document_0259.yaml,2026-07-16_Northstar-Studio_invoice_REF-0259.yaml,2026-07-16_Northstar-Studio_invoice_REF-0259.yaml,1,1,3,780,0,Seeded modeled result; no desktop or web application executed.
true,false,fixture-0259,sim-local-baseline,1.0.0,2,document_0259.yaml,2026-07-16_Northstar-Studio_invoice_REF-0259.yaml,2026-07-16_Northstar-Studio_invoice_REF-0259.yaml,1,1,3,887,0,Seeded modeled result; no desktop or web application executed.
true,false,fixture-0259,sim-local-baseline,1.0.0,3,document_0259.yaml,2026-07-16_Northstar-Studio_invoice_REF-0259.yaml,2026-07-16_Northstar-Studio_invoice_REF-0259.yaml,1,1,3,980,0,Seeded modeled result; no desktop or web application executed.
true,false,fixture-0259,sim-rule-baseline,1.0.0,1,document_0259.yaml,2026-07-16_Northstar-Studio_invoice_REF-0259.yaml,2026-07-16_Northstar-Studio_invoice_REF-0259.yaml,1,1,3,70,0,Seeded modeled result; no desktop or web application executed.
true,false,fixture-0259,sim-rule-baseline,1.0.0,2,document_0259.yaml,2026-07-16_Northstar-Studio_invoice_REF-0259.yaml,2026-07-16_invoice_REF-0259.yaml,1,0,1,71,0,Seeded modeled result; no desktop or web application executed.
true,false,fixture-0259,sim-rule-baseline,1.0.0,3,document_0259.yaml,2026-07-16_Northstar-Studio_invoice_REF-0259.yaml,2026-07-16_invoice_REF-0259.yaml,1,0,2,75,0,Seeded modeled result; no desktop or web application executed.
true,false,fixture-0260,sim-reference-workflow,1.0.0,1,document_0260.html,2026-08-17_Pinecone-Works_meeting-notes_REF-0260.html,2026-08-17_Pinecone-Works_meeting-notes_REF-0260.html,1,1,3,622,0,Seeded modeled result; no desktop or web application executed.
true,false,fixture-0260,sim-reference-workflow,1.0.0,2,document_0260.html,2026-08-17_Pinecone-Works_meeting-notes_REF-0260.html,2026-08-17_Pinecone-Works_meeting-notes_REF-0260.html,1,1,3,645,0,Seeded modeled result; no desktop or web application executed.
true,false,fixture-0260,sim-reference-workflow,1.0.0,3,document_0260.html,2026-08-17_Pinecone-Works_meeting-notes_REF-0260.html,2026-08-17_Pinecone-Works_meeting-notes_REF-0260.html,1,1,3,401,0,Seeded modeled result; no desktop or web application executed.
true,false,fixture-0260,sim-cloud-baseline,1.0.0,1,document_0260.html,2026-08-17_Pinecone-Works_meeting-notes_REF-0260.html,2026-08-17_meeting-notes_REF-0260.html,1,0,3,878,0,Seeded modeled result; no desktop or web application executed.
true,false,fixture-0260,sim-cloud-baseline,1.0.0,2,document_0260.html,2026-08-17_Pinecone-Works_meeting-notes_REF-0260.html,2026-08-17_Pinecone-Works_meeting-notes_REF-0260.html,1,1,3,661,0,Seeded modeled result; no desktop or web application executed.
true,false,fixture-0260,sim-cloud-baseline,1.0.0,3,document_0260.html,2026-08-17_Pinecone-Works_meeting-notes_REF-0260.html,2026-08-17_Pinecone-Works_meeting-notes_REF-0260.html,1,1,3,577,0,Seeded modeled result; no desktop or web application executed.
true,false,fixture-0260,sim-local-baseline,1.0.0,1,document_0260.html,2026-08-17_Pinecone-Works_meeting-notes_REF-0260.html,2026-08-17_Pinecone-Works_meeting-notes_REF-0260.html,1,1,3,992,0,Seeded modeled result; no desktop or web application executed.
true,false,fixture-0260,sim-local-baseline,1.0.0,2,document_0260.html,2026-08-17_Pinecone-Works_meeting-notes_REF-0260.html,2026-08-17_meeting-notes_REF-0260.html,1,0,3,813,0,Seeded modeled result; no desktop or web application executed.
true,false,fixture-0260,sim-local-baseline,1.0.0,3,document_0260.html,2026-08-17_Pinecone-Works_meeting-notes_REF-0260.html,2026-08-17_Pinecone-Works_meeting-notes_REF-0260.html,1,1,3,933,0,Seeded modeled result; no desktop or web application executed.
true,false,fixture-0260,sim-rule-baseline,1.0.0,1,document_0260.html,2026-08-17_Pinecone-Works_meeting-notes_REF-0260.html,2026-08-17_meeting-notes_REF-0260.html,1,0,2,71,0,Seeded modeled result; no desktop or web application executed.
true,false,fixture-0260,sim-rule-baseline,1.0.0,2,document_0260.html,2026-08-17_Pinecone-Works_meeting-notes_REF-0260.html,2026-08-17_meeting-notes_REF-0260.html,1,0,1,90,0,Seeded modeled result; no desktop or web application executed.
true,false,fixture-0260,sim-rule-baseline,1.0.0,3,document_0260.html,2026-08-17_Pinecone-Works_meeting-notes_REF-0260.html,2026-08-17_meeting-notes_REF-0260.html,1,0,1,76,0,Seeded modeled result; no desktop or web application executed.
true,false,fixture-0261,sim-reference-workflow,1.0.0,1,document_0261.eml,2026-09-18_Acme-Labs_invoice_REF-0261.eml,2026-09-18_invoice_REF-0261.eml,1,0,3,411,0,Seeded modeled result; no desktop or web application executed.
true,false,fixture-0261,sim-reference-workflow,1.0.0,2,document_0261.eml,2026-09-18_Acme-Labs_invoice_REF-0261.eml,2026-09-18_Acme-Labs_invoice_REF-0261.eml,1,1,3,462,0,Seeded modeled result; no desktop or web application executed.
true,false,fixture-0261,sim-reference-workflow,1.0.0,3,document_0261.eml,2026-09-18_Acme-Labs_invoice_REF-0261.eml,2026-09-18_Acme-Labs_invoice_REF-0261.eml,1,1,3,609,0,Seeded modeled result; no desktop or web application executed.
true,false,fixture-0261,sim-cloud-baseline,1.0.0,1,document_0261.eml,2026-09-18_Acme-Labs_invoice_REF-0261.eml,2026-09-18_Acme-Labs_invoice_REF-0261.eml,1,1,3,645,0,Seeded modeled result; no desktop or web application executed.
true,false,fixture-0261,sim-cloud-baseline,1.0.0,2,document_0261.eml,2026-09-18_Acme-Labs_invoice_REF-0261.eml,2026-09-18_invoice_REF-0261.eml,1,0,2,882,0,Seeded modeled result; no desktop or web application executed.
true,false,fixture-0261,sim-cloud-baseline,1.0.0,3,document_0261.eml,2026-09-18_Acme-Labs_invoice_REF-0261.eml,2026-09-18_Acme-Labs_invoice_REF-0261.eml,1,1,3,659,0,Seeded modeled result; no desktop or web application executed.
true,false,fixture-0261,sim-local-baseline,1.0.0,1,document_0261.eml,2026-09-18_Acme-Labs_invoice_REF-0261.eml,2026-09-18_Acme-Labs_invoice_REF-0261.eml,1,1,3,1121,0,Seeded modeled result; no desktop or web application executed.
true,false,fixture-0261,sim-local-baseline,1.0.0,2,document_0261.eml,2026-09-18_Acme-Labs_invoice_REF-0261.eml,2026-09-18_invoice_REF-0261.eml,1,0,3,1034,0,Seeded modeled result; no desktop or web application executed.
true,false,fixture-0261,sim-local-baseline,1.0.0,3,document_0261.eml,2026-09-18_Acme-Labs_invoice_REF-0261.eml,2026-09-18_Acme-Labs_invoice_REF-0261.eml,1,1,3,957,0,Seeded modeled result; no desktop or web application executed.
true,false,fixture-0261,sim-rule-baseline,1.0.0,1,document_0261.eml,2026-09-18_Acme-Labs_invoice_REF-0261.eml,2026-09-18_Acme-Labs_invoice_REF-0261.eml,1,1,3,74,0,Seeded modeled result; no desktop or web application executed.
true,false,fixture-0261,sim-rule-baseline,1.0.0,2,document_0261.eml,2026-09-18_Acme-Labs_invoice_REF-0261.eml,2026-09-18_invoice_REF-0261.eml,1,0,0,79,0,Seeded modeled result; no desktop or web application executed.
true,false,fixture-0261,sim-rule-baseline,1.0.0,3,document_0261.eml,2026-09-18_Acme-Labs_invoice_REF-0261.eml,2026-09-18_invoice_REF-0261.eml,1,0,3,93,0,Seeded modeled result; no desktop or web application executed.
true,false,fixture-0262,sim-reference-workflow,1.0.0,1,document_0262.srt,2026-10-19_Riverstone-Co_meeting-notes_REF-0262.srt,2026-10-19_meeting-notes_REF-0262.srt,1,0,3,453,0,Seeded modeled result; no desktop or web application executed.
true,false,fixture-0262,sim-reference-workflow,1.0.0,2,document_0262.srt,2026-10-19_Riverstone-Co_meeting-notes_REF-0262.srt,2026-10-19_Riverstone-Co_meeting-notes_REF-0262.srt,1,1,3,515,0,Seeded modeled result; no desktop or web application executed.
true,false,fixture-0262,sim-reference-workflow,1.0.0,3,document_0262.srt,2026-10-19_Riverstone-Co_meeting-notes_REF-0262.srt,2026-10-19_Riverstone-Co_meeting-notes_REF-0262.srt,1,1,3,517,0,Seeded modeled result; no desktop or web application executed.
true,false,fixture-0262,sim-cloud-baseline,1.0.0,1,document_0262.srt,2026-10-19_Riverstone-Co_meeting-notes_REF-0262.srt,2026-10-19_meeting-notes_REF-0262.srt,1,0,3,836,0,Seeded modeled result; no desktop or web application executed.
true,false,fixture-0262,sim-cloud-baseline,1.0.0,2,document_0262.srt,2026-10-19_Riverstone-Co_meeting-notes_REF-0262.srt,2026-10-19_Riverstone-Co_meeting-notes_REF-0262.srt,1,1,3,670,0,Seeded modeled result; no desktop or web application executed.
true,false,fixture-0262,sim-cloud-baseline,1.0.0,3,document_0262.srt,2026-10-19_Riverstone-Co_meeting-notes_REF-0262.srt,2026-10-19_Riverstone-Co_meeting-notes_REF-0262.srt,1,1,3,803,0,Seeded modeled result; no desktop or web application executed.
true,false,fixture-0262,sim-local-baseline,1.0.0,1,document_0262.srt,2026-10-19_Riverstone-Co_meeting-notes_REF-0262.srt,2026-10-19_Riverstone-Co_meeting-notes_REF-0262.srt,1,1,3,1167,0,Seeded modeled result; no desktop or web application executed.
true,false,fixture-0262,sim-local-baseline,1.0.0,2,document_0262.srt,2026-10-19_Riverstone-Co_meeting-notes_REF-0262.srt,2026-10-19_meeting-notes_REF-0262.srt,1,0,1,909,0,Seeded modeled result; no desktop or web application executed.
true,false,fixture-0262,sim-local-baseline,1.0.0,3,document_0262.srt,2026-10-19_Riverstone-Co_meeting-notes_REF-0262.srt,2026-10-19_Riverstone-Co_meeting-notes_REF-0262.srt,1,1,3,1094,0,Seeded modeled result; no desktop or web application executed.
true,false,fixture-0262,sim-rule-baseline,1.0.0,1,document_0262.srt,2026-10-19_Riverstone-Co_meeting-notes_REF-0262.srt,2026-10-19_meeting-notes_REF-0262.srt,1,0,0,98,0,Seeded modeled result; no desktop or web application executed.
true,false,fixture-0262,sim-rule-baseline,1.0.0,2,document_0262.srt,2026-10-19_Riverstone-Co_meeting-notes_REF-0262.srt,2026-10-19_meeting-notes_REF-0262.srt,1,0,2,112,0,Seeded modeled result; no desktop or web application executed.
true,false,fixture-0262,sim-rule-baseline,1.0.0,3,document_0262.srt,2026-10-19_Riverstone-Co_meeting-notes_REF-0262.srt,2026-10-19_meeting-notes_REF-0262.srt,1,0,1,73,0,Seeded modeled result; no desktop or web application executed.
true,false,fixture-0263,sim-reference-workflow,1.0.0,1,document_0263.vtt,2026-11-20_Bluebird-Health_invoice_REF-0263.vtt,2026-11-20_Bluebird-Health_invoice_REF-0263.vtt,1,1,3,638,0,Seeded modeled result; no desktop or web application executed.
true,false,fixture-0263,sim-reference-workflow,1.0.0,2,document_0263.vtt,2026-11-20_Bluebird-Health_invoice_REF-0263.vtt,2026-11-20_Bluebird-Health_invoice_REF-0263.vtt,1,1,3,647,0,Seeded modeled result; no desktop or web application executed.
true,false,fixture-0263,sim-reference-workflow,1.0.0,3,document_0263.vtt,2026-11-20_Bluebird-Health_invoice_REF-0263.vtt,2026-11-20_invoice_REF-0263.vtt,1,0,2,407,0,Seeded modeled result; no desktop or web application executed.
true,false,fixture-0263,sim-cloud-baseline,1.0.0,1,document_0263.vtt,2026-11-20_Bluebird-Health_invoice_REF-0263.vtt,2026-11-20_invoice_REF-0263.vtt,1,0,2,877,0,Seeded modeled result; no desktop or web application executed.
true,false,fixture-0263,sim-cloud-baseline,1.0.0,2,document_0263.vtt,2026-11-20_Bluebird-Health_invoice_REF-0263.vtt,2026-11-20_Bluebird-Health_invoice_REF-0263.vtt,1,1,3,696,0,Seeded modeled result; no desktop or web application executed.
true,false,fixture-0263,sim-cloud-baseline,1.0.0,3,document_0263.vtt,2026-11-20_Bluebird-Health_invoice_REF-0263.vtt,2026-11-20_Bluebird-Health_invoice_REF-0263.vtt,1,1,3,852,0,Seeded modeled result; no desktop or web application executed.
true,false,fixture-0263,sim-local-baseline,1.0.0,1,document_0263.vtt,2026-11-20_Bluebird-Health_invoice_REF-0263.vtt,2026-11-20_Bluebird-Health_invoice_REF-0263.vtt,1,1,3,1018,0,Seeded modeled result; no desktop or web application executed.
true,false,fixture-0263,sim-local-baseline,1.0.0,2,document_0263.vtt,2026-11-20_Bluebird-Health_invoice_REF-0263.vtt,2026-11-20_Bluebird-Health_invoice_REF-0263.vtt,1,1,3,1207,0,Seeded modeled result; no desktop or web application executed.
true,false,fixture-0263,sim-local-baseline,1.0.0,3,document_0263.vtt,2026-11-20_Bluebird-Health_invoice_REF-0263.vtt,2026-11-20_invoice_REF-0263.vtt,1,0,3,1079,0,Seeded modeled result; no desktop or web application executed.
true,false,fixture-0263,sim-rule-baseline,1.0.0,1,document_0263.vtt,2026-11-20_Bluebird-Health_invoice_REF-0263.vtt,2026-11-20_invoice_REF-0263.vtt,1,0,2,106,0,Seeded modeled result; no desktop or web application executed.
true,false,fixture-0263,sim-rule-baseline,1.0.0,2,document_0263.vtt,2026-11-20_Bluebird-Health_invoice_REF-0263.vtt,2026-11-20_invoice_REF-0263.vtt,1,0,2,100,0,Seeded modeled result; no desktop or web application executed.
true,false,fixture-0263,sim-rule-baseline,1.0.0,3,document_0263.vtt,2026-11-20_Bluebird-Health_invoice_REF-0263.vtt,2026-11-20_invoice_REF-0263.vtt,1,0,2,91,0,Seeded modeled result; no desktop or web application executed.
true,false,fixture-0264,sim-reference-workflow,1.0.0,1,document_0264.svg,2026-12-21_Northstar-Studio_meeting-notes_REF-0264.svg,2026-12-21_Northstar-Studio_meeting-notes_REF-0264.svg,1,1,3,537,0,Seeded modeled result; no desktop or web application executed.
true,false,fixture-0264,sim-reference-workflow,1.0.0,2,document_0264.svg,2026-12-21_Northstar-Studio_meeting-notes_REF-0264.svg,2026-12-21_Northstar-Studio_meeting-notes_REF-0264.svg,1,1,3,552,0,Seeded modeled result; no desktop or web application executed.
true,false,fixture-0264,sim-reference-workflow,1.0.0,3,document_0264.svg,2026-12-21_Northstar-Studio_meeting-notes_REF-0264.svg,2026-12-21_Northstar-Studio_meeting-notes_REF-0264.svg,1,1,3,571,0,Seeded modeled result; no desktop or web application executed.
true,false,fixture-0264,sim-cloud-baseline,1.0.0,1,document_0264.svg,2026-12-21_Northstar-Studio_meeting-notes_REF-0264.svg,2026-12-21_Northstar-Studio_meeting-notes_REF-0264.svg,1,1,3,574,0,Seeded modeled result; no desktop or web application executed.
true,false,fixture-0264,sim-cloud-baseline,1.0.0,2,document_0264.svg,2026-12-21_Northstar-Studio_meeting-notes_REF-0264.svg,2026-12-21_Northstar-Studio_meeting-notes_REF-0264.svg,1,1,3,833,0,Seeded modeled result; no desktop or web application executed.
true,false,fixture-0264,sim-cloud-baseline,1.0.0,3,document_0264.svg,2026-12-21_Northstar-Studio_meeting-notes_REF-0264.svg,2026-12-21_Northstar-Studio_meeting-notes_REF-0264.svg,1,1,3,781,0,Seeded modeled result; no desktop or web application executed.
true,false,fixture-0264,sim-local-baseline,1.0.0,1,document_0264.svg,2026-12-21_Northstar-Studio_meeting-notes_REF-0264.svg,2026-12-21_Northstar-Studio_meeting-notes_REF-0264.svg,1,1,3,1030,0,Seeded modeled result; no desktop or web application executed.
true,false,fixture-0264,sim-local-baseline,1.0.0,2,document_0264.svg,2026-12-21_Northstar-Studio_meeting-notes_REF-0264.svg,2026-12-21_Northstar-Studio_meeting-notes_REF-0264.svg,1,1,3,1210,0,Seeded modeled result; no desktop or web application executed.
true,false,fixture-0264,sim-local-baseline,1.0.0,3,document_0264.svg,2026-12-21_Northstar-Studio_meeting-notes_REF-0264.svg,2026-12-21_Northstar-Studio_meeting-notes_REF-0264.svg,1,1,3,1121,0,Seeded modeled result; no desktop or web application executed.
true,false,fixture-0264,sim-rule-baseline,1.0.0,1,document_0264.svg,2026-12-21_Northstar-Studio_meeting-notes_REF-0264.svg,2026-12-21_meeting-notes_REF-0264.svg,1,0,2,94,0,Seeded modeled result; no desktop or web application executed.
true,false,fixture-0264,sim-rule-baseline,1.0.0,2,document_0264.svg,2026-12-21_Northstar-Studio_meeting-notes_REF-0264.svg,2026-12-21_meeting-notes_REF-0264.svg,1,0,3,86,0,Seeded modeled result; no desktop or web application executed.
true,false,fixture-0264,sim-rule-baseline,1.0.0,3,document_0264.svg,2026-12-21_Northstar-Studio_meeting-notes_REF-0264.svg,2026-12-21_meeting-notes_REF-0264.svg,1,0,1,71,0,Seeded modeled result; no desktop or web application executed.
true,false,fixture-0265,sim-reference-workflow,1.0.0,1,document_0265.txt,2026-01-22_Pinecone-Works_invoice_REF-0265.txt,2026-01-22_Pinecone-Works_invoice_REF-0265.txt,1,1,3,405,0,Seeded modeled result; no desktop or web application executed.
true,false,fixture-0265,sim-reference-workflow,1.0.0,2,document_0265.txt,2026-01-22_Pinecone-Works_invoice_REF-0265.txt,2026-01-22_Pinecone-Works_invoice_REF-0265.txt,1,1,3,431,0,Seeded modeled result; no desktop or web application executed.
true,false,fixture-0265,sim-reference-workflow,1.0.0,3,document_0265.txt,2026-01-22_Pinecone-Works_invoice_REF-0265.txt,2026-01-22_Pinecone-Works_invoice_REF-0265.txt,1,1,3,528,0,Seeded modeled result; no desktop or web application executed.
true,false,fixture-0265,sim-cloud-baseline,1.0.0,1,document_0265.txt,2026-01-22_Pinecone-Works_invoice_REF-0265.txt,2026-01-22_Pinecone-Works_invoice_REF-0265.txt,1,1,3,779,0,Seeded modeled result; no desktop or web application executed.
true,false,fixture-0265,sim-cloud-baseline,1.0.0,2,document_0265.txt,2026-01-22_Pinecone-Works_invoice_REF-0265.txt,2026-01-22_Pinecone-Works_invoice_REF-0265.txt,1,1,3,569,0,Seeded modeled result; no desktop or web application executed.
true,false,fixture-0265,sim-cloud-baseline,1.0.0,3,document_0265.txt,2026-01-22_Pinecone-Works_invoice_REF-0265.txt,2026-01-22_Pinecone-Works_invoice_REF-0265.txt,1,1,3,667,0,Seeded modeled result; no desktop or web application executed.
true,false,fixture-0265,sim-local-baseline,1.0.0,1,document_0265.txt,2026-01-22_Pinecone-Works_invoice_REF-0265.txt,2026-01-22_Pinecone-Works_invoice_REF-0265.txt,1,1,3,831,0,Seeded modeled result; no desktop or web application executed.
true,false,fixture-0265,sim-local-baseline,1.0.0,2,document_0265.txt,2026-01-22_Pinecone-Works_invoice_REF-0265.txt,2026-01-22_invoice_REF-0265.txt,1,0,3,914,0,Seeded modeled result; no desktop or web application executed.
true,false,fixture-0265,sim-local-baseline,1.0.0,3,document_0265.txt,2026-01-22_Pinecone-Works_invoice_REF-0265.txt,2026-01-22_invoice_REF-0265.txt,1,0,3,808,0,Seeded modeled result; no desktop or web application executed.
true,false,fixture-0265,sim-rule-baseline,1.0.0,1,document_0265.txt,2026-01-22_Pinecone-Works_invoice_REF-0265.txt,2026-01-22_Pinecone-Works_invoice_REF-0265.txt,1,1,3,93,0,Seeded modeled result; no desktop or web application executed.
true,false,fixture-0265,sim-rule-baseline,1.0.0,2,document_0265.txt,2026-01-22_Pinecone-Works_invoice_REF-0265.txt,2026-01-22_Pinecone-Works_invoice_REF-0265.txt,1,1,3,105,0,Seeded modeled result; no desktop or web application executed.
true,false,fixture-0265,sim-rule-baseline,1.0.0,3,document_0265.txt,2026-01-22_Pinecone-Works_invoice_REF-0265.txt,2026-01-22_invoice_REF-0265.txt,1,0,0,81,0,Seeded modeled result; no desktop or web application executed.
true,false,fixture-0266,sim-reference-workflow,1.0.0,1,document_0266.md,2026-02-23_Acme-Labs_meeting-notes_REF-0266.md,2026-02-23_Acme-Labs_meeting-notes_REF-0266.md,1,1,3,545,0,Seeded modeled result; no desktop or web application executed.
true,false,fixture-0266,sim-reference-workflow,1.0.0,2,document_0266.md,2026-02-23_Acme-Labs_meeting-notes_REF-0266.md,2026-02-23_Acme-Labs_meeting-notes_REF-0266.md,1,1,3,426,0,Seeded modeled result; no desktop or web application executed.
true,false,fixture-0266,sim-reference-workflow,1.0.0,3,document_0266.md,2026-02-23_Acme-Labs_meeting-notes_REF-0266.md,2026-02-23_Acme-Labs_meeting-notes_REF-0266.md,1,1,3,546,0,Seeded modeled result; no desktop or web application executed.
true,false,fixture-0266,sim-cloud-baseline,1.0.0,1,document_0266.md,2026-02-23_Acme-Labs_meeting-notes_REF-0266.md,2026-02-23_Acme-Labs_meeting-notes_REF-0266.md,1,1,3,648,0,Seeded modeled result; no desktop or web application executed.
true,false,fixture-0266,sim-cloud-baseline,1.0.0,2,document_0266.md,2026-02-23_Acme-Labs_meeting-notes_REF-0266.md,2026-02-23_Acme-Labs_meeting-notes_REF-0266.md,1,1,3,880,0,Seeded modeled result; no desktop or web application executed.
true,false,fixture-0266,sim-cloud-baseline,1.0.0,3,document_0266.md,2026-02-23_Acme-Labs_meeting-notes_REF-0266.md,2026-02-23_Acme-Labs_meeting-notes_REF-0266.md,1,1,3,718,0,Seeded modeled result; no desktop or web application executed.
true,false,fixture-0266,sim-local-baseline,1.0.0,1,document_0266.md,2026-02-23_Acme-Labs_meeting-notes_REF-0266.md,2026-02-23_meeting-notes_REF-0266.md,1,0,3,1007,0,Seeded modeled result; no desktop or web application executed.
true,false,fixture-0266,sim-local-baseline,1.0.0,2,document_0266.md,2026-02-23_Acme-Labs_meeting-notes_REF-0266.md,2026-02-23_Acme-Labs_meeting-notes_REF-0266.md,1,1,3,1083,0,Seeded modeled result; no desktop or web application executed.
true,false,fixture-0266,sim-local-baseline,1.0.0,3,document_0266.md,2026-02-23_Acme-Labs_meeting-notes_REF-0266.md,2026-02-23_Acme-Labs_meeting-notes_REF-0266.md,1,1,3,828,0,Seeded modeled result; no desktop or web application executed.
true,false,fixture-0266,sim-rule-baseline,1.0.0,1,document_0266.md,2026-02-23_Acme-Labs_meeting-notes_REF-0266.md,2026-02-23_meeting-notes_REF-0266.md,1,0,2,104,0,Seeded modeled result; no desktop or web application executed.
true,false,fixture-0266,sim-rule-baseline,1.0.0,2,document_0266.md,2026-02-23_Acme-Labs_meeting-notes_REF-0266.md,2026-02-23_Acme-Labs_meeting-notes_REF-0266.md,1,1,3,89,0,Seeded modeled result; no desktop or web application executed.
true,false,fixture-0266,sim-rule-baseline,1.0.0,3,document_0266.md,2026-02-23_Acme-Labs_meeting-notes_REF-0266.md,2026-02-23_meeting-notes_REF-0266.md,1,0,1,91,0,Seeded modeled result; no desktop or web application executed.
true,false,fixture-0267,sim-reference-workflow,1.0.0,1,document_0267.csv,2026-03-24_Riverstone-Co_invoice_REF-0267.csv,2026-03-24_Riverstone-Co_invoice_REF-0267.csv,1,1,3,466,0,Seeded modeled result; no desktop or web application executed.
true,false,fixture-0267,sim-reference-workflow,1.0.0,2,document_0267.csv,2026-03-24_Riverstone-Co_invoice_REF-0267.csv,2026-03-24_Riverstone-Co_invoice_REF-0267.csv,1,1,3,444,0,Seeded modeled result; no desktop or web application executed.
true,false,fixture-0267,sim-reference-workflow,1.0.0,3,document_0267.csv,2026-03-24_Riverstone-Co_invoice_REF-0267.csv,2026-03-24_Riverstone-Co_invoice_REF-0267.csv,1,1,3,420,0,Seeded modeled result; no desktop or web application executed.
true,false,fixture-0267,sim-cloud-baseline,1.0.0,1,document_0267.csv,2026-03-24_Riverstone-Co_invoice_REF-0267.csv,2026-03-24_invoice_REF-0267.csv,1,0,2,866,0,Seeded modeled result; no desktop or web application executed.
true,false,fixture-0267,sim-cloud-baseline,1.0.0,2,document_0267.csv,2026-03-24_Riverstone-Co_invoice_REF-0267.csv,2026-03-24_Riverstone-Co_invoice_REF-0267.csv,1,1,3,879,0,Seeded modeled result; no desktop or web application executed.
true,false,fixture-0267,sim-cloud-baseline,1.0.0,3,document_0267.csv,2026-03-24_Riverstone-Co_invoice_REF-0267.csv,2026-03-24_Riverstone-Co_invoice_REF-0267.csv,1,1,3,716,0,Seeded modeled result; no desktop or web application executed.
true,false,fixture-0267,sim-local-baseline,1.0.0,1,document_0267.csv,2026-03-24_Riverstone-Co_invoice_REF-0267.csv,2026-03-24_Riverstone-Co_invoice_REF-0267.csv,1,1,3,896,0,Seeded modeled result; no desktop or web application executed.
true,false,fixture-0267,sim-local-baseline,1.0.0,2,document_0267.csv,2026-03-24_Riverstone-Co_invoice_REF-0267.csv,2026-03-24_Riverstone-Co_invoice_REF-0267.csv,1,1,3,810,0,Seeded modeled result; no desktop or web application executed.
true,false,fixture-0267,sim-local-baseline,1.0.0,3,document_0267.csv,2026-03-24_Riverstone-Co_invoice_REF-0267.csv,2026-03-24_invoice_REF-0267.csv,1,0,3,878,0,Seeded modeled result; no desktop or web application executed.
true,false,fixture-0267,sim-rule-baseline,1.0.0,1,document_0267.csv,2026-03-24_Riverstone-Co_invoice_REF-0267.csv,2026-03-24_invoice_REF-0267.csv,1,0,2,90,0,Seeded modeled result; no desktop or web application executed.
true,false,fixture-0267,sim-rule-baseline,1.0.0,2,document_0267.csv,2026-03-24_Riverstone-Co_invoice_REF-0267.csv,2026-03-24_invoice_REF-0267.csv,1,0,1,77,0,Seeded modeled result; no desktop or web application executed.
true,false,fixture-0267,sim-rule-baseline,1.0.0,3,document_0267.csv,2026-03-24_Riverstone-Co_invoice_REF-0267.csv,2026-03-24_invoice_REF-0267.csv,1,0,2,78,0,Seeded modeled result; no desktop or web application executed.
true,false,fixture-0268,sim-reference-workflow,1.0.0,1,document_0268.json,2026-04-25_Bluebird-Health_meeting-notes_REF-0268.json,2026-04-25_Bluebird-Health_meeting-notes_REF-0268.json,1,1,3,402,0,Seeded modeled result; no desktop or web application executed.
true,false,fixture-0268,sim-reference-workflow,1.0.0,2,document_0268.json,2026-04-25_Bluebird-Health_meeting-notes_REF-0268.json,2026-04-25_Bluebird-Health_meeting-notes_REF-0268.json,1,1,3,403,0,Seeded modeled result; no desktop or web application executed.
true,false,fixture-0268,sim-reference-workflow,1.0.0,3,document_0268.json,2026-04-25_Bluebird-Health_meeting-notes_REF-0268.json,2026-04-25_Bluebird-Health_meeting-notes_REF-0268.json,1,1,3,618,0,Seeded modeled result; no desktop or web application executed.
true,false,fixture-0268,sim-cloud-baseline,1.0.0,1,document_0268.json,2026-04-25_Bluebird-Health_meeting-notes_REF-0268.json,2026-04-25_Bluebird-Health_meeting-notes_REF-0268.json,1,1,3,684,0,Seeded modeled result; no desktop or web application executed.
true,false,fixture-0268,sim-cloud-baseline,1.0.0,2,document_0268.json,2026-04-25_Bluebird-Health_meeting-notes_REF-0268.json,2026-04-25_Bluebird-Health_meeting-notes_REF-0268.json,1,1,3,627,0,Seeded modeled result; no desktop or web application executed.
true,false,fixture-0268,sim-cloud-baseline,1.0.0,3,document_0268.json,2026-04-25_Bluebird-Health_meeting-notes_REF-0268.json,2026-04-25_Bluebird-Health_meeting-notes_REF-0268.json,1,1,3,848,0,Seeded modeled result; no desktop or web application executed.
true,false,fixture-0268,sim-local-baseline,1.0.0,1,document_0268.json,2026-04-25_Bluebird-Health_meeting-notes_REF-0268.json,2026-04-25_Bluebird-Health_meeting-notes_REF-0268.json,1,1,3,1053,0,Seeded modeled result; no desktop or web application executed.
true,false,fixture-0268,sim-local-baseline,1.0.0,2,document_0268.json,2026-04-25_Bluebird-Health_meeting-notes_REF-0268.json,2026-04-25_meeting-notes_REF-0268.json,1,0,3,790,0,Seeded modeled result; no desktop or web application executed.
true,false,fixture-0268,sim-local-baseline,1.0.0,3,document_0268.json,2026-04-25_Bluebird-Health_meeting-notes_REF-0268.json,2026-04-25_meeting-notes_REF-0268.json,1,0,2,754,0,Seeded modeled result; no desktop or web application executed.
true,false,fixture-0268,sim-rule-baseline,1.0.0,1,document_0268.json,2026-04-25_Bluebird-Health_meeting-notes_REF-0268.json,2026-04-25_meeting-notes_REF-0268.json,1,0,2,76,0,Seeded modeled result; no desktop or web application executed.
true,false,fixture-0268,sim-rule-baseline,1.0.0,2,document_0268.json,2026-04-25_Bluebird-Health_meeting-notes_REF-0268.json,2026-04-25_meeting-notes_REF-0268.json,1,0,0,71,0,Seeded modeled result; no desktop or web application executed.
true,false,fixture-0268,sim-rule-baseline,1.0.0,3,document_0268.json,2026-04-25_Bluebird-Health_meeting-notes_REF-0268.json,2026-04-25_meeting-notes_REF-0268.json,1,0,2,98,0,Seeded modeled result; no desktop or web application executed.
true,false,fixture-0269,sim-reference-workflow,1.0.0,1,document_0269.xml,2026-05-26_Northstar-Studio_invoice_REF-0269.xml,2026-05-26_Northstar-Studio_invoice_REF-0269.xml,1,1,3,458,0,Seeded modeled result; no desktop or web application executed.
true,false,fixture-0269,sim-reference-workflow,1.0.0,2,document_0269.xml,2026-05-26_Northstar-Studio_invoice_REF-0269.xml,2026-05-26_invoice_REF-0269.xml,1,0,3,505,0,Seeded modeled result; no desktop or web application executed.
true,false,fixture-0269,sim-reference-workflow,1.0.0,3,document_0269.xml,2026-05-26_Northstar-Studio_invoice_REF-0269.xml,2026-05-26_Northstar-Studio_invoice_REF-0269.xml,1,1,3,449,0,Seeded modeled result; no desktop or web application executed.
true,false,fixture-0269,sim-cloud-baseline,1.0.0,1,document_0269.xml,2026-05-26_Northstar-Studio_invoice_REF-0269.xml,2026-05-26_Northstar-Studio_invoice_REF-0269.xml,1,1,3,809,0,Seeded modeled result; no desktop or web application executed.
true,false,fixture-0269,sim-cloud-baseline,1.0.0,2,document_0269.xml,2026-05-26_Northstar-Studio_invoice_REF-0269.xml,2026-05-26_Northstar-Studio_invoice_REF-0269.xml,1,1,3,812,0,Seeded modeled result; no desktop or web application executed.
true,false,fixture-0269,sim-cloud-baseline,1.0.0,3,document_0269.xml,2026-05-26_Northstar-Studio_invoice_REF-0269.xml,2026-05-26_Northstar-Studio_invoice_REF-0269.xml,1,1,3,685,0,Seeded modeled result; no desktop or web application executed.
true,false,fixture-0269,sim-local-baseline,1.0.0,1,document_0269.xml,2026-05-26_Northstar-Studio_invoice_REF-0269.xml,2026-05-26_Northstar-Studio_invoice_REF-0269.xml,1,1,3,861,0,Seeded modeled result; no desktop or web application executed.
true,false,fixture-0269,sim-local-baseline,1.0.0,2,document_0269.xml,2026-05-26_Northstar-Studio_invoice_REF-0269.xml,2026-05-26_Northstar-Studio_invoice_REF-0269.xml,1,1,3,821,0,Seeded modeled result; no desktop or web application executed.
true,false,fixture-0269,sim-local-baseline,1.0.0,3,document_0269.xml,2026-05-26_Northstar-Studio_invoice_REF-0269.xml,2026-05-26_Northstar-Studio_invoice_REF-0269.xml,1,1,3,1126,0,Seeded modeled result; no desktop or web application executed.
true,false,fixture-0269,sim-rule-baseline,1.0.0,1,document_0269.xml,2026-05-26_Northstar-Studio_invoice_REF-0269.xml,2026-05-26_invoice_REF-0269.xml,1,0,2,101,0,Seeded modeled result; no desktop or web application executed.
true,false,fixture-0269,sim-rule-baseline,1.0.0,2,document_0269.xml,2026-05-26_Northstar-Studio_invoice_REF-0269.xml,2026-05-26_invoice_REF-0269.xml,1,0,1,80,0,Seeded modeled result; no desktop or web application executed.
true,false,fixture-0269,sim-rule-baseline,1.0.0,3,document_0269.xml,2026-05-26_Northstar-Studio_invoice_REF-0269.xml,2026-05-26_Northstar-Studio_invoice_REF-0269.xml,1,1,3,80,0,Seeded modeled result; no desktop or web application executed.
true,false,fixture-0270,sim-reference-workflow,1.0.0,1,document_0270.yaml,2026-06-27_Pinecone-Works_meeting-notes_REF-0270.yaml,2026-06-27_Pinecone-Works_meeting-notes_REF-0270.yaml,1,1,3,524,0,Seeded modeled result; no desktop or web application executed.
true,false,fixture-0270,sim-reference-workflow,1.0.0,2,document_0270.yaml,2026-06-27_Pinecone-Works_meeting-notes_REF-0270.yaml,2026-06-27_Pinecone-Works_meeting-notes_REF-0270.yaml,1,1,3,604,0,Seeded modeled result; no desktop or web application executed.
true,false,fixture-0270,sim-reference-workflow,1.0.0,3,document_0270.yaml,2026-06-27_Pinecone-Works_meeting-notes_REF-0270.yaml,2026-06-27_Pinecone-Works_meeting-notes_REF-0270.yaml,1,1,3,534,0,Seeded modeled result; no desktop or web application executed.
true,false,fixture-0270,sim-cloud-baseline,1.0.0,1,document_0270.yaml,2026-06-27_Pinecone-Works_meeting-notes_REF-0270.yaml,2026-06-27_Pinecone-Works_meeting-notes_REF-0270.yaml,1,1,3,557,0,Seeded modeled result; no desktop or web application executed.
true,false,fixture-0270,sim-cloud-baseline,1.0.0,2,document_0270.yaml,2026-06-27_Pinecone-Works_meeting-notes_REF-0270.yaml,2026-06-27_Pinecone-Works_meeting-notes_REF-0270.yaml,1,1,3,779,0,Seeded modeled result; no desktop or web application executed.
true,false,fixture-0270,sim-cloud-baseline,1.0.0,3,document_0270.yaml,2026-06-27_Pinecone-Works_meeting-notes_REF-0270.yaml,2026-06-27_meeting-notes_REF-0270.yaml,1,0,3,907,0,Seeded modeled result; no desktop or web application executed.
true,false,fixture-0270,sim-local-baseline,1.0.0,1,document_0270.yaml,2026-06-27_Pinecone-Works_meeting-notes_REF-0270.yaml,2026-06-27_Pinecone-Works_meeting-notes_REF-0270.yaml,1,1,3,1005,0,Seeded modeled result; no desktop or web application executed.
true,false,fixture-0270,sim-local-baseline,1.0.0,2,document_0270.yaml,2026-06-27_Pinecone-Works_meeting-notes_REF-0270.yaml,2026-06-27_meeting-notes_REF-0270.yaml,1,0,2,1167,0,Seeded modeled result; no desktop or web application executed.
true,false,fixture-0270,sim-local-baseline,1.0.0,3,document_0270.yaml,2026-06-27_Pinecone-Works_meeting-notes_REF-0270.yaml,2026-06-27_Pinecone-Works_meeting-notes_REF-0270.yaml,1,1,3,1080,0,Seeded modeled result; no desktop or web application executed.
true,false,fixture-0270,sim-rule-baseline,1.0.0,1,document_0270.yaml,2026-06-27_Pinecone-Works_meeting-notes_REF-0270.yaml,2026-06-27_Pinecone-Works_meeting-notes_REF-0270.yaml,1,1,3,95,0,Seeded modeled result; no desktop or web application executed.
true,false,fixture-0270,sim-rule-baseline,1.0.0,2,document_0270.yaml,2026-06-27_Pinecone-Works_meeting-notes_REF-0270.yaml,2026-06-27_meeting-notes_REF-0270.yaml,1,0,0,75,0,Seeded modeled result; no desktop or web application executed.
true,false,fixture-0270,sim-rule-baseline,1.0.0,3,document_0270.yaml,2026-06-27_Pinecone-Works_meeting-notes_REF-0270.yaml,2026-06-27_meeting-notes_REF-0270.yaml,1,0,1,80,0,Seeded modeled result; no desktop or web application executed.
true,false,fixture-0271,sim-reference-workflow,1.0.0,1,document_0271.html,2026-07-01_Acme-Labs_invoice_REF-0271.html,2026-07-01_invoice_REF-0271.html,1,0,3,455,0,Seeded modeled result; no desktop or web application executed.
true,false,fixture-0271,sim-reference-workflow,1.0.0,2,document_0271.html,2026-07-01_Acme-Labs_invoice_REF-0271.html,2026-07-01_invoice_REF-0271.html,1,0,3,620,0,Seeded modeled result; no desktop or web application executed.
true,false,fixture-0271,sim-reference-workflow,1.0.0,3,document_0271.html,2026-07-01_Acme-Labs_invoice_REF-0271.html,2026-07-01_Acme-Labs_invoice_REF-0271.html,1,1,3,452,0,Seeded modeled result; no desktop or web application executed.
true,false,fixture-0271,sim-cloud-baseline,1.0.0,1,document_0271.html,2026-07-01_Acme-Labs_invoice_REF-0271.html,2026-07-01_Acme-Labs_invoice_REF-0271.html,1,1,3,616,0,Seeded modeled result; no desktop or web application executed.
true,false,fixture-0271,sim-cloud-baseline,1.0.0,2,document_0271.html,2026-07-01_Acme-Labs_invoice_REF-0271.html,2026-07-01_Acme-Labs_invoice_REF-0271.html,1,1,3,609,0,Seeded modeled result; no desktop or web application executed.
true,false,fixture-0271,sim-cloud-baseline,1.0.0,3,document_0271.html,2026-07-01_Acme-Labs_invoice_REF-0271.html,2026-07-01_Acme-Labs_invoice_REF-0271.html,1,1,3,888,0,Seeded modeled result; no desktop or web application executed.
true,false,fixture-0271,sim-local-baseline,1.0.0,1,document_0271.html,2026-07-01_Acme-Labs_invoice_REF-0271.html,2026-07-01_Acme-Labs_invoice_REF-0271.html,1,1,3,974,0,Seeded modeled result; no desktop or web application executed.
true,false,fixture-0271,sim-local-baseline,1.0.0,2,document_0271.html,2026-07-01_Acme-Labs_invoice_REF-0271.html,2026-07-01_invoice_REF-0271.html,1,0,2,993,0,Seeded modeled result; no desktop or web application executed.
true,false,fixture-0271,sim-local-baseline,1.0.0,3,document_0271.html,2026-07-01_Acme-Labs_invoice_REF-0271.html,2026-07-01_Acme-Labs_invoice_REF-0271.html,1,1,3,766,0,Seeded modeled result; no desktop or web application executed.
true,false,fixture-0271,sim-rule-baseline,1.0.0,1,document_0271.html,2026-07-01_Acme-Labs_invoice_REF-0271.html,2026-07-01_invoice_REF-0271.html,1,0,1,90,0,Seeded modeled result; no desktop or web application executed.
true,false,fixture-0271,sim-rule-baseline,1.0.0,2,document_0271.html,2026-07-01_Acme-Labs_invoice_REF-0271.html,2026-07-01_invoice_REF-0271.html,1,0,0,94,0,Seeded modeled result; no desktop or web application executed.
true,false,fixture-0271,sim-rule-baseline,1.0.0,3,document_0271.html,2026-07-01_Acme-Labs_invoice_REF-0271.html,2026-07-01_invoice_REF-0271.html,1,0,1,106,0,Seeded modeled result; no desktop or web application executed.
true,false,fixture-0272,sim-reference-workflow,1.0.0,1,document_0272.eml,2026-08-02_Riverstone-Co_meeting-notes_REF-0272.eml,2026-08-02_meeting-notes_REF-0272.eml,1,0,3,599,0,Seeded modeled result; no desktop or web application executed.
true,false,fixture-0272,sim-reference-workflow,1.0.0,2,document_0272.eml,2026-08-02_Riverstone-Co_meeting-notes_REF-0272.eml,2026-08-02_Riverstone-Co_meeting-notes_REF-0272.eml,1,1,3,494,0,Seeded modeled result; no desktop or web application executed.
true,false,fixture-0272,sim-reference-workflow,1.0.0,3,document_0272.eml,2026-08-02_Riverstone-Co_meeting-notes_REF-0272.eml,2026-08-02_Riverstone-Co_meeting-notes_REF-0272.eml,1,1,3,583,0,Seeded modeled result; no desktop or web application executed.
true,false,fixture-0272,sim-cloud-baseline,1.0.0,1,document_0272.eml,2026-08-02_Riverstone-Co_meeting-notes_REF-0272.eml,2026-08-02_Riverstone-Co_meeting-notes_REF-0272.eml,1,1,3,797,0,Seeded modeled result; no desktop or web application executed.
true,false,fixture-0272,sim-cloud-baseline,1.0.0,2,document_0272.eml,2026-08-02_Riverstone-Co_meeting-notes_REF-0272.eml,2026-08-02_Riverstone-Co_meeting-notes_REF-0272.eml,1,1,3,916,0,Seeded modeled result; no desktop or web application executed.
true,false,fixture-0272,sim-cloud-baseline,1.0.0,3,document_0272.eml,2026-08-02_Riverstone-Co_meeting-notes_REF-0272.eml,2026-08-02_Riverstone-Co_meeting-notes_REF-0272.eml,1,1,3,647,0,Seeded modeled result; no desktop or web application executed.
true,false,fixture-0272,sim-local-baseline,1.0.0,1,document_0272.eml,2026-08-02_Riverstone-Co_meeting-notes_REF-0272.eml,2026-08-02_Riverstone-Co_meeting-notes_REF-0272.eml,1,1,3,766,0,Seeded modeled result; no desktop or web application executed.
true,false,fixture-0272,sim-local-baseline,1.0.0,2,document_0272.eml,2026-08-02_Riverstone-Co_meeting-notes_REF-0272.eml,2026-08-02_Riverstone-Co_meeting-notes_REF-0272.eml,1,1,3,1173,0,Seeded modeled result; no desktop or web application executed.
true,false,fixture-0272,sim-local-baseline,1.0.0,3,document_0272.eml,2026-08-02_Riverstone-Co_meeting-notes_REF-0272.eml,2026-08-02_Riverstone-Co_meeting-notes_REF-0272.eml,1,1,3,969,0,Seeded modeled result; no desktop or web application executed.
true,false,fixture-0272,sim-rule-baseline,1.0.0,1,document_0272.eml,2026-08-02_Riverstone-Co_meeting-notes_REF-0272.eml,2026-08-02_meeting-notes_REF-0272.eml,1,0,1,97,0,Seeded modeled result; no desktop or web application executed.
true,false,fixture-0272,sim-rule-baseline,1.0.0,2,document_0272.eml,2026-08-02_Riverstone-Co_meeting-notes_REF-0272.eml,2026-08-02_Riverstone-Co_meeting-notes_REF-0272.eml,1,1,3,77,0,Seeded modeled result; no desktop or web application executed.
true,false,fixture-0272,sim-rule-baseline,1.0.0,3,document_0272.eml,2026-08-02_Riverstone-Co_meeting-notes_REF-0272.eml,2026-08-02_meeting-notes_REF-0272.eml,1,0,0,104,0,Seeded modeled result; no desktop or web application executed.
true,false,fixture-0273,sim-reference-workflow,1.0.0,1,document_0273.srt,2026-09-03_Bluebird-Health_invoice_REF-0273.srt,2026-09-03_Bluebird-Health_invoice_REF-0273.srt,1,1,3,512,0,Seeded modeled result; no desktop or web application executed.
true,false,fixture-0273,sim-reference-workflow,1.0.0,2,document_0273.srt,2026-09-03_Bluebird-Health_invoice_REF-0273.srt,2026-09-03_Bluebird-Health_invoice_REF-0273.srt,1,1,3,550,0,Seeded modeled result; no desktop or web application executed.
true,false,fixture-0273,sim-reference-workflow,1.0.0,3,document_0273.srt,2026-09-03_Bluebird-Health_invoice_REF-0273.srt,2026-09-03_Bluebird-Health_invoice_REF-0273.srt,1,1,3,572,0,Seeded modeled result; no desktop or web application executed.
true,false,fixture-0273,sim-cloud-baseline,1.0.0,1,document_0273.srt,2026-09-03_Bluebird-Health_invoice_REF-0273.srt,2026-09-03_Bluebird-Health_invoice_REF-0273.srt,1,1,3,586,0,Seeded modeled result; no desktop or web application executed.
true,false,fixture-0273,sim-cloud-baseline,1.0.0,2,document_0273.srt,2026-09-03_Bluebird-Health_invoice_REF-0273.srt,2026-09-03_Bluebird-Health_invoice_REF-0273.srt,1,1,3,729,0,Seeded modeled result; no desktop or web application executed.
true,false,fixture-0273,sim-cloud-baseline,1.0.0,3,document_0273.srt,2026-09-03_Bluebird-Health_invoice_REF-0273.srt,2026-09-03_Bluebird-Health_invoice_REF-0273.srt,1,1,3,924,0,Seeded modeled result; no desktop or web application executed.
true,false,fixture-0273,sim-local-baseline,1.0.0,1,document_0273.srt,2026-09-03_Bluebird-Health_invoice_REF-0273.srt,2026-09-03_Bluebird-Health_invoice_REF-0273.srt,1,1,3,1083,0,Seeded modeled result; no desktop or web application executed.
true,false,fixture-0273,sim-local-baseline,1.0.0,2,document_0273.srt,2026-09-03_Bluebird-Health_invoice_REF-0273.srt,2026-09-03_invoice_REF-0273.srt,1,0,3,942,0,Seeded modeled result; no desktop or web application executed.
true,false,fixture-0273,sim-local-baseline,1.0.0,3,document_0273.srt,2026-09-03_Bluebird-Health_invoice_REF-0273.srt,2026-09-03_Bluebird-Health_invoice_REF-0273.srt,1,1,3,840,0,Seeded modeled result; no desktop or web application executed.
true,false,fixture-0273,sim-rule-baseline,1.0.0,1,document_0273.srt,2026-09-03_Bluebird-Health_invoice_REF-0273.srt,2026-09-03_invoice_REF-0273.srt,1,0,1,108,0,Seeded modeled result; no desktop or web application executed.
true,false,fixture-0273,sim-rule-baseline,1.0.0,2,document_0273.srt,2026-09-03_Bluebird-Health_invoice_REF-0273.srt,2026-09-03_invoice_REF-0273.srt,1,0,1,112,0,Seeded modeled result; no desktop or web application executed.
true,false,fixture-0273,sim-rule-baseline,1.0.0,3,document_0273.srt,2026-09-03_Bluebird-Health_invoice_REF-0273.srt,2026-09-03_Bluebird-Health_invoice_REF-0273.srt,1,1,3,72,0,Seeded modeled result; no desktop or web application executed.
true,false,fixture-0274,sim-reference-workflow,1.0.0,1,document_0274.vtt,2026-10-04_Northstar-Studio_meeting-notes_REF-0274.vtt,2026-10-04_Northstar-Studio_meeting-notes_REF-0274.vtt,1,1,3,602,0,Seeded modeled result; no desktop or web application executed.
true,false,fixture-0274,sim-reference-workflow,1.0.0,2,document_0274.vtt,2026-10-04_Northstar-Studio_meeting-notes_REF-0274.vtt,2026-10-04_Northstar-Studio_meeting-notes_REF-0274.vtt,1,1,3,579,0,Seeded modeled result; no desktop or web application executed.
true,false,fixture-0274,sim-reference-workflow,1.0.0,3,document_0274.vtt,2026-10-04_Northstar-Studio_meeting-notes_REF-0274.vtt,2026-10-04_Northstar-Studio_meeting-notes_REF-0274.vtt,1,1,3,504,0,Seeded modeled result; no desktop or web application executed.
true,false,fixture-0274,sim-cloud-baseline,1.0.0,1,document_0274.vtt,2026-10-04_Northstar-Studio_meeting-notes_REF-0274.vtt,2026-10-04_Northstar-Studio_meeting-notes_REF-0274.vtt,1,1,3,792,0,Seeded modeled result; no desktop or web application executed.
true,false,fixture-0274,sim-cloud-baseline,1.0.0,2,document_0274.vtt,2026-10-04_Northstar-Studio_meeting-notes_REF-0274.vtt,2026-10-04_Northstar-Studio_meeting-notes_REF-0274.vtt,1,1,3,844,0,Seeded modeled result; no desktop or web application executed.
true,false,fixture-0274,sim-cloud-baseline,1.0.0,3,document_0274.vtt,2026-10-04_Northstar-Studio_meeting-notes_REF-0274.vtt,2026-10-04_Northstar-Studio_meeting-notes_REF-0274.vtt,1,1,3,702,0,Seeded modeled result; no desktop or web application executed.
true,false,fixture-0274,sim-local-baseline,1.0.0,1,document_0274.vtt,2026-10-04_Northstar-Studio_meeting-notes_REF-0274.vtt,2026-10-04_Northstar-Studio_meeting-notes_REF-0274.vtt,1,1,3,871,0,Seeded modeled result; no desktop or web application executed.
true,false,fixture-0274,sim-local-baseline,1.0.0,2,document_0274.vtt,2026-10-04_Northstar-Studio_meeting-notes_REF-0274.vtt,2026-10-04_meeting-notes_REF-0274.vtt,1,0,1,1053,0,Seeded modeled result; no desktop or web application executed.
true,false,fixture-0274,sim-local-baseline,1.0.0,3,document_0274.vtt,2026-10-04_Northstar-Studio_meeting-notes_REF-0274.vtt,2026-10-04_meeting-notes_REF-0274.vtt,1,0,1,771,0,Seeded modeled result; no desktop or web application executed.
true,false,fixture-0274,sim-rule-baseline,1.0.0,1,document_0274.vtt,2026-10-04_Northstar-Studio_meeting-notes_REF-0274.vtt,2026-10-04_Northstar-Studio_meeting-notes_REF-0274.vtt,1,1,3,101,0,Seeded modeled result; no desktop or web application executed.
true,false,fixture-0274,sim-rule-baseline,1.0.0,2,document_0274.vtt,2026-10-04_Northstar-Studio_meeting-notes_REF-0274.vtt,2026-10-04_meeting-notes_REF-0274.vtt,1,0,0,106,0,Seeded modeled result; no desktop or web application executed.
true,false,fixture-0274,sim-rule-baseline,1.0.0,3,document_0274.vtt,2026-10-04_Northstar-Studio_meeting-notes_REF-0274.vtt,2026-10-04_meeting-notes_REF-0274.vtt,1,0,2,111,0,Seeded modeled result; no desktop or web application executed.
true,false,fixture-0275,sim-reference-workflow,1.0.0,1,document_0275.svg,2026-11-05_Pinecone-Works_invoice_REF-0275.svg,2026-11-05_Pinecone-Works_invoice_REF-0275.svg,1,1,3,537,0,Seeded modeled result; no desktop or web application executed.
true,false,fixture-0275,sim-reference-workflow,1.0.0,2,document_0275.svg,2026-11-05_Pinecone-Works_invoice_REF-0275.svg,2026-11-05_Pinecone-Works_invoice_REF-0275.svg,1,1,3,426,0,Seeded modeled result; no desktop or web application executed.
true,false,fixture-0275,sim-reference-workflow,1.0.0,3,document_0275.svg,2026-11-05_Pinecone-Works_invoice_REF-0275.svg,2026-11-05_Pinecone-Works_invoice_REF-0275.svg,1,1,3,505,0,Seeded modeled result; no desktop or web application executed.
true,false,fixture-0275,sim-cloud-baseline,1.0.0,1,document_0275.svg,2026-11-05_Pinecone-Works_invoice_REF-0275.svg,2026-11-05_Pinecone-Works_invoice_REF-0275.svg,1,1,3,726,0,Seeded modeled result; no desktop or web application executed.
true,false,fixture-0275,sim-cloud-baseline,1.0.0,2,document_0275.svg,2026-11-05_Pinecone-Works_invoice_REF-0275.svg,2026-11-05_Pinecone-Works_invoice_REF-0275.svg,1,1,3,783,0,Seeded modeled result; no desktop or web application executed.
true,false,fixture-0275,sim-cloud-baseline,1.0.0,3,document_0275.svg,2026-11-05_Pinecone-Works_invoice_REF-0275.svg,2026-11-05_Pinecone-Works_invoice_REF-0275.svg,1,1,3,785,0,Seeded modeled result; no desktop or web application executed.
true,false,fixture-0275,sim-local-baseline,1.0.0,1,document_0275.svg,2026-11-05_Pinecone-Works_invoice_REF-0275.svg,2026-11-05_Pinecone-Works_invoice_REF-0275.svg,1,1,3,974,0,Seeded modeled result; no desktop or web application executed.
true,false,fixture-0275,sim-local-baseline,1.0.0,2,document_0275.svg,2026-11-05_Pinecone-Works_invoice_REF-0275.svg,2026-11-05_invoice_REF-0275.svg,1,0,1,1150,0,Seeded modeled result; no desktop or web application executed.
true,false,fixture-0275,sim-local-baseline,1.0.0,3,document_0275.svg,2026-11-05_Pinecone-Works_invoice_REF-0275.svg,2026-11-05_Pinecone-Works_invoice_REF-0275.svg,1,1,3,804,0,Seeded modeled result; no desktop or web application executed.
true,false,fixture-0275,sim-rule-baseline,1.0.0,1,document_0275.svg,2026-11-05_Pinecone-Works_invoice_REF-0275.svg,2026-11-05_invoice_REF-0275.svg,1,0,0,79,0,Seeded modeled result; no desktop or web application executed.
true,false,fixture-0275,sim-rule-baseline,1.0.0,2,document_0275.svg,2026-11-05_Pinecone-Works_invoice_REF-0275.svg,2026-11-05_invoice_REF-0275.svg,1,0,1,107,0,Seeded modeled result; no desktop or web application executed.
true,false,fixture-0275,sim-rule-baseline,1.0.0,3,document_0275.svg,2026-11-05_Pinecone-Works_invoice_REF-0275.svg,2026-11-05_invoice_REF-0275.svg,1,0,1,90,0,Seeded modeled result; no desktop or web application executed.
true,false,fixture-0276,sim-reference-workflow,1.0.0,1,document_0276.txt,2026-12-06_Acme-Labs_meeting-notes_REF-0276.txt,2026-12-06_Acme-Labs_meeting-notes_REF-0276.txt,1,1,3,453,0,Seeded modeled result; no desktop or web application executed.
true,false,fixture-0276,sim-reference-workflow,1.0.0,2,document_0276.txt,2026-12-06_Acme-Labs_meeting-notes_REF-0276.txt,2026-12-06_meeting-notes_REF-0276.txt,1,0,3,529,0,Seeded modeled result; no desktop or web application executed.
true,false,fixture-0276,sim-reference-workflow,1.0.0,3,document_0276.txt,2026-12-06_Acme-Labs_meeting-notes_REF-0276.txt,2026-12-06_Acme-Labs_meeting-notes_REF-0276.txt,1,1,3,507,0,Seeded modeled result; no desktop or web application executed.
true,false,fixture-0276,sim-cloud-baseline,1.0.0,1,document_0276.txt,2026-12-06_Acme-Labs_meeting-notes_REF-0276.txt,2026-12-06_Acme-Labs_meeting-notes_REF-0276.txt,1,1,3,758,0,Seeded modeled result; no desktop or web application executed.
true,false,fixture-0276,sim-cloud-baseline,1.0.0,2,document_0276.txt,2026-12-06_Acme-Labs_meeting-notes_REF-0276.txt,2026-12-06_Acme-Labs_meeting-notes_REF-0276.txt,1,1,3,622,0,Seeded modeled result; no desktop or web application executed.
true,false,fixture-0276,sim-cloud-baseline,1.0.0,3,document_0276.txt,2026-12-06_Acme-Labs_meeting-notes_REF-0276.txt,2026-12-06_Acme-Labs_meeting-notes_REF-0276.txt,1,1,3,759,0,Seeded modeled result; no desktop or web application executed.
true,false,fixture-0276,sim-local-baseline,1.0.0,1,document_0276.txt,2026-12-06_Acme-Labs_meeting-notes_REF-0276.txt,2026-12-06_meeting-notes_REF-0276.txt,1,0,3,924,0,Seeded modeled result; no desktop or web application executed.
true,false,fixture-0276,sim-local-baseline,1.0.0,2,document_0276.txt,2026-12-06_Acme-Labs_meeting-notes_REF-0276.txt,2026-12-06_meeting-notes_REF-0276.txt,1,0,2,958,0,Seeded modeled result; no desktop or web application executed.
true,false,fixture-0276,sim-local-baseline,1.0.0,3,document_0276.txt,2026-12-06_Acme-Labs_meeting-notes_REF-0276.txt,2026-12-06_meeting-notes_REF-0276.txt,1,0,3,1021,0,Seeded modeled result; no desktop or web application executed.
true,false,fixture-0276,sim-rule-baseline,1.0.0,1,document_0276.txt,2026-12-06_Acme-Labs_meeting-notes_REF-0276.txt,2026-12-06_meeting-notes_REF-0276.txt,1,0,2,105,0,Seeded modeled result; no desktop or web application executed.
true,false,fixture-0276,sim-rule-baseline,1.0.0,2,document_0276.txt,2026-12-06_Acme-Labs_meeting-notes_REF-0276.txt,2026-12-06_meeting-notes_REF-0276.txt,1,0,0,89,0,Seeded modeled result; no desktop or web application executed.
true,false,fixture-0276,sim-rule-baseline,1.0.0,3,document_0276.txt,2026-12-06_Acme-Labs_meeting-notes_REF-0276.txt,2026-12-06_meeting-notes_REF-0276.txt,1,0,1,74,0,Seeded modeled result; no desktop or web application executed.
true,false,fixture-0277,sim-reference-workflow,1.0.0,1,document_0277.md,2026-01-07_Riverstone-Co_invoice_REF-0277.md,2026-01-07_Riverstone-Co_invoice_REF-0277.md,1,1,3,615,0,Seeded modeled result; no desktop or web application executed.
true,false,fixture-0277,sim-reference-workflow,1.0.0,2,document_0277.md,2026-01-07_Riverstone-Co_invoice_REF-0277.md,2026-01-07_Riverstone-Co_invoice_REF-0277.md,1,1,3,497,0,Seeded modeled result; no desktop or web application executed.
true,false,fixture-0277,sim-reference-workflow,1.0.0,3,document_0277.md,2026-01-07_Riverstone-Co_invoice_REF-0277.md,2026-01-07_Riverstone-Co_invoice_REF-0277.md,1,1,3,548,0,Seeded modeled result; no desktop or web application executed.
true,false,fixture-0277,sim-cloud-baseline,1.0.0,1,document_0277.md,2026-01-07_Riverstone-Co_invoice_REF-0277.md,2026-01-07_Riverstone-Co_invoice_REF-0277.md,1,1,3,660,0,Seeded modeled result; no desktop or web application executed.
true,false,fixture-0277,sim-cloud-baseline,1.0.0,2,document_0277.md,2026-01-07_Riverstone-Co_invoice_REF-0277.md,2026-01-07_Riverstone-Co_invoice_REF-0277.md,1,1,3,604,0,Seeded modeled result; no desktop or web application executed.
true,false,fixture-0277,sim-cloud-baseline,1.0.0,3,document_0277.md,2026-01-07_Riverstone-Co_invoice_REF-0277.md,2026-01-07_Riverstone-Co_invoice_REF-0277.md,1,1,3,743,0,Seeded modeled result; no desktop or web application executed.
true,false,fixture-0277,sim-local-baseline,1.0.0,1,document_0277.md,2026-01-07_Riverstone-Co_invoice_REF-0277.md,2026-01-07_Riverstone-Co_invoice_REF-0277.md,1,1,3,884,0,Seeded modeled result; no desktop or web application executed.
true,false,fixture-0277,sim-local-baseline,1.0.0,2,document_0277.md,2026-01-07_Riverstone-Co_invoice_REF-0277.md,2026-01-07_invoice_REF-0277.md,1,0,2,1111,0,Seeded modeled result; no desktop or web application executed.
true,false,fixture-0277,sim-local-baseline,1.0.0,3,document_0277.md,2026-01-07_Riverstone-Co_invoice_REF-0277.md,2026-01-07_Riverstone-Co_invoice_REF-0277.md,1,1,3,761,0,Seeded modeled result; no desktop or web application executed.
true,false,fixture-0277,sim-rule-baseline,1.0.0,1,document_0277.md,2026-01-07_Riverstone-Co_invoice_REF-0277.md,2026-01-07_Riverstone-Co_invoice_REF-0277.md,1,1,3,109,0,Seeded modeled result; no desktop or web application executed.
true,false,fixture-0277,sim-rule-baseline,1.0.0,2,document_0277.md,2026-01-07_Riverstone-Co_invoice_REF-0277.md,2026-01-07_invoice_REF-0277.md,1,0,0,87,0,Seeded modeled result; no desktop or web application executed.
true,false,fixture-0277,sim-rule-baseline,1.0.0,3,document_0277.md,2026-01-07_Riverstone-Co_invoice_REF-0277.md,2026-01-07_Riverstone-Co_invoice_REF-0277.md,1,1,3,68,0,Seeded modeled result; no desktop or web application executed.
true,false,fixture-0278,sim-reference-workflow,1.0.0,1,document_0278.csv,2026-02-08_Bluebird-Health_meeting-notes_REF-0278.csv,2026-02-08_Bluebird-Health_meeting-notes_REF-0278.csv,1,1,3,461,0,Seeded modeled result; no desktop or web application executed.
true,false,fixture-0278,sim-reference-workflow,1.0.0,2,document_0278.csv,2026-02-08_Bluebird-Health_meeting-notes_REF-0278.csv,2026-02-08_Bluebird-Health_meeting-notes_REF-0278.csv,1,1,3,603,0,Seeded modeled result; no desktop or web application executed.
true,false,fixture-0278,sim-reference-workflow,1.0.0,3,document_0278.csv,2026-02-08_Bluebird-Health_meeting-notes_REF-0278.csv,2026-02-08_Bluebird-Health_meeting-notes_REF-0278.csv,1,1,3,412,0,Seeded modeled result; no desktop or web application executed.
true,false,fixture-0278,sim-cloud-baseline,1.0.0,1,document_0278.csv,2026-02-08_Bluebird-Health_meeting-notes_REF-0278.csv,2026-02-08_Bluebird-Health_meeting-notes_REF-0278.csv,1,1,3,903,0,Seeded modeled result; no desktop or web application executed.
true,false,fixture-0278,sim-cloud-baseline,1.0.0,2,document_0278.csv,2026-02-08_Bluebird-Health_meeting-notes_REF-0278.csv,2026-02-08_Bluebird-Health_meeting-notes_REF-0278.csv,1,1,3,781,0,Seeded modeled result; no desktop or web application executed.
true,false,fixture-0278,sim-cloud-baseline,1.0.0,3,document_0278.csv,2026-02-08_Bluebird-Health_meeting-notes_REF-0278.csv,2026-02-08_Bluebird-Health_meeting-notes_REF-0278.csv,1,1,3,674,0,Seeded modeled result; no desktop or web application executed.
true,false,fixture-0278,sim-local-baseline,1.0.0,1,document_0278.csv,2026-02-08_Bluebird-Health_meeting-notes_REF-0278.csv,2026-02-08_Bluebird-Health_meeting-notes_REF-0278.csv,0,1,3,1170,0,Seeded modeled result; no desktop or web application executed.
true,false,fixture-0278,sim-local-baseline,1.0.0,2,document_0278.csv,2026-02-08_Bluebird-Health_meeting-notes_REF-0278.csv,2026-02-08_Bluebird-Health_meeting-notes_REF-0278.csv,1,1,3,920,0,Seeded modeled result; no desktop or web application executed.
true,false,fixture-0278,sim-local-baseline,1.0.0,3,document_0278.csv,2026-02-08_Bluebird-Health_meeting-notes_REF-0278.csv,2026-02-08_Bluebird-Health_meeting-notes_REF-0278.csv,1,1,3,1115,0,Seeded modeled result; no desktop or web application executed.
true,false,fixture-0278,sim-rule-baseline,1.0.0,1,document_0278.csv,2026-02-08_Bluebird-Health_meeting-notes_REF-0278.csv,2026-02-08_meeting-notes_REF-0278.csv,1,0,0,77,0,Seeded modeled result; no desktop or web application executed.
true,false,fixture-0278,sim-rule-baseline,1.0.0,2,document_0278.csv,2026-02-08_Bluebird-Health_meeting-notes_REF-0278.csv,2026-02-08_meeting-notes_REF-0278.csv,1,0,0,106,0,Seeded modeled result; no desktop or web application executed.
true,false,fixture-0278,sim-rule-baseline,1.0.0,3,document_0278.csv,2026-02-08_Bluebird-Health_meeting-notes_REF-0278.csv,2026-02-08_meeting-notes_REF-0278.csv,1,0,2,78,0,Seeded modeled result; no desktop or web application executed.
true,false,fixture-0279,sim-reference-workflow,1.0.0,1,document_0279.json,2026-03-09_Northstar-Studio_invoice_REF-0279.json,2026-03-09_invoice_REF-0279.json,1,0,3,519,0,Seeded modeled result; no desktop or web application executed.
true,false,fixture-0279,sim-reference-workflow,1.0.0,2,document_0279.json,2026-03-09_Northstar-Studio_invoice_REF-0279.json,2026-03-09_Northstar-Studio_invoice_REF-0279.json,1,1,3,625,0,Seeded modeled result; no desktop or web application executed.
true,false,fixture-0279,sim-reference-workflow,1.0.0,3,document_0279.json,2026-03-09_Northstar-Studio_invoice_REF-0279.json,2026-03-09_Northstar-Studio_invoice_REF-0279.json,1,1,3,609,0,Seeded modeled result; no desktop or web application executed.
true,false,fixture-0279,sim-cloud-baseline,1.0.0,1,document_0279.json,2026-03-09_Northstar-Studio_invoice_REF-0279.json,2026-03-09_invoice_REF-0279.json,1,0,3,856,0,Seeded modeled result; no desktop or web application executed.
true,false,fixture-0279,sim-cloud-baseline,1.0.0,2,document_0279.json,2026-03-09_Northstar-Studio_invoice_REF-0279.json,2026-03-09_Northstar-Studio_invoice_REF-0279.json,1,1,3,833,0,Seeded modeled result; no desktop or web application executed.
true,false,fixture-0279,sim-cloud-baseline,1.0.0,3,document_0279.json,2026-03-09_Northstar-Studio_invoice_REF-0279.json,2026-03-09_Northstar-Studio_invoice_REF-0279.json,1,1,3,872,0,Seeded modeled result; no desktop or web application executed.
true,false,fixture-0279,sim-local-baseline,1.0.0,1,document_0279.json,2026-03-09_Northstar-Studio_invoice_REF-0279.json,2026-03-09_Northstar-Studio_invoice_REF-0279.json,1,1,3,860,0,Seeded modeled result; no desktop or web application executed.
true,false,fixture-0279,sim-local-baseline,1.0.0,2,document_0279.json,2026-03-09_Northstar-Studio_invoice_REF-0279.json,2026-03-09_Northstar-Studio_invoice_REF-0279.json,1,1,3,1120,0,Seeded modeled result; no desktop or web application executed.
true,false,fixture-0279,sim-local-baseline,1.0.0,3,document_0279.json,2026-03-09_Northstar-Studio_invoice_REF-0279.json,2026-03-09_invoice_REF-0279.json,1,0,1,874,0,Seeded modeled result; no desktop or web application executed.
true,false,fixture-0279,sim-rule-baseline,1.0.0,1,document_0279.json,2026-03-09_Northstar-Studio_invoice_REF-0279.json,2026-03-09_Northstar-Studio_invoice_REF-0279.json,1,1,3,105,0,Seeded modeled result; no desktop or web application executed.
true,false,fixture-0279,sim-rule-baseline,1.0.0,2,document_0279.json,2026-03-09_Northstar-Studio_invoice_REF-0279.json,2026-03-09_invoice_REF-0279.json,1,0,2,109,0,Seeded modeled result; no desktop or web application executed.
true,false,fixture-0279,sim-rule-baseline,1.0.0,3,document_0279.json,2026-03-09_Northstar-Studio_invoice_REF-0279.json,2026-03-09_invoice_REF-0279.json,1,0,1,95,0,Seeded modeled result; no desktop or web application executed.
true,false,fixture-0280,sim-reference-workflow,1.0.0,1,document_0280.xml,2026-04-10_Pinecone-Works_meeting-notes_REF-0280.xml,2026-04-10_Pinecone-Works_meeting-notes_REF-0280.xml,1,1,3,605,0,Seeded modeled result; no desktop or web application executed.
true,false,fixture-0280,sim-reference-workflow,1.0.0,2,document_0280.xml,2026-04-10_Pinecone-Works_meeting-notes_REF-0280.xml,2026-04-10_Pinecone-Works_meeting-notes_REF-0280.xml,1,1,3,551,0,Seeded modeled result; no desktop or web application executed.
true,false,fixture-0280,sim-reference-workflow,1.0.0,3,document_0280.xml,2026-04-10_Pinecone-Works_meeting-notes_REF-0280.xml,2026-04-10_Pinecone-Works_meeting-notes_REF-0280.xml,1,1,3,465,0,Seeded modeled result; no desktop or web application executed.
true,false,fixture-0280,sim-cloud-baseline,1.0.0,1,document_0280.xml,2026-04-10_Pinecone-Works_meeting-notes_REF-0280.xml,2026-04-10_Pinecone-Works_meeting-notes_REF-0280.xml,1,1,3,610,0,Seeded modeled result; no desktop or web application executed.
true,false,fixture-0280,sim-cloud-baseline,1.0.0,2,document_0280.xml,2026-04-10_Pinecone-Works_meeting-notes_REF-0280.xml,2026-04-10_Pinecone-Works_meeting-notes_REF-0280.xml,1,1,3,688,0,Seeded modeled result; no desktop or web application executed.
true,false,fixture-0280,sim-cloud-baseline,1.0.0,3,document_0280.xml,2026-04-10_Pinecone-Works_meeting-notes_REF-0280.xml,2026-04-10_Pinecone-Works_meeting-notes_REF-0280.xml,1,1,3,587,0,Seeded modeled result; no desktop or web application executed.
true,false,fixture-0280,sim-local-baseline,1.0.0,1,document_0280.xml,2026-04-10_Pinecone-Works_meeting-notes_REF-0280.xml,2026-04-10_Pinecone-Works_meeting-notes_REF-0280.xml,1,1,3,807,0,Seeded modeled result; no desktop or web application executed.
true,false,fixture-0280,sim-local-baseline,1.0.0,2,document_0280.xml,2026-04-10_Pinecone-Works_meeting-notes_REF-0280.xml,2026-04-10_Pinecone-Works_meeting-notes_REF-0280.xml,1,1,3,835,0,Seeded modeled result; no desktop or web application executed.
true,false,fixture-0280,sim-local-baseline,1.0.0,3,document_0280.xml,2026-04-10_Pinecone-Works_meeting-notes_REF-0280.xml,2026-04-10_Pinecone-Works_meeting-notes_REF-0280.xml,1,1,3,904,0,Seeded modeled result; no desktop or web application executed.
true,false,fixture-0280,sim-rule-baseline,1.0.0,1,document_0280.xml,2026-04-10_Pinecone-Works_meeting-notes_REF-0280.xml,2026-04-10_meeting-notes_REF-0280.xml,1,0,0,71,0,Seeded modeled result; no desktop or web application executed.
true,false,fixture-0280,sim-rule-baseline,1.0.0,2,document_0280.xml,2026-04-10_Pinecone-Works_meeting-notes_REF-0280.xml,2026-04-10_meeting-notes_REF-0280.xml,1,0,0,92,0,Seeded modeled result; no desktop or web application executed.
true,false,fixture-0280,sim-rule-baseline,1.0.0,3,document_0280.xml,2026-04-10_Pinecone-Works_meeting-notes_REF-0280.xml,2026-04-10_meeting-notes_REF-0280.xml,1,0,1,79,0,Seeded modeled result; no desktop or web application executed.
true,false,fixture-0281,sim-reference-workflow,1.0.0,1,document_0281.yaml,2026-05-11_Acme-Labs_invoice_REF-0281.yaml,2026-05-11_Acme-Labs_invoice_REF-0281.yaml,1,1,3,514,0,Seeded modeled result; no desktop or web application executed.
true,false,fixture-0281,sim-reference-workflow,1.0.0,2,document_0281.yaml,2026-05-11_Acme-Labs_invoice_REF-0281.yaml,2026-05-11_Acme-Labs_invoice_REF-0281.yaml,1,1,3,618,0,Seeded modeled result; no desktop or web application executed.
true,false,fixture-0281,sim-reference-workflow,1.0.0,3,document_0281.yaml,2026-05-11_Acme-Labs_invoice_REF-0281.yaml,2026-05-11_invoice_REF-0281.yaml,1,0,3,644,0,Seeded modeled result; no desktop or web application executed.
true,false,fixture-0281,sim-cloud-baseline,1.0.0,1,document_0281.yaml,2026-05-11_Acme-Labs_invoice_REF-0281.yaml,2026-05-11_Acme-Labs_invoice_REF-0281.yaml,1,1,3,907,0,Seeded modeled result; no desktop or web application executed.
true,false,fixture-0281,sim-cloud-baseline,1.0.0,2,document_0281.yaml,2026-05-11_Acme-Labs_invoice_REF-0281.yaml,2026-05-11_Acme-Labs_invoice_REF-0281.yaml,1,1,3,706,0,Seeded modeled result; no desktop or web application executed.
true,false,fixture-0281,sim-cloud-baseline,1.0.0,3,document_0281.yaml,2026-05-11_Acme-Labs_invoice_REF-0281.yaml,2026-05-11_invoice_REF-0281.yaml,1,0,3,568,0,Seeded modeled result; no desktop or web application executed.
true,false,fixture-0281,sim-local-baseline,1.0.0,1,document_0281.yaml,2026-05-11_Acme-Labs_invoice_REF-0281.yaml,2026-05-11_Acme-Labs_invoice_REF-0281.yaml,1,1,3,941,0,Seeded modeled result; no desktop or web application executed.
true,false,fixture-0281,sim-local-baseline,1.0.0,2,document_0281.yaml,2026-05-11_Acme-Labs_invoice_REF-0281.yaml,2026-05-11_Acme-Labs_invoice_REF-0281.yaml,1,1,3,905,0,Seeded modeled result; no desktop or web application executed.
true,false,fixture-0281,sim-local-baseline,1.0.0,3,document_0281.yaml,2026-05-11_Acme-Labs_invoice_REF-0281.yaml,2026-05-11_invoice_REF-0281.yaml,1,0,3,1037,0,Seeded modeled result; no desktop or web application executed.
true,false,fixture-0281,sim-rule-baseline,1.0.0,1,document_0281.yaml,2026-05-11_Acme-Labs_invoice_REF-0281.yaml,2026-05-11_invoice_REF-0281.yaml,1,0,0,74,0,Seeded modeled result; no desktop or web application executed.
true,false,fixture-0281,sim-rule-baseline,1.0.0,2,document_0281.yaml,2026-05-11_Acme-Labs_invoice_REF-0281.yaml,2026-05-11_invoice_REF-0281.yaml,1,0,0,111,0,Seeded modeled result; no desktop or web application executed.
true,false,fixture-0281,sim-rule-baseline,1.0.0,3,document_0281.yaml,2026-05-11_Acme-Labs_invoice_REF-0281.yaml,2026-05-11_Acme-Labs_invoice_REF-0281.yaml,1,1,3,68,0,Seeded modeled result; no desktop or web application executed.
true,false,fixture-0282,sim-reference-workflow,1.0.0,1,document_0282.html,2026-06-12_Riverstone-Co_meeting-notes_REF-0282.html,2026-06-12_Riverstone-Co_meeting-notes_REF-0282.html,1,1,3,476,0,Seeded modeled result; no desktop or web application executed.
true,false,fixture-0282,sim-reference-workflow,1.0.0,2,document_0282.html,2026-06-12_Riverstone-Co_meeting-notes_REF-0282.html,2026-06-12_Riverstone-Co_meeting-notes_REF-0282.html,1,1,3,424,0,Seeded modeled result; no desktop or web application executed.
true,false,fixture-0282,sim-reference-workflow,1.0.0,3,document_0282.html,2026-06-12_Riverstone-Co_meeting-notes_REF-0282.html,2026-06-12_Riverstone-Co_meeting-notes_REF-0282.html,1,1,3,467,0,Seeded modeled result; no desktop or web application executed.
true,false,fixture-0282,sim-cloud-baseline,1.0.0,1,document_0282.html,2026-06-12_Riverstone-Co_meeting-notes_REF-0282.html,2026-06-12_Riverstone-Co_meeting-notes_REF-0282.html,1,1,3,810,0,Seeded modeled result; no desktop or web application executed.
true,false,fixture-0282,sim-cloud-baseline,1.0.0,2,document_0282.html,2026-06-12_Riverstone-Co_meeting-notes_REF-0282.html,2026-06-12_Riverstone-Co_meeting-notes_REF-0282.html,1,1,3,906,0,Seeded modeled result; no desktop or web application executed.
true,false,fixture-0282,sim-cloud-baseline,1.0.0,3,document_0282.html,2026-06-12_Riverstone-Co_meeting-notes_REF-0282.html,2026-06-12_meeting-notes_REF-0282.html,1,0,2,778,0,Seeded modeled result; no desktop or web application executed.
true,false,fixture-0282,sim-local-baseline,1.0.0,1,document_0282.html,2026-06-12_Riverstone-Co_meeting-notes_REF-0282.html,2026-06-12_Riverstone-Co_meeting-notes_REF-0282.html,1,1,3,872,0,Seeded modeled result; no desktop or web application executed.
true,false,fixture-0282,sim-local-baseline,1.0.0,2,document_0282.html,2026-06-12_Riverstone-Co_meeting-notes_REF-0282.html,2026-06-12_meeting-notes_REF-0282.html,1,0,3,791,0,Seeded modeled result; no desktop or web application executed.
true,false,fixture-0282,sim-local-baseline,1.0.0,3,document_0282.html,2026-06-12_Riverstone-Co_meeting-notes_REF-0282.html,2026-06-12_Riverstone-Co_meeting-notes_REF-0282.html,1,1,3,942,0,Seeded modeled result; no desktop or web application executed.
true,false,fixture-0282,sim-rule-baseline,1.0.0,1,document_0282.html,2026-06-12_Riverstone-Co_meeting-notes_REF-0282.html,2026-06-12_meeting-notes_REF-0282.html,1,0,2,83,0,Seeded modeled result; no desktop or web application executed.
true,false,fixture-0282,sim-rule-baseline,1.0.0,2,document_0282.html,2026-06-12_Riverstone-Co_meeting-notes_REF-0282.html,2026-06-12_Riverstone-Co_meeting-notes_REF-0282.html,1,1,3,86,0,Seeded modeled result; no desktop or web application executed.
true,false,fixture-0282,sim-rule-baseline,1.0.0,3,document_0282.html,2026-06-12_Riverstone-Co_meeting-notes_REF-0282.html,2026-06-12_meeting-notes_REF-0282.html,1,0,1,106,0,Seeded modeled result; no desktop or web application executed.
true,false,fixture-0283,sim-reference-workflow,1.0.0,1,document_0283.eml,2026-07-13_Bluebird-Health_invoice_REF-0283.eml,2026-07-13_Bluebird-Health_invoice_REF-0283.eml,1,1,3,623,0,Seeded modeled result; no desktop or web application executed.
true,false,fixture-0283,sim-reference-workflow,1.0.0,2,document_0283.eml,2026-07-13_Bluebird-Health_invoice_REF-0283.eml,2026-07-13_Bluebird-Health_invoice_REF-0283.eml,1,1,3,499,0,Seeded modeled result; no desktop or web application executed.
true,false,fixture-0283,sim-reference-workflow,1.0.0,3,document_0283.eml,2026-07-13_Bluebird-Health_invoice_REF-0283.eml,2026-07-13_Bluebird-Health_invoice_REF-0283.eml,1,1,3,548,0,Seeded modeled result; no desktop or web application executed.
true,false,fixture-0283,sim-cloud-baseline,1.0.0,1,document_0283.eml,2026-07-13_Bluebird-Health_invoice_REF-0283.eml,2026-07-13_Bluebird-Health_invoice_REF-0283.eml,1,1,3,718,0,Seeded modeled result; no desktop or web application executed.
true,false,fixture-0283,sim-cloud-baseline,1.0.0,2,document_0283.eml,2026-07-13_Bluebird-Health_invoice_REF-0283.eml,2026-07-13_Bluebird-Health_invoice_REF-0283.eml,1,1,3,761,0,Seeded modeled result; no desktop or web application executed.
true,false,fixture-0283,sim-cloud-baseline,1.0.0,3,document_0283.eml,2026-07-13_Bluebird-Health_invoice_REF-0283.eml,2026-07-13_Bluebird-Health_invoice_REF-0283.eml,1,1,3,717,0,Seeded modeled result; no desktop or web application executed.
true,false,fixture-0283,sim-local-baseline,1.0.0,1,document_0283.eml,2026-07-13_Bluebird-Health_invoice_REF-0283.eml,2026-07-13_Bluebird-Health_invoice_REF-0283.eml,1,1,3,746,0,Seeded modeled result; no desktop or web application executed.
true,false,fixture-0283,sim-local-baseline,1.0.0,2,document_0283.eml,2026-07-13_Bluebird-Health_invoice_REF-0283.eml,2026-07-13_Bluebird-Health_invoice_REF-0283.eml,1,1,3,846,0,Seeded modeled result; no desktop or web application executed.
true,false,fixture-0283,sim-local-baseline,1.0.0,3,document_0283.eml,2026-07-13_Bluebird-Health_invoice_REF-0283.eml,2026-07-13_invoice_REF-0283.eml,1,0,3,858,0,Seeded modeled result; no desktop or web application executed.
true,false,fixture-0283,sim-rule-baseline,1.0.0,1,document_0283.eml,2026-07-13_Bluebird-Health_invoice_REF-0283.eml,2026-07-13_invoice_REF-0283.eml,1,0,1,93,0,Seeded modeled result; no desktop or web application executed.
true,false,fixture-0283,sim-rule-baseline,1.0.0,2,document_0283.eml,2026-07-13_Bluebird-Health_invoice_REF-0283.eml,2026-07-13_invoice_REF-0283.eml,1,0,1,111,0,Seeded modeled result; no desktop or web application executed.
true,false,fixture-0283,sim-rule-baseline,1.0.0,3,document_0283.eml,2026-07-13_Bluebird-Health_invoice_REF-0283.eml,2026-07-13_invoice_REF-0283.eml,1,0,0,106,0,Seeded modeled result; no desktop or web application executed.
true,false,fixture-0284,sim-reference-workflow,1.0.0,1,document_0284.srt,2026-08-14_Northstar-Studio_meeting-notes_REF-0284.srt,2026-08-14_meeting-notes_REF-0284.srt,1,0,3,455,0,Seeded modeled result; no desktop or web application executed.
true,false,fixture-0284,sim-reference-workflow,1.0.0,2,document_0284.srt,2026-08-14_Northstar-Studio_meeting-notes_REF-0284.srt,2026-08-14_meeting-notes_REF-0284.srt,1,0,3,452,0,Seeded modeled result; no desktop or web application executed.
true,false,fixture-0284,sim-reference-workflow,1.0.0,3,document_0284.srt,2026-08-14_Northstar-Studio_meeting-notes_REF-0284.srt,2026-08-14_Northstar-Studio_meeting-notes_REF-0284.srt,1,1,3,619,0,Seeded modeled result; no desktop or web application executed.
true,false,fixture-0284,sim-cloud-baseline,1.0.0,1,document_0284.srt,2026-08-14_Northstar-Studio_meeting-notes_REF-0284.srt,2026-08-14_Northstar-Studio_meeting-notes_REF-0284.srt,1,1,3,600,0,Seeded modeled result; no desktop or web application executed.
true,false,fixture-0284,sim-cloud-baseline,1.0.0,2,document_0284.srt,2026-08-14_Northstar-Studio_meeting-notes_REF-0284.srt,2026-08-14_Northstar-Studio_meeting-notes_REF-0284.srt,1,1,3,708,0,Seeded modeled result; no desktop or web application executed.
true,false,fixture-0284,sim-cloud-baseline,1.0.0,3,document_0284.srt,2026-08-14_Northstar-Studio_meeting-notes_REF-0284.srt,2026-08-14_Northstar-Studio_meeting-notes_REF-0284.srt,1,1,3,648,0,Seeded modeled result; no desktop or web application executed.
true,false,fixture-0284,sim-local-baseline,1.0.0,1,document_0284.srt,2026-08-14_Northstar-Studio_meeting-notes_REF-0284.srt,2026-08-14_Northstar-Studio_meeting-notes_REF-0284.srt,1,1,3,974,0,Seeded modeled result; no desktop or web application executed.
true,false,fixture-0284,sim-local-baseline,1.0.0,2,document_0284.srt,2026-08-14_Northstar-Studio_meeting-notes_REF-0284.srt,2026-08-14_meeting-notes_REF-0284.srt,1,0,2,1097,0,Seeded modeled result; no desktop or web application executed.
true,false,fixture-0284,sim-local-baseline,1.0.0,3,document_0284.srt,2026-08-14_Northstar-Studio_meeting-notes_REF-0284.srt,2026-08-14_Northstar-Studio_meeting-notes_REF-0284.srt,1,1,3,944,0,Seeded modeled result; no desktop or web application executed.
true,false,fixture-0284,sim-rule-baseline,1.0.0,1,document_0284.srt,2026-08-14_Northstar-Studio_meeting-notes_REF-0284.srt,2026-08-14_Northstar-Studio_meeting-notes_REF-0284.srt,1,1,3,73,0,Seeded modeled result; no desktop or web application executed.
true,false,fixture-0284,sim-rule-baseline,1.0.0,2,document_0284.srt,2026-08-14_Northstar-Studio_meeting-notes_REF-0284.srt,2026-08-14_meeting-notes_REF-0284.srt,1,0,2,71,0,Seeded modeled result; no desktop or web application executed.
true,false,fixture-0284,sim-rule-baseline,1.0.0,3,document_0284.srt,2026-08-14_Northstar-Studio_meeting-notes_REF-0284.srt,2026-08-14_meeting-notes_REF-0284.srt,1,0,1,102,0,Seeded modeled result; no desktop or web application executed.
true,false,fixture-0285,sim-reference-workflow,1.0.0,1,document_0285.vtt,2026-09-15_Pinecone-Works_invoice_REF-0285.vtt,2026-09-15_Pinecone-Works_invoice_REF-0285.vtt,1,1,3,455,0,Seeded modeled result; no desktop or web application executed.
true,false,fixture-0285,sim-reference-workflow,1.0.0,2,document_0285.vtt,2026-09-15_Pinecone-Works_invoice_REF-0285.vtt,2026-09-15_Pinecone-Works_invoice_REF-0285.vtt,1,1,3,619,0,Seeded modeled result; no desktop or web application executed.
true,false,fixture-0285,sim-reference-workflow,1.0.0,3,document_0285.vtt,2026-09-15_Pinecone-Works_invoice_REF-0285.vtt,2026-09-15_Pinecone-Works_invoice_REF-0285.vtt,1,1,3,536,0,Seeded modeled result; no desktop or web application executed.
true,false,fixture-0285,sim-cloud-baseline,1.0.0,1,document_0285.vtt,2026-09-15_Pinecone-Works_invoice_REF-0285.vtt,2026-09-15_Pinecone-Works_invoice_REF-0285.vtt,1,1,3,694,0,Seeded modeled result; no desktop or web application executed.
true,false,fixture-0285,sim-cloud-baseline,1.0.0,2,document_0285.vtt,2026-09-15_Pinecone-Works_invoice_REF-0285.vtt,2026-09-15_Pinecone-Works_invoice_REF-0285.vtt,1,1,3,856,0,Seeded modeled result; no desktop or web application executed.
true,false,fixture-0285,sim-cloud-baseline,1.0.0,3,document_0285.vtt,2026-09-15_Pinecone-Works_invoice_REF-0285.vtt,2026-09-15_Pinecone-Works_invoice_REF-0285.vtt,1,1,3,741,0,Seeded modeled result; no desktop or web application executed.
true,false,fixture-0285,sim-local-baseline,1.0.0,1,document_0285.vtt,2026-09-15_Pinecone-Works_invoice_REF-0285.vtt,2026-09-15_Pinecone-Works_invoice_REF-0285.vtt,1,1,3,1098,0,Seeded modeled result; no desktop or web application executed.
true,false,fixture-0285,sim-local-baseline,1.0.0,2,document_0285.vtt,2026-09-15_Pinecone-Works_invoice_REF-0285.vtt,2026-09-15_invoice_REF-0285.vtt,1,0,0,738,0,Seeded modeled result; no desktop or web application executed.
true,false,fixture-0285,sim-local-baseline,1.0.0,3,document_0285.vtt,2026-09-15_Pinecone-Works_invoice_REF-0285.vtt,2026-09-15_Pinecone-Works_invoice_REF-0285.vtt,1,1,3,979,0,Seeded modeled result; no desktop or web application executed.
true,false,fixture-0285,sim-rule-baseline,1.0.0,1,document_0285.vtt,2026-09-15_Pinecone-Works_invoice_REF-0285.vtt,2026-09-15_invoice_REF-0285.vtt,1,0,1,101,0,Seeded modeled result; no desktop or web application executed.
true,false,fixture-0285,sim-rule-baseline,1.0.0,2,document_0285.vtt,2026-09-15_Pinecone-Works_invoice_REF-0285.vtt,2026-09-15_invoice_REF-0285.vtt,1,0,1,107,0,Seeded modeled result; no desktop or web application executed.
true,false,fixture-0285,sim-rule-baseline,1.0.0,3,document_0285.vtt,2026-09-15_Pinecone-Works_invoice_REF-0285.vtt,2026-09-15_Pinecone-Works_invoice_REF-0285.vtt,1,1,3,72,0,Seeded modeled result; no desktop or web application executed.
true,false,fixture-0286,sim-reference-workflow,1.0.0,1,document_0286.svg,2026-10-16_Acme-Labs_meeting-notes_REF-0286.svg,2026-10-16_meeting-notes_REF-0286.svg,1,0,3,503,0,Seeded modeled result; no desktop or web application executed.
true,false,fixture-0286,sim-reference-workflow,1.0.0,2,document_0286.svg,2026-10-16_Acme-Labs_meeting-notes_REF-0286.svg,2026-10-16_Acme-Labs_meeting-notes_REF-0286.svg,1,1,3,552,0,Seeded modeled result; no desktop or web application executed.
true,false,fixture-0286,sim-reference-workflow,1.0.0,3,document_0286.svg,2026-10-16_Acme-Labs_meeting-notes_REF-0286.svg,2026-10-16_Acme-Labs_meeting-notes_REF-0286.svg,1,1,3,497,0,Seeded modeled result; no desktop or web application executed.
true,false,fixture-0286,sim-cloud-baseline,1.0.0,1,document_0286.svg,2026-10-16_Acme-Labs_meeting-notes_REF-0286.svg,2026-10-16_Acme-Labs_meeting-notes_REF-0286.svg,1,1,3,896,0,Seeded modeled result; no desktop or web application executed.
true,false,fixture-0286,sim-cloud-baseline,1.0.0,2,document_0286.svg,2026-10-16_Acme-Labs_meeting-notes_REF-0286.svg,2026-10-16_Acme-Labs_meeting-notes_REF-0286.svg,1,1,3,918,0,Seeded modeled result; no desktop or web application executed.
true,false,fixture-0286,sim-cloud-baseline,1.0.0,3,document_0286.svg,2026-10-16_Acme-Labs_meeting-notes_REF-0286.svg,2026-10-16_meeting-notes_REF-0286.svg,1,0,1,628,0,Seeded modeled result; no desktop or web application executed.
true,false,fixture-0286,sim-local-baseline,1.0.0,1,document_0286.svg,2026-10-16_Acme-Labs_meeting-notes_REF-0286.svg,2026-10-16_Acme-Labs_meeting-notes_REF-0286.svg,1,1,3,1128,0,Seeded modeled result; no desktop or web application executed.
true,false,fixture-0286,sim-local-baseline,1.0.0,2,document_0286.svg,2026-10-16_Acme-Labs_meeting-notes_REF-0286.svg,2026-10-16_Acme-Labs_meeting-notes_REF-0286.svg,1,1,3,970,0,Seeded modeled result; no desktop or web application executed.
true,false,fixture-0286,sim-local-baseline,1.0.0,3,document_0286.svg,2026-10-16_Acme-Labs_meeting-notes_REF-0286.svg,2026-10-16_meeting-notes_REF-0286.svg,1,0,2,784,0,Seeded modeled result; no desktop or web application executed.
true,false,fixture-0286,sim-rule-baseline,1.0.0,1,document_0286.svg,2026-10-16_Acme-Labs_meeting-notes_REF-0286.svg,2026-10-16_meeting-notes_REF-0286.svg,1,0,2,83,0,Seeded modeled result; no desktop or web application executed.
true,false,fixture-0286,sim-rule-baseline,1.0.0,2,document_0286.svg,2026-10-16_Acme-Labs_meeting-notes_REF-0286.svg,2026-10-16_meeting-notes_REF-0286.svg,1,0,0,101,0,Seeded modeled result; no desktop or web application executed.
true,false,fixture-0286,sim-rule-baseline,1.0.0,3,document_0286.svg,2026-10-16_Acme-Labs_meeting-notes_REF-0286.svg,2026-10-16_meeting-notes_REF-0286.svg,1,0,2,68,0,Seeded modeled result; no desktop or web application executed.
true,false,fixture-0287,sim-reference-workflow,1.0.0,1,document_0287.txt,2026-11-17_Riverstone-Co_invoice_REF-0287.txt,2026-11-17_Riverstone-Co_invoice_REF-0287.txt,1,1,3,394,0,Seeded modeled result; no desktop or web application executed.
true,false,fixture-0287,sim-reference-workflow,1.0.0,2,document_0287.txt,2026-11-17_Riverstone-Co_invoice_REF-0287.txt,2026-11-17_Riverstone-Co_invoice_REF-0287.txt,1,1,3,580,0,Seeded modeled result; no desktop or web application executed.
true,false,fixture-0287,sim-reference-workflow,1.0.0,3,document_0287.txt,2026-11-17_Riverstone-Co_invoice_REF-0287.txt,2026-11-17_Riverstone-Co_invoice_REF-0287.txt,1,1,3,467,0,Seeded modeled result; no desktop or web application executed.
true,false,fixture-0287,sim-cloud-baseline,1.0.0,1,document_0287.txt,2026-11-17_Riverstone-Co_invoice_REF-0287.txt,2026-11-17_Riverstone-Co_invoice_REF-0287.txt,1,1,3,913,0,Seeded modeled result; no desktop or web application executed.
true,false,fixture-0287,sim-cloud-baseline,1.0.0,2,document_0287.txt,2026-11-17_Riverstone-Co_invoice_REF-0287.txt,2026-11-17_Riverstone-Co_invoice_REF-0287.txt,1,1,3,710,0,Seeded modeled result; no desktop or web application executed.
true,false,fixture-0287,sim-cloud-baseline,1.0.0,3,document_0287.txt,2026-11-17_Riverstone-Co_invoice_REF-0287.txt,2026-11-17_Riverstone-Co_invoice_REF-0287.txt,1,1,3,787,0,Seeded modeled result; no desktop or web application executed.
true,false,fixture-0287,sim-local-baseline,1.0.0,1,document_0287.txt,2026-11-17_Riverstone-Co_invoice_REF-0287.txt,2026-11-17_Riverstone-Co_invoice_REF-0287.txt,1,1,3,1071,0,Seeded modeled result; no desktop or web application executed.
true,false,fixture-0287,sim-local-baseline,1.0.0,2,document_0287.txt,2026-11-17_Riverstone-Co_invoice_REF-0287.txt,2026-11-17_Riverstone-Co_invoice_REF-0287.txt,1,1,3,973,0,Seeded modeled result; no desktop or web application executed.
true,false,fixture-0287,sim-local-baseline,1.0.0,3,document_0287.txt,2026-11-17_Riverstone-Co_invoice_REF-0287.txt,2026-11-17_Riverstone-Co_invoice_REF-0287.txt,1,1,3,824,0,Seeded modeled result; no desktop or web application executed.
true,false,fixture-0287,sim-rule-baseline,1.0.0,1,document_0287.txt,2026-11-17_Riverstone-Co_invoice_REF-0287.txt,2026-11-17_Riverstone-Co_invoice_REF-0287.txt,1,1,3,71,0,Seeded modeled result; no desktop or web application executed.
true,false,fixture-0287,sim-rule-baseline,1.0.0,2,document_0287.txt,2026-11-17_Riverstone-Co_invoice_REF-0287.txt,2026-11-17_invoice_REF-0287.txt,1,0,2,98,0,Seeded modeled result; no desktop or web application executed.
true,false,fixture-0287,sim-rule-baseline,1.0.0,3,document_0287.txt,2026-11-17_Riverstone-Co_invoice_REF-0287.txt,2026-11-17_invoice_REF-0287.txt,1,0,2,68,0,Seeded modeled result; no desktop or web application executed.
true,false,fixture-0288,sim-reference-workflow,1.0.0,1,document_0288.md,2026-12-18_Bluebird-Health_meeting-notes_REF-0288.md,2026-12-18_meeting-notes_REF-0288.md,1,0,2,410,0,Seeded modeled result; no desktop or web application executed.
true,false,fixture-0288,sim-reference-workflow,1.0.0,2,document_0288.md,2026-12-18_Bluebird-Health_meeting-notes_REF-0288.md,2026-12-18_meeting-notes_REF-0288.md,1,0,3,637,0,Seeded modeled result; no desktop or web application executed.
true,false,fixture-0288,sim-reference-workflow,1.0.0,3,document_0288.md,2026-12-18_Bluebird-Health_meeting-notes_REF-0288.md,2026-12-18_meeting-notes_REF-0288.md,1,0,1,390,0,Seeded modeled result; no desktop or web application executed.
true,false,fixture-0288,sim-cloud-baseline,1.0.0,1,document_0288.md,2026-12-18_Bluebird-Health_meeting-notes_REF-0288.md,2026-12-18_meeting-notes_REF-0288.md,1,0,2,678,0,Seeded modeled result; no desktop or web application executed.
true,false,fixture-0288,sim-cloud-baseline,1.0.0,2,document_0288.md,2026-12-18_Bluebird-Health_meeting-notes_REF-0288.md,2026-12-18_meeting-notes_REF-0288.md,1,0,3,558,0,Seeded modeled result; no desktop or web application executed.
true,false,fixture-0288,sim-cloud-baseline,1.0.0,3,document_0288.md,2026-12-18_Bluebird-Health_meeting-notes_REF-0288.md,2026-12-18_Bluebird-Health_meeting-notes_REF-0288.md,1,1,3,752,0,Seeded modeled result; no desktop or web application executed.
true,false,fixture-0288,sim-local-baseline,1.0.0,1,document_0288.md,2026-12-18_Bluebird-Health_meeting-notes_REF-0288.md,2026-12-18_meeting-notes_REF-0288.md,1,0,2,792,0,Seeded modeled result; no desktop or web application executed.
true,false,fixture-0288,sim-local-baseline,1.0.0,2,document_0288.md,2026-12-18_Bluebird-Health_meeting-notes_REF-0288.md,2026-12-18/meeting-notes:REF-0288.md,0,0,2,868,1,Seeded modeled result; no desktop or web application executed.
true,false,fixture-0288,sim-local-baseline,1.0.0,3,document_0288.md,2026-12-18_Bluebird-Health_meeting-notes_REF-0288.md,2026-12-18_meeting-notes_REF-0288.md,1,0,3,863,0,Seeded modeled result; no desktop or web application executed.
true,false,fixture-0288,sim-rule-baseline,1.0.0,1,document_0288.md,2026-12-18_Bluebird-Health_meeting-notes_REF-0288.md,2026-12-18_Bluebird-Health_meeting-notes_REF-0288.md,1,1,3,91,0,Seeded modeled result; no desktop or web application executed.
true,false,fixture-0288,sim-rule-baseline,1.0.0,2,document_0288.md,2026-12-18_Bluebird-Health_meeting-notes_REF-0288.md,2026-12-18_meeting-notes_REF-0288.md,1,0,1,104,0,Seeded modeled result; no desktop or web application executed.
true,false,fixture-0288,sim-rule-baseline,1.0.0,3,document_0288.md,2026-12-18_Bluebird-Health_meeting-notes_REF-0288.md,2026-12-18_Bluebird-Health_meeting-notes_REF-0288.md,1,1,3,86,0,Seeded modeled result; no desktop or web application executed.
true,false,fixture-0289,sim-reference-workflow,1.0.0,1,document_0289.csv,2026-01-19_Northstar-Studio_invoice_REF-0289.csv,2026-01-19_Northstar-Studio_invoice_REF-0289.csv,1,1,3,429,0,Seeded modeled result; no desktop or web application executed.
true,false,fixture-0289,sim-reference-workflow,1.0.0,2,document_0289.csv,2026-01-19_Northstar-Studio_invoice_REF-0289.csv,2026-01-19_Northstar-Studio_invoice_REF-0289.csv,1,1,3,516,0,Seeded modeled result; no desktop or web application executed.
true,false,fixture-0289,sim-reference-workflow,1.0.0,3,document_0289.csv,2026-01-19_Northstar-Studio_invoice_REF-0289.csv,2026-01-19_Northstar-Studio_invoice_REF-0289.csv,1,1,3,558,0,Seeded modeled result; no desktop or web application executed.
true,false,fixture-0289,sim-cloud-baseline,1.0.0,1,document_0289.csv,2026-01-19_Northstar-Studio_invoice_REF-0289.csv,2026-01-19_Northstar-Studio_invoice_REF-0289.csv,1,1,3,800,0,Seeded modeled result; no desktop or web application executed.
true,false,fixture-0289,sim-cloud-baseline,1.0.0,2,document_0289.csv,2026-01-19_Northstar-Studio_invoice_REF-0289.csv,2026-01-19_invoice_REF-0289.csv,1,0,3,807,0,Seeded modeled result; no desktop or web application executed.
true,false,fixture-0289,sim-cloud-baseline,1.0.0,3,document_0289.csv,2026-01-19_Northstar-Studio_invoice_REF-0289.csv,2026-01-19_Northstar-Studio_invoice_REF-0289.csv,1,1,3,904,0,Seeded modeled result; no desktop or web application executed.
true,false,fixture-0289,sim-local-baseline,1.0.0,1,document_0289.csv,2026-01-19_Northstar-Studio_invoice_REF-0289.csv,2026-01-19_Northstar-Studio_invoice_REF-0289.csv,1,1,3,862,0,Seeded modeled result; no desktop or web application executed.
true,false,fixture-0289,sim-local-baseline,1.0.0,2,document_0289.csv,2026-01-19_Northstar-Studio_invoice_REF-0289.csv,2026-01-19_Northstar-Studio_invoice_REF-0289.csv,1,1,3,1176,0,Seeded modeled result; no desktop or web application executed.
true,false,fixture-0289,sim-local-baseline,1.0.0,3,document_0289.csv,2026-01-19_Northstar-Studio_invoice_REF-0289.csv,2026-01-19_Northstar-Studio_invoice_REF-0289.csv,1,1,3,1072,0,Seeded modeled result; no desktop or web application executed.
true,false,fixture-0289,sim-rule-baseline,1.0.0,1,document_0289.csv,2026-01-19_Northstar-Studio_invoice_REF-0289.csv,2026-01-19_invoice_REF-0289.csv,1,0,2,94,0,Seeded modeled result; no desktop or web application executed.
true,false,fixture-0289,sim-rule-baseline,1.0.0,2,document_0289.csv,2026-01-19_Northstar-Studio_invoice_REF-0289.csv,2026-01-19_invoice_REF-0289.csv,1,0,2,91,0,Seeded modeled result; no desktop or web application executed.
true,false,fixture-0289,sim-rule-baseline,1.0.0,3,document_0289.csv,2026-01-19_Northstar-Studio_invoice_REF-0289.csv,2026-01-19_invoice_REF-0289.csv,1,0,1,104,0,Seeded modeled result; no desktop or web application executed.
true,false,fixture-0290,sim-reference-workflow,1.0.0,1,document_0290.json,2026-02-20_Pinecone-Works_meeting-notes_REF-0290.json,2026-02-20_meeting-notes_REF-0290.json,1,0,3,598,0,Seeded modeled result; no desktop or web application executed.
true,false,fixture-0290,sim-reference-workflow,1.0.0,2,document_0290.json,2026-02-20_Pinecone-Works_meeting-notes_REF-0290.json,2026-02-20_Pinecone-Works_meeting-notes_REF-0290.json,1,1,3,442,0,Seeded modeled result; no desktop or web application executed.
true,false,fixture-0290,sim-reference-workflow,1.0.0,3,document_0290.json,2026-02-20_Pinecone-Works_meeting-notes_REF-0290.json,2026-02-20_Pinecone-Works_meeting-notes_REF-0290.json,1,1,3,452,0,Seeded modeled result; no desktop or web application executed.
true,false,fixture-0290,sim-cloud-baseline,1.0.0,1,document_0290.json,2026-02-20_Pinecone-Works_meeting-notes_REF-0290.json,2026-02-20_Pinecone-Works_meeting-notes_REF-0290.json,1,1,3,750,0,Seeded modeled result; no desktop or web application executed.
true,false,fixture-0290,sim-cloud-baseline,1.0.0,2,document_0290.json,2026-02-20_Pinecone-Works_meeting-notes_REF-0290.json,2026-02-20_meeting-notes_REF-0290.json,1,0,2,696,0,Seeded modeled result; no desktop or web application executed.
true,false,fixture-0290,sim-cloud-baseline,1.0.0,3,document_0290.json,2026-02-20_Pinecone-Works_meeting-notes_REF-0290.json,2026-02-20_Pinecone-Works_meeting-notes_REF-0290.json,1,1,3,686,0,Seeded modeled result; no desktop or web application executed.
true,false,fixture-0290,sim-local-baseline,1.0.0,1,document_0290.json,2026-02-20_Pinecone-Works_meeting-notes_REF-0290.json,2026-02-20_Pinecone-Works_meeting-notes_REF-0290.json,1,1,3,1039,0,Seeded modeled result; no desktop or web application executed.
true,false,fixture-0290,sim-local-baseline,1.0.0,2,document_0290.json,2026-02-20_Pinecone-Works_meeting-notes_REF-0290.json,2026-02-20_meeting-notes_REF-0290.json,1,0,3,1217,0,Seeded modeled result; no desktop or web application executed.
true,false,fixture-0290,sim-local-baseline,1.0.0,3,document_0290.json,2026-02-20_Pinecone-Works_meeting-notes_REF-0290.json,2026-02-20_meeting-notes_REF-0290.json,1,0,2,1123,0,Seeded modeled result; no desktop or web application executed.
true,false,fixture-0290,sim-rule-baseline,1.0.0,1,document_0290.json,2026-02-20_Pinecone-Works_meeting-notes_REF-0290.json,2026-02-20_Pinecone-Works_meeting-notes_REF-0290.json,1,1,3,75,0,Seeded modeled result; no desktop or web application executed.
true,false,fixture-0290,sim-rule-baseline,1.0.0,2,document_0290.json,2026-02-20_Pinecone-Works_meeting-notes_REF-0290.json,2026-02-20_Pinecone-Works_meeting-notes_REF-0290.json,1,1,3,72,0,Seeded modeled result; no desktop or web application executed.
true,false,fixture-0290,sim-rule-baseline,1.0.0,3,document_0290.json,2026-02-20_Pinecone-Works_meeting-notes_REF-0290.json,2026-02-20_meeting-notes_REF-0290.json,1,0,0,81,0,Seeded modeled result; no desktop or web application executed.
true,false,fixture-0291,sim-reference-workflow,1.0.0,1,document_0291.xml,2026-03-21_Acme-Labs_invoice_REF-0291.xml,2026-03-21_Acme-Labs_invoice_REF-0291.xml,1,1,3,472,0,Seeded modeled result; no desktop or web application executed.
true,false,fixture-0291,sim-reference-workflow,1.0.0,2,document_0291.xml,2026-03-21_Acme-Labs_invoice_REF-0291.xml,2026-03-21_Acme-Labs_invoice_REF-0291.xml,1,1,3,576,0,Seeded modeled result; no desktop or web application executed.
true,false,fixture-0291,sim-reference-workflow,1.0.0,3,document_0291.xml,2026-03-21_Acme-Labs_invoice_REF-0291.xml,2026-03-21_Acme-Labs_invoice_REF-0291.xml,1,1,3,512,0,Seeded modeled result; no desktop or web application executed.
true,false,fixture-0291,sim-cloud-baseline,1.0.0,1,document_0291.xml,2026-03-21_Acme-Labs_invoice_REF-0291.xml,2026-03-21_Acme-Labs_invoice_REF-0291.xml,1,1,3,679,0,Seeded modeled result; no desktop or web application executed.
true,false,fixture-0291,sim-cloud-baseline,1.0.0,2,document_0291.xml,2026-03-21_Acme-Labs_invoice_REF-0291.xml,2026-03-21_Acme-Labs_invoice_REF-0291.xml,1,1,3,709,0,Seeded modeled result; no desktop or web application executed.
true,false,fixture-0291,sim-cloud-baseline,1.0.0,3,document_0291.xml,2026-03-21_Acme-Labs_invoice_REF-0291.xml,2026-03-21_Acme-Labs_invoice_REF-0291.xml,1,1,3,897,0,Seeded modeled result; no desktop or web application executed.
true,false,fixture-0291,sim-local-baseline,1.0.0,1,document_0291.xml,2026-03-21_Acme-Labs_invoice_REF-0291.xml,2026-03-21_Acme-Labs_invoice_REF-0291.xml,1,1,3,1211,0,Seeded modeled result; no desktop or web application executed.
true,false,fixture-0291,sim-local-baseline,1.0.0,2,document_0291.xml,2026-03-21_Acme-Labs_invoice_REF-0291.xml,2026-03-21_Acme-Labs_invoice_REF-0291.xml,1,1,3,896,0,Seeded modeled result; no desktop or web application executed.
true,false,fixture-0291,sim-local-baseline,1.0.0,3,document_0291.xml,2026-03-21_Acme-Labs_invoice_REF-0291.xml,2026-03-21_Acme-Labs_invoice_REF-0291.xml,1,1,3,941,0,Seeded modeled result; no desktop or web application executed.
true,false,fixture-0291,sim-rule-baseline,1.0.0,1,document_0291.xml,2026-03-21_Acme-Labs_invoice_REF-0291.xml,2026-03-21_invoice_REF-0291.xml,1,0,1,109,0,Seeded modeled result; no desktop or web application executed.
true,false,fixture-0291,sim-rule-baseline,1.0.0,2,document_0291.xml,2026-03-21_Acme-Labs_invoice_REF-0291.xml,2026-03-21_invoice_REF-0291.xml,1,0,1,98,0,Seeded modeled result; no desktop or web application executed.
true,false,fixture-0291,sim-rule-baseline,1.0.0,3,document_0291.xml,2026-03-21_Acme-Labs_invoice_REF-0291.xml,2026-03-21_invoice_REF-0291.xml,1,0,0,89,0,Seeded modeled result; no desktop or web application executed.
true,false,fixture-0292,sim-reference-workflow,1.0.0,1,document_0292.yaml,2026-04-22_Riverstone-Co_meeting-notes_REF-0292.yaml,2026-04-22_Riverstone-Co_meeting-notes_REF-0292.yaml,1,1,3,638,0,Seeded modeled result; no desktop or web application executed.
true,false,fixture-0292,sim-reference-workflow,1.0.0,2,document_0292.yaml,2026-04-22_Riverstone-Co_meeting-notes_REF-0292.yaml,2026-04-22_Riverstone-Co_meeting-notes_REF-0292.yaml,1,1,3,630,0,Seeded modeled result; no desktop or web application executed.
true,false,fixture-0292,sim-reference-workflow,1.0.0,3,document_0292.yaml,2026-04-22_Riverstone-Co_meeting-notes_REF-0292.yaml,2026-04-22_Riverstone-Co_meeting-notes_REF-0292.yaml,1,1,3,544,0,Seeded modeled result; no desktop or web application executed.
true,false,fixture-0292,sim-cloud-baseline,1.0.0,1,document_0292.yaml,2026-04-22_Riverstone-Co_meeting-notes_REF-0292.yaml,2026-04-22_meeting-notes_REF-0292.yaml,1,0,3,720,0,Seeded modeled result; no desktop or web application executed.
true,false,fixture-0292,sim-cloud-baseline,1.0.0,2,document_0292.yaml,2026-04-22_Riverstone-Co_meeting-notes_REF-0292.yaml,2026-04-22_Riverstone-Co_meeting-notes_REF-0292.yaml,0,1,3,819,0,Seeded modeled result; no desktop or web application executed.
true,false,fixture-0292,sim-cloud-baseline,1.0.0,3,document_0292.yaml,2026-04-22_Riverstone-Co_meeting-notes_REF-0292.yaml,2026-04-22_Riverstone-Co_meeting-notes_REF-0292.yaml,1,1,3,869,0,Seeded modeled result; no desktop or web application executed.
true,false,fixture-0292,sim-local-baseline,1.0.0,1,document_0292.yaml,2026-04-22_Riverstone-Co_meeting-notes_REF-0292.yaml,2026-04-22_Riverstone-Co_meeting-notes_REF-0292.yaml,1,1,3,815,0,Seeded modeled result; no desktop or web application executed.
true,false,fixture-0292,sim-local-baseline,1.0.0,2,document_0292.yaml,2026-04-22_Riverstone-Co_meeting-notes_REF-0292.yaml,2026-04-22_meeting-notes_REF-0292.yaml,1,0,1,1125,0,Seeded modeled result; no desktop or web application executed.
true,false,fixture-0292,sim-local-baseline,1.0.0,3,document_0292.yaml,2026-04-22_Riverstone-Co_meeting-notes_REF-0292.yaml,2026-04-22_Riverstone-Co_meeting-notes_REF-0292.yaml,1,1,3,814,0,Seeded modeled result; no desktop or web application executed.
true,false,fixture-0292,sim-rule-baseline,1.0.0,1,document_0292.yaml,2026-04-22_Riverstone-Co_meeting-notes_REF-0292.yaml,2026-04-22_meeting-notes_REF-0292.yaml,1,0,1,95,0,Seeded modeled result; no desktop or web application executed.
true,false,fixture-0292,sim-rule-baseline,1.0.0,2,document_0292.yaml,2026-04-22_Riverstone-Co_meeting-notes_REF-0292.yaml,2026-04-22_meeting-notes_REF-0292.yaml,1,0,1,68,0,Seeded modeled result; no desktop or web application executed.
true,false,fixture-0292,sim-rule-baseline,1.0.0,3,document_0292.yaml,2026-04-22_Riverstone-Co_meeting-notes_REF-0292.yaml,2026-04-22_meeting-notes_REF-0292.yaml,1,0,2,69,0,Seeded modeled result; no desktop or web application executed.
true,false,fixture-0293,sim-reference-workflow,1.0.0,1,document_0293.html,2026-05-23_Bluebird-Health_invoice_REF-0293.html,2026-05-23_Bluebird-Health_invoice_REF-0293.html,1,1,3,587,0,Seeded modeled result; no desktop or web application executed.
true,false,fixture-0293,sim-reference-workflow,1.0.0,2,document_0293.html,2026-05-23_Bluebird-Health_invoice_REF-0293.html,2026-05-23_Bluebird-Health_invoice_REF-0293.html,1,1,3,626,0,Seeded modeled result; no desktop or web application executed.
true,false,fixture-0293,sim-reference-workflow,1.0.0,3,document_0293.html,2026-05-23_Bluebird-Health_invoice_REF-0293.html,2026-05-23_invoice_REF-0293.html,1,0,3,524,0,Seeded modeled result; no desktop or web application executed.
true,false,fixture-0293,sim-cloud-baseline,1.0.0,1,document_0293.html,2026-05-23_Bluebird-Health_invoice_REF-0293.html,2026-05-23_Bluebird-Health_invoice_REF-0293.html,1,1,3,589,0,Seeded modeled result; no desktop or web application executed.
true,false,fixture-0293,sim-cloud-baseline,1.0.0,2,document_0293.html,2026-05-23_Bluebird-Health_invoice_REF-0293.html,2026-05-23_invoice_REF-0293.html,1,0,3,697,0,Seeded modeled result; no desktop or web application executed.
true,false,fixture-0293,sim-cloud-baseline,1.0.0,3,document_0293.html,2026-05-23_Bluebird-Health_invoice_REF-0293.html,2026-05-23_Bluebird-Health_invoice_REF-0293.html,1,1,3,671,0,Seeded modeled result; no desktop or web application executed.
true,false,fixture-0293,sim-local-baseline,1.0.0,1,document_0293.html,2026-05-23_Bluebird-Health_invoice_REF-0293.html,2026-05-23_Bluebird-Health_invoice_REF-0293.html,1,1,3,1069,0,Seeded modeled result; no desktop or web application executed.
true,false,fixture-0293,sim-local-baseline,1.0.0,2,document_0293.html,2026-05-23_Bluebird-Health_invoice_REF-0293.html,2026-05-23_invoice_REF-0293.html,1,0,2,980,0,Seeded modeled result; no desktop or web application executed.
true,false,fixture-0293,sim-local-baseline,1.0.0,3,document_0293.html,2026-05-23_Bluebird-Health_invoice_REF-0293.html,2026-05-23_invoice_REF-0293.html,1,0,0,997,0,Seeded modeled result; no desktop or web application executed.
true,false,fixture-0293,sim-rule-baseline,1.0.0,1,document_0293.html,2026-05-23_Bluebird-Health_invoice_REF-0293.html,2026-05-23_invoice_REF-0293.html,1,0,1,106,0,Seeded modeled result; no desktop or web application executed.
true,false,fixture-0293,sim-rule-baseline,1.0.0,2,document_0293.html,2026-05-23_Bluebird-Health_invoice_REF-0293.html,2026-05-23_Bluebird-Health_invoice_REF-0293.html,1,1,3,88,0,Seeded modeled result; no desktop or web application executed.
true,false,fixture-0293,sim-rule-baseline,1.0.0,3,document_0293.html,2026-05-23_Bluebird-Health_invoice_REF-0293.html,2026-05-23_invoice_REF-0293.html,1,0,0,76,0,Seeded modeled result; no desktop or web application executed.
true,false,fixture-0294,sim-reference-workflow,1.0.0,1,document_0294.eml,2026-06-24_Northstar-Studio_meeting-notes_REF-0294.eml,2026-06-24_Northstar-Studio_meeting-notes_REF-0294.eml,1,1,3,566,0,Seeded modeled result; no desktop or web application executed.
true,false,fixture-0294,sim-reference-workflow,1.0.0,2,document_0294.eml,2026-06-24_Northstar-Studio_meeting-notes_REF-0294.eml,2026-06-24_Northstar-Studio_meeting-notes_REF-0294.eml,1,1,3,586,0,Seeded modeled result; no desktop or web application executed.
true,false,fixture-0294,sim-reference-workflow,1.0.0,3,document_0294.eml,2026-06-24_Northstar-Studio_meeting-notes_REF-0294.eml,2026-06-24_Northstar-Studio_meeting-notes_REF-0294.eml,1,1,3,543,0,Seeded modeled result; no desktop or web application executed.
true,false,fixture-0294,sim-cloud-baseline,1.0.0,1,document_0294.eml,2026-06-24_Northstar-Studio_meeting-notes_REF-0294.eml,2026-06-24_Northstar-Studio_meeting-notes_REF-0294.eml,1,1,3,696,0,Seeded modeled result; no desktop or web application executed.
true,false,fixture-0294,sim-cloud-baseline,1.0.0,2,document_0294.eml,2026-06-24_Northstar-Studio_meeting-notes_REF-0294.eml,2026-06-24_meeting-notes_REF-0294.eml,1,0,3,620,0,Seeded modeled result; no desktop or web application executed.
true,false,fixture-0294,sim-cloud-baseline,1.0.0,3,document_0294.eml,2026-06-24_Northstar-Studio_meeting-notes_REF-0294.eml,2026-06-24_Northstar-Studio_meeting-notes_REF-0294.eml,1,1,3,780,0,Seeded modeled result; no desktop or web application executed.
true,false,fixture-0294,sim-local-baseline,1.0.0,1,document_0294.eml,2026-06-24_Northstar-Studio_meeting-notes_REF-0294.eml,2026-06-24_Northstar-Studio_meeting-notes_REF-0294.eml,1,1,3,742,0,Seeded modeled result; no desktop or web application executed.
true,false,fixture-0294,sim-local-baseline,1.0.0,2,document_0294.eml,2026-06-24_Northstar-Studio_meeting-notes_REF-0294.eml,2026-06-24_Northstar-Studio_meeting-notes_REF-0294.eml,1,1,3,1137,0,Seeded modeled result; no desktop or web application executed.
true,false,fixture-0294,sim-local-baseline,1.0.0,3,document_0294.eml,2026-06-24_Northstar-Studio_meeting-notes_REF-0294.eml,2026-06-24_Northstar-Studio_meeting-notes_REF-0294.eml,1,1,3,1192,0,Seeded modeled result; no desktop or web application executed.
true,false,fixture-0294,sim-rule-baseline,1.0.0,1,document_0294.eml,2026-06-24_Northstar-Studio_meeting-notes_REF-0294.eml,2026-06-24_meeting-notes_REF-0294.eml,1,0,1,89,0,Seeded modeled result; no desktop or web application executed.
true,false,fixture-0294,sim-rule-baseline,1.0.0,2,document_0294.eml,2026-06-24_Northstar-Studio_meeting-notes_REF-0294.eml,2026-06-24_meeting-notes_REF-0294.eml,1,0,2,108,0,Seeded modeled result; no desktop or web application executed.
true,false,fixture-0294,sim-rule-baseline,1.0.0,3,document_0294.eml,2026-06-24_Northstar-Studio_meeting-notes_REF-0294.eml,2026-06-24_meeting-notes_REF-0294.eml,1,0,0,94,0,Seeded modeled result; no desktop or web application executed.
true,false,fixture-0295,sim-reference-workflow,1.0.0,1,document_0295.srt,2026-07-25_Pinecone-Works_invoice_REF-0295.srt,2026-07-25_Pinecone-Works_invoice_REF-0295.srt,1,1,3,530,0,Seeded modeled result; no desktop or web application executed.
true,false,fixture-0295,sim-reference-workflow,1.0.0,2,document_0295.srt,2026-07-25_Pinecone-Works_invoice_REF-0295.srt,2026-07-25_Pinecone-Works_invoice_REF-0295.srt,1,1,3,565,0,Seeded modeled result; no desktop or web application executed.
true,false,fixture-0295,sim-reference-workflow,1.0.0,3,document_0295.srt,2026-07-25_Pinecone-Works_invoice_REF-0295.srt,2026-07-25_Pinecone-Works_invoice_REF-0295.srt,1,1,3,539,0,Seeded modeled result; no desktop or web application executed.
true,false,fixture-0295,sim-cloud-baseline,1.0.0,1,document_0295.srt,2026-07-25_Pinecone-Works_invoice_REF-0295.srt,2026-07-25_Pinecone-Works_invoice_REF-0295.srt,1,1,3,635,0,Seeded modeled result; no desktop or web application executed.
true,false,fixture-0295,sim-cloud-baseline,1.0.0,2,document_0295.srt,2026-07-25_Pinecone-Works_invoice_REF-0295.srt,2026-07-25_invoice_REF-0295.srt,1,0,3,870,0,Seeded modeled result; no desktop or web application executed.
true,false,fixture-0295,sim-cloud-baseline,1.0.0,3,document_0295.srt,2026-07-25_Pinecone-Works_invoice_REF-0295.srt,2026-07-25_Pinecone-Works_invoice_REF-0295.srt,1,1,3,870,0,Seeded modeled result; no desktop or web application executed.
true,false,fixture-0295,sim-local-baseline,1.0.0,1,document_0295.srt,2026-07-25_Pinecone-Works_invoice_REF-0295.srt,2026-07-25_Pinecone-Works_invoice_REF-0295.srt,1,1,3,1122,0,Seeded modeled result; no desktop or web application executed.
true,false,fixture-0295,sim-local-baseline,1.0.0,2,document_0295.srt,2026-07-25_Pinecone-Works_invoice_REF-0295.srt,2026-07-25_Pinecone-Works_invoice_REF-0295.srt,1,1,3,765,0,Seeded modeled result; no desktop or web application executed.
true,false,fixture-0295,sim-local-baseline,1.0.0,3,document_0295.srt,2026-07-25_Pinecone-Works_invoice_REF-0295.srt,2026-07-25_Pinecone-Works_invoice_REF-0295.srt,1,1,3,969,0,Seeded modeled result; no desktop or web application executed.
true,false,fixture-0295,sim-rule-baseline,1.0.0,1,document_0295.srt,2026-07-25_Pinecone-Works_invoice_REF-0295.srt,2026-07-25_invoice_REF-0295.srt,1,0,2,75,0,Seeded modeled result; no desktop or web application executed.
true,false,fixture-0295,sim-rule-baseline,1.0.0,2,document_0295.srt,2026-07-25_Pinecone-Works_invoice_REF-0295.srt,2026-07-25_invoice_REF-0295.srt,1,0,2,112,0,Seeded modeled result; no desktop or web application executed.
true,false,fixture-0295,sim-rule-baseline,1.0.0,3,document_0295.srt,2026-07-25_Pinecone-Works_invoice_REF-0295.srt,2026-07-25_invoice_REF-0295.srt,1,0,2,96,0,Seeded modeled result; no desktop or web application executed.
true,false,fixture-0296,sim-reference-workflow,1.0.0,1,document_0296.vtt,2026-08-26_Acme-Labs_meeting-notes_REF-0296.vtt,2026-08-26_Acme-Labs_meeting-notes_REF-0296.vtt,1,1,3,614,0,Seeded modeled result; no desktop or web application executed.
true,false,fixture-0296,sim-reference-workflow,1.0.0,2,document_0296.vtt,2026-08-26_Acme-Labs_meeting-notes_REF-0296.vtt,2026-08-26_Acme-Labs_meeting-notes_REF-0296.vtt,1,1,3,421,0,Seeded modeled result; no desktop or web application executed.
true,false,fixture-0296,sim-reference-workflow,1.0.0,3,document_0296.vtt,2026-08-26_Acme-Labs_meeting-notes_REF-0296.vtt,2026-08-26_meeting-notes_REF-0296.vtt,1,0,3,509,0,Seeded modeled result; no desktop or web application executed.
true,false,fixture-0296,sim-cloud-baseline,1.0.0,1,document_0296.vtt,2026-08-26_Acme-Labs_meeting-notes_REF-0296.vtt,2026-08-26_Acme-Labs_meeting-notes_REF-0296.vtt,1,1,3,801,0,Seeded modeled result; no desktop or web application executed.
true,false,fixture-0296,sim-cloud-baseline,1.0.0,2,document_0296.vtt,2026-08-26_Acme-Labs_meeting-notes_REF-0296.vtt,2026-08-26_Acme-Labs_meeting-notes_REF-0296.vtt,1,1,3,735,0,Seeded modeled result; no desktop or web application executed.
true,false,fixture-0296,sim-cloud-baseline,1.0.0,3,document_0296.vtt,2026-08-26_Acme-Labs_meeting-notes_REF-0296.vtt,2026-08-26_Acme-Labs_meeting-notes_REF-0296.vtt,1,1,3,882,0,Seeded modeled result; no desktop or web application executed.
true,false,fixture-0296,sim-local-baseline,1.0.0,1,document_0296.vtt,2026-08-26_Acme-Labs_meeting-notes_REF-0296.vtt,2026-08-26_Acme-Labs_meeting-notes_REF-0296.vtt,1,1,3,1199,0,Seeded modeled result; no desktop or web application executed.
true,false,fixture-0296,sim-local-baseline,1.0.0,2,document_0296.vtt,2026-08-26_Acme-Labs_meeting-notes_REF-0296.vtt,2026-08-26_meeting-notes_REF-0296.vtt,1,0,3,1149,0,Seeded modeled result; no desktop or web application executed.
true,false,fixture-0296,sim-local-baseline,1.0.0,3,document_0296.vtt,2026-08-26_Acme-Labs_meeting-notes_REF-0296.vtt,2026-08-26_Acme-Labs_meeting-notes_REF-0296.vtt,1,1,3,956,0,Seeded modeled result; no desktop or web application executed.
true,false,fixture-0296,sim-rule-baseline,1.0.0,1,document_0296.vtt,2026-08-26_Acme-Labs_meeting-notes_REF-0296.vtt,2026-08-26_meeting-notes_REF-0296.vtt,1,0,0,80,0,Seeded modeled result; no desktop or web application executed.
true,false,fixture-0296,sim-rule-baseline,1.0.0,2,document_0296.vtt,2026-08-26_Acme-Labs_meeting-notes_REF-0296.vtt,2026-08-26_meeting-notes_REF-0296.vtt,1,0,0,96,0,Seeded modeled result; no desktop or web application executed.
true,false,fixture-0296,sim-rule-baseline,1.0.0,3,document_0296.vtt,2026-08-26_Acme-Labs_meeting-notes_REF-0296.vtt,2026-08-26_meeting-notes_REF-0296.vtt,1,0,2,100,0,Seeded modeled result; no desktop or web application executed.
true,false,fixture-0297,sim-reference-workflow,1.0.0,1,document_0297.svg,2026-09-27_Riverstone-Co_invoice_REF-0297.svg,2026-09-27_Riverstone-Co_invoice_REF-0297.svg,1,1,3,411,0,Seeded modeled result; no desktop or web application executed.
true,false,fixture-0297,sim-reference-workflow,1.0.0,2,document_0297.svg,2026-09-27_Riverstone-Co_invoice_REF-0297.svg,2026-09-27_Riverstone-Co_invoice_REF-0297.svg,1,1,3,643,0,Seeded modeled result; no desktop or web application executed.
true,false,fixture-0297,sim-reference-workflow,1.0.0,3,document_0297.svg,2026-09-27_Riverstone-Co_invoice_REF-0297.svg,2026-09-27_Riverstone-Co_invoice_REF-0297.svg,1,1,3,454,0,Seeded modeled result; no desktop or web application executed.
true,false,fixture-0297,sim-cloud-baseline,1.0.0,1,document_0297.svg,2026-09-27_Riverstone-Co_invoice_REF-0297.svg,2026-09-27_Riverstone-Co_invoice_REF-0297.svg,1,1,3,894,0,Seeded modeled result; no desktop or web application executed.
true,false,fixture-0297,sim-cloud-baseline,1.0.0,2,document_0297.svg,2026-09-27_Riverstone-Co_invoice_REF-0297.svg,2026-09-27_Riverstone-Co_invoice_REF-0297.svg,1,1,3,782,0,Seeded modeled result; no desktop or web application executed.
true,false,fixture-0297,sim-cloud-baseline,1.0.0,3,document_0297.svg,2026-09-27_Riverstone-Co_invoice_REF-0297.svg,2026-09-27_Riverstone-Co_invoice_REF-0297.svg,1,1,3,602,0,Seeded modeled result; no desktop or web application executed.
true,false,fixture-0297,sim-local-baseline,1.0.0,1,document_0297.svg,2026-09-27_Riverstone-Co_invoice_REF-0297.svg,2026-09-27/invoice:REF-0297.svg,0,0,3,878,1,Seeded modeled result; no desktop or web application executed.
true,false,fixture-0297,sim-local-baseline,1.0.0,2,document_0297.svg,2026-09-27_Riverstone-Co_invoice_REF-0297.svg,2026-09-27_Riverstone-Co_invoice_REF-0297.svg,1,1,3,1040,0,Seeded modeled result; no desktop or web application executed.
true,false,fixture-0297,sim-local-baseline,1.0.0,3,document_0297.svg,2026-09-27_Riverstone-Co_invoice_REF-0297.svg,2026-09-27_Riverstone-Co_invoice_REF-0297.svg,1,1,3,1186,0,Seeded modeled result; no desktop or web application executed.
true,false,fixture-0297,sim-rule-baseline,1.0.0,1,document_0297.svg,2026-09-27_Riverstone-Co_invoice_REF-0297.svg,2026-09-27_invoice_REF-0297.svg,1,0,0,93,0,Seeded modeled result; no desktop or web application executed.
true,false,fixture-0297,sim-rule-baseline,1.0.0,2,document_0297.svg,2026-09-27_Riverstone-Co_invoice_REF-0297.svg,2026-09-27_invoice_REF-0297.svg,1,0,0,70,0,Seeded modeled result; no desktop or web application executed.
true,false,fixture-0297,sim-rule-baseline,1.0.0,3,document_0297.svg,2026-09-27_Riverstone-Co_invoice_REF-0297.svg,2026-09-27_Riverstone-Co_invoice_REF-0297.svg,1,1,3,86,0,Seeded modeled result; no desktop or web application executed.
true,false,fixture-0298,sim-reference-workflow,1.0.0,1,document_0298.txt,2026-10-01_Bluebird-Health_meeting-notes_REF-0298.txt,2026-10-01_Bluebird-Health_meeting-notes_REF-0298.txt,1,1,3,623,0,Seeded modeled result; no desktop or web application executed.
true,false,fixture-0298,sim-reference-workflow,1.0.0,2,document_0298.txt,2026-10-01_Bluebird-Health_meeting-notes_REF-0298.txt,2026-10-01_Bluebird-Health_meeting-notes_REF-0298.txt,1,1,3,488,0,Seeded modeled result; no desktop or web application executed.
true,false,fixture-0298,sim-reference-workflow,1.0.0,3,document_0298.txt,2026-10-01_Bluebird-Health_meeting-notes_REF-0298.txt,2026-10-01_Bluebird-Health_meeting-notes_REF-0298.txt,1,1,3,479,0,Seeded modeled result; no desktop or web application executed.
true,false,fixture-0298,sim-cloud-baseline,1.0.0,1,document_0298.txt,2026-10-01_Bluebird-Health_meeting-notes_REF-0298.txt,2026-10-01_Bluebird-Health_meeting-notes_REF-0298.txt,1,1,3,669,0,Seeded modeled result; no desktop or web application executed.
true,false,fixture-0298,sim-cloud-baseline,1.0.0,2,document_0298.txt,2026-10-01_Bluebird-Health_meeting-notes_REF-0298.txt,2026-10-01_Bluebird-Health_meeting-notes_REF-0298.txt,1,1,3,562,0,Seeded modeled result; no desktop or web application executed.
true,false,fixture-0298,sim-cloud-baseline,1.0.0,3,document_0298.txt,2026-10-01_Bluebird-Health_meeting-notes_REF-0298.txt,2026-10-01_Bluebird-Health_meeting-notes_REF-0298.txt,1,1,3,740,0,Seeded modeled result; no desktop or web application executed.
true,false,fixture-0298,sim-local-baseline,1.0.0,1,document_0298.txt,2026-10-01_Bluebird-Health_meeting-notes_REF-0298.txt,2026-10-01_meeting-notes_REF-0298.txt,1,0,2,826,0,Seeded modeled result; no desktop or web application executed.
true,false,fixture-0298,sim-local-baseline,1.0.0,2,document_0298.txt,2026-10-01_Bluebird-Health_meeting-notes_REF-0298.txt,2026-10-01_meeting-notes_REF-0298.txt,1,0,3,1136,0,Seeded modeled result; no desktop or web application executed.
true,false,fixture-0298,sim-local-baseline,1.0.0,3,document_0298.txt,2026-10-01_Bluebird-Health_meeting-notes_REF-0298.txt,2026-10-01_Bluebird-Health_meeting-notes_REF-0298.txt,1,1,3,810,0,Seeded modeled result; no desktop or web application executed.
true,false,fixture-0298,sim-rule-baseline,1.0.0,1,document_0298.txt,2026-10-01_Bluebird-Health_meeting-notes_REF-0298.txt,2026-10-01_meeting-notes_REF-0298.txt,1,0,2,104,0,Seeded modeled result; no desktop or web application executed.
true,false,fixture-0298,sim-rule-baseline,1.0.0,2,document_0298.txt,2026-10-01_Bluebird-Health_meeting-notes_REF-0298.txt,2026-10-01_meeting-notes_REF-0298.txt,1,0,1,68,0,Seeded modeled result; no desktop or web application executed.
true,false,fixture-0298,sim-rule-baseline,1.0.0,3,document_0298.txt,2026-10-01_Bluebird-Health_meeting-notes_REF-0298.txt,2026-10-01_meeting-notes_REF-0298.txt,1,0,1,86,0,Seeded modeled result; no desktop or web application executed.
true,false,fixture-0299,sim-reference-workflow,1.0.0,1,document_0299.md,2026-11-02_Northstar-Studio_invoice_REF-0299.md,2026-11-02_Northstar-Studio_invoice_REF-0299.md,1,1,3,576,0,Seeded modeled result; no desktop or web application executed.
true,false,fixture-0299,sim-reference-workflow,1.0.0,2,document_0299.md,2026-11-02_Northstar-Studio_invoice_REF-0299.md,2026-11-02_Northstar-Studio_invoice_REF-0299.md,1,1,3,616,0,Seeded modeled result; no desktop or web application executed.
true,false,fixture-0299,sim-reference-workflow,1.0.0,3,document_0299.md,2026-11-02_Northstar-Studio_invoice_REF-0299.md,2026-11-02_Northstar-Studio_invoice_REF-0299.md,1,1,3,630,0,Seeded modeled result; no desktop or web application executed.
true,false,fixture-0299,sim-cloud-baseline,1.0.0,1,document_0299.md,2026-11-02_Northstar-Studio_invoice_REF-0299.md,2026-11-02_Northstar-Studio_invoice_REF-0299.md,1,1,3,875,0,Seeded modeled result; no desktop or web application executed.
true,false,fixture-0299,sim-cloud-baseline,1.0.0,2,document_0299.md,2026-11-02_Northstar-Studio_invoice_REF-0299.md,2026-11-02_Northstar-Studio_invoice_REF-0299.md,1,1,3,921,0,Seeded modeled result; no desktop or web application executed.
true,false,fixture-0299,sim-cloud-baseline,1.0.0,3,document_0299.md,2026-11-02_Northstar-Studio_invoice_REF-0299.md,2026-11-02_Northstar-Studio_invoice_REF-0299.md,1,1,3,777,0,Seeded modeled result; no desktop or web application executed.
true,false,fixture-0299,sim-local-baseline,1.0.0,1,document_0299.md,2026-11-02_Northstar-Studio_invoice_REF-0299.md,2026-11-02_invoice_REF-0299.md,1,0,3,762,0,Seeded modeled result; no desktop or web application executed.
true,false,fixture-0299,sim-local-baseline,1.0.0,2,document_0299.md,2026-11-02_Northstar-Studio_invoice_REF-0299.md,2026-11-02_Northstar-Studio_invoice_REF-0299.md,1,1,3,1130,0,Seeded modeled result; no desktop or web application executed.
true,false,fixture-0299,sim-local-baseline,1.0.0,3,document_0299.md,2026-11-02_Northstar-Studio_invoice_REF-0299.md,2026-11-02_Northstar-Studio_invoice_REF-0299.md,1,1,3,1012,0,Seeded modeled result; no desktop or web application executed.
true,false,fixture-0299,sim-rule-baseline,1.0.0,1,document_0299.md,2026-11-02_Northstar-Studio_invoice_REF-0299.md,2026-11-02_Northstar-Studio_invoice_REF-0299.md,1,1,3,110,0,Seeded modeled result; no desktop or web application executed.
true,false,fixture-0299,sim-rule-baseline,1.0.0,2,document_0299.md,2026-11-02_Northstar-Studio_invoice_REF-0299.md,2026-11-02_Northstar-Studio_invoice_REF-0299.md,1,1,3,107,0,Seeded modeled result; no desktop or web application executed.
true,false,fixture-0299,sim-rule-baseline,1.0.0,3,document_0299.md,2026-11-02_Northstar-Studio_invoice_REF-0299.md,2026-11-02_invoice_REF-0299.md,1,0,2,98,0,Seeded modeled result; no desktop or web application executed.
true,false,fixture-0300,sim-reference-workflow,1.0.0,1,document_0300.csv,2026-12-03_Pinecone-Works_meeting-notes_REF-0300.csv,2026-12-03_Pinecone-Works_meeting-notes_REF-0300.csv,1,1,3,534,0,Seeded modeled result; no desktop or web application executed.
true,false,fixture-0300,sim-reference-workflow,1.0.0,2,document_0300.csv,2026-12-03_Pinecone-Works_meeting-notes_REF-0300.csv,2026-12-03_Pinecone-Works_meeting-notes_REF-0300.csv,1,1,3,431,0,Seeded modeled result; no desktop or web application executed.
true,false,fixture-0300,sim-reference-workflow,1.0.0,3,document_0300.csv,2026-12-03_Pinecone-Works_meeting-notes_REF-0300.csv,2026-12-03_Pinecone-Works_meeting-notes_REF-0300.csv,1,1,3,590,0,Seeded modeled result; no desktop or web application executed.
true,false,fixture-0300,sim-cloud-baseline,1.0.0,1,document_0300.csv,2026-12-03_Pinecone-Works_meeting-notes_REF-0300.csv,2026-12-03_Pinecone-Works_meeting-notes_REF-0300.csv,1,1,3,569,0,Seeded modeled result; no desktop or web application executed.
true,false,fixture-0300,sim-cloud-baseline,1.0.0,2,document_0300.csv,2026-12-03_Pinecone-Works_meeting-notes_REF-0300.csv,2026-12-03_Pinecone-Works_meeting-notes_REF-0300.csv,1,1,3,768,0,Seeded modeled result; no desktop or web application executed.
true,false,fixture-0300,sim-cloud-baseline,1.0.0,3,document_0300.csv,2026-12-03_Pinecone-Works_meeting-notes_REF-0300.csv,2026-12-03_Pinecone-Works_meeting-notes_REF-0300.csv,1,1,3,681,0,Seeded modeled result; no desktop or web application executed.
true,false,fixture-0300,sim-local-baseline,1.0.0,1,document_0300.csv,2026-12-03_Pinecone-Works_meeting-notes_REF-0300.csv,2026-12-03_Pinecone-Works_meeting-notes_REF-0300.csv,1,1,3,1182,0,Seeded modeled result; no desktop or web application executed.
true,false,fixture-0300,sim-local-baseline,1.0.0,2,document_0300.csv,2026-12-03_Pinecone-Works_meeting-notes_REF-0300.csv,2026-12-03_Pinecone-Works_meeting-notes_REF-0300.csv,1,1,3,973,0,Seeded modeled result; no desktop or web application executed.
true,false,fixture-0300,sim-local-baseline,1.0.0,3,document_0300.csv,2026-12-03_Pinecone-Works_meeting-notes_REF-0300.csv,2026-12-03_meeting-notes_REF-0300.csv,1,0,2,1050,0,Seeded modeled result; no desktop or web application executed.
true,false,fixture-0300,sim-rule-baseline,1.0.0,1,document_0300.csv,2026-12-03_Pinecone-Works_meeting-notes_REF-0300.csv,2026-12-03_meeting-notes_REF-0300.csv,1,0,2,97,0,Seeded modeled result; no desktop or web application executed.
true,false,fixture-0300,sim-rule-baseline,1.0.0,2,document_0300.csv,2026-12-03_Pinecone-Works_meeting-notes_REF-0300.csv,2026-12-03_meeting-notes_REF-0300.csv,1,0,0,112,0,Seeded modeled result; no desktop or web application executed.
true,false,fixture-0300,sim-rule-baseline,1.0.0,3,document_0300.csv,2026-12-03_Pinecone-Works_meeting-notes_REF-0300.csv,2026-12-03_meeting-notes_REF-0300.csv,1,0,0,109,0,Seeded modeled result; no desktop or web application executed.
